activity_id,lead_id,type,activity_date
A000001,L00002,pricing_page_visit,2025-12-24
A000002,L00002,call,2025-09-30
A000003,L00002,pricing_page_visit,2025-11-06
A000004,L00002,email_open,2026-07-29
A000005,L00003,email_open,2026-02-02
A000006,L00003,email_open,2025-12-22
A000007,L00003,email_open,2025-11-07
A000008,L00003,email_open,2026-08-15
A000009,L00003,email_open,2026-04-14
A000010,L00004,pricing_page_visit,2026-08-12
A000011,L00004,pricing_page_visit,2025-11-03
A000012,L00004,email_open,2025-12-18
A000013,L00005,email_open,2025-11-06
A000014,L00005,email_open,2026-04-16
A000015,L00005,call,2026-02-18
A000016,L00005,pricing_page_visit,2026-02-21
A000017,L00006,email_click,2026-02-10
A000018,L00006,demo_request,2026-01-07
A000019,L00006,pricing_page_visit,2026-03-10
A000020,L00006,email_open,2026-03-10
A000021,L00007,email_open,2026-03-11
A000022,L00007,email_click,2025-10-03
A000023,L00007,email_click,2026-03-19
A000024,L00007,demo_request,2025-11-25
A000025,L00008,email_open,2026-06-08
A000026,L00010,pricing_page_visit,2026-06-18
A000027,L00011,pricing_page_visit,2025-11-27
A000028,L00011,email_open,2025-09-29
A000029,L00011,meeting,2026-04-11
A000030,L00011,email_open,2025-10-18
A000031,L00011,email_open,2026-05-22
A000032,L00012,email_open,2025-12-16
A000033,L00012,email_open,2026-08-23
A000034,L00013,email_open,2026-02-14
A000035,L00014,call,2025-11-11
A000036,L00014,email_click,2025-11-19
A000037,L00014,email_open,2025-10-13
A000038,L00014,email_open,2026-04-14
A000039,L00015,email_open,2026-07-28
A000040,L00016,email_open,2026-08-19
A000041,L00016,meeting,2026-02-24
A000042,L00016,email_click,2026-02-05
A000043,L00018,call,2026-07-17
A000044,L00018,email_open,2026-04-04
A000045,L00020,call,2026-02-13
A000046,L00020,email_open,2026-04-04
A000047,L00020,email_open,2026-07-23
A000048,L00020,email_click,2025-10-21
A000049,L00021,email_click,2026-06-23
A000050,L00022,email_open,2026-09-10
A000051,L00022,call,2026-09-15
A000052,L00022,email_open,2026-09-02
A000053,L00022,call,2026-09-19
A000054,L00023,email_click,2026-05-06
A000055,L00023,email_open,2026-05-27
A000056,L00023,email_open,2025-12-27
A000057,L00023,pricing_page_visit,2026-01-03
A000058,L00023,email_open,2026-06-16
A000059,L00025,email_click,2026-06-20
A000060,L00025,email_open,2026-07-16
A000061,L00025,email_open,2025-10-01
A000062,L00025,email_open,2026-02-27
A000063,L00026,email_open,2026-08-25
A000064,L00026,pricing_page_visit,2026-03-15
A000065,L00028,pricing_page_visit,2025-10-01
A000066,L00028,email_click,2025-11-29
A000067,L00028,call,2025-11-20
A000068,L00028,call,2026-02-13
A000069,L00028,pricing_page_visit,2026-05-08
A000070,L00029,email_open,2026-02-25
A000071,L00029,email_open,2026-05-20
A000072,L00029,email_open,2026-04-15
A000073,L00030,call,2026-08-07
A000074,L00031,email_open,2026-09-19
A000075,L00031,email_open,2026-09-07
A000076,L00031,email_open,2026-08-28
A000077,L00031,email_open,2026-09-26
A000078,L00031,email_click,2026-09-04
A000079,L00031,email_open,2026-09-12
A000080,L00031,demo_request,2026-09-08
A000081,L00031,demo_request,2026-09-13
A000082,L00031,email_open,2026-09-18
A000083,L00031,email_open,2026-09-14
A000084,L00031,email_open,2026-09-07
A000085,L00031,email_click,2026-09-20
A000086,L00031,email_open,2026-09-10
A000087,L00032,email_open,2026-03-18
A000088,L00032,email_open,2026-03-23
A000089,L00032,pricing_page_visit,2026-08-09
A000090,L00033,email_open,2026-09-22
A000091,L00033,email_open,2026-08-27
A000092,L00033,email_open,2026-09-15
A000093,L00033,email_open,2026-09-12
A000094,L00033,email_click,2026-08-30
A000095,L00033,demo_request,2026-09-23
A000096,L00035,email_click,2026-08-15
A000097,L00035,call,2026-07-16
A000098,L00035,meeting,2025-10-19
A000099,L00035,email_open,2025-12-21
A000100,L00037,email_open,2026-08-15
A000101,L00037,pricing_page_visit,2026-07-10
A000102,L00037,call,2026-05-18
A000103,L00038,email_click,2026-04-09
A000104,L00038,call,2026-01-01
A000105,L00038,pricing_page_visit,2026-08-20
A000106,L00039,call,2026-02-05
A000107,L00039,email_open,2026-06-27
A000108,L00039,email_click,2025-10-28
A000109,L00040,call,2026-04-15
A000110,L00040,email_open,2026-06-19
A000111,L00040,email_open,2026-06-17
A000112,L00040,call,2026-04-27
A000113,L00041,email_open,2025-12-02
A000114,L00042,pricing_page_visit,2026-05-04
A000115,L00043,email_click,2026-04-06
A000116,L00044,meeting,2026-07-12
A000117,L00046,pricing_page_visit,2025-10-18
A000118,L00046,email_click,2026-07-06
A000119,L00046,meeting,2026-07-06
A000120,L00047,pricing_page_visit,2026-02-09
A000121,L00048,email_open,2026-09-12
A000122,L00048,meeting,2026-09-01
A000123,L00048,email_open,2026-09-10
A000124,L00048,email_click,2026-09-03
A000125,L00048,email_open,2026-09-23
A000126,L00049,email_open,2026-03-29
A000127,L00049,call,2026-02-25
A000128,L00049,demo_request,2025-11-04
A000129,L00049,email_open,2026-04-04
A000130,L00050,email_click,2025-09-29
A000131,L00050,call,2026-04-11
A000132,L00050,email_open,2026-08-14
A000133,L00052,call,2025-12-16
A000134,L00053,pricing_page_visit,2026-09-17
A000135,L00053,email_open,2026-09-16
A000136,L00053,meeting,2026-09-04
A000137,L00053,pricing_page_visit,2026-09-21
A000138,L00053,email_open,2026-09-23
A000139,L00053,email_open,2026-09-08
A000140,L00053,pricing_page_visit,2026-09-17
A000141,L00053,email_open,2026-09-25
A000142,L00053,email_click,2026-09-13
A000143,L00053,email_open,2026-09-03
A000144,L00053,email_open,2026-09-25
A000145,L00053,call,2026-08-29
A000146,L00055,email_click,2026-05-21
A000147,L00055,email_open,2026-05-28
A000148,L00055,email_open,2026-03-09
A000149,L00055,call,2026-02-19
A000150,L00056,email_open,2026-06-20
A000151,L00056,email_click,2025-10-03
A000152,L00056,demo_request,2025-11-03
A000153,L00058,email_open,2026-05-20
A000154,L00058,call,2026-01-19
A000155,L00059,email_click,2025-10-27
A000156,L00059,meeting,2025-12-12
A000157,L00059,email_open,2025-11-01
A000158,L00059,meeting,2026-05-03
A000159,L00060,email_open,2025-10-27
A000160,L00060,email_open,2026-06-03
A000161,L00060,call,2026-02-11
A000162,L00060,demo_request,2026-08-01
A000163,L00060,email_open,2026-02-21
A000164,L00061,email_open,2026-09-01
A000165,L00061,email_click,2026-09-19
A000166,L00061,meeting,2026-09-04
A000167,L00061,pricing_page_visit,2026-09-25
A000168,L00061,email_open,2026-08-28
A000169,L00061,meeting,2026-09-19
A000170,L00062,email_open,2026-09-09
A000171,L00062,email_click,2026-09-06
A000172,L00062,email_open,2026-09-13
A000173,L00062,call,2026-09-21
A000174,L00063,email_open,2026-04-12
A000175,L00063,email_open,2026-04-16
A000176,L00063,email_open,2025-12-14
A000177,L00064,email_open,2025-11-23
A000178,L00064,email_open,2025-10-16
A000179,L00064,pricing_page_visit,2025-12-15
A000180,L00064,email_click,2025-12-20
A000181,L00066,email_open,2026-07-14
A000182,L00066,email_open,2026-08-10
A000183,L00066,meeting,2026-01-16
A000184,L00066,call,2026-09-04
A000185,L00066,call,2026-01-22
A000186,L00067,pricing_page_visit,2026-03-30
A000187,L00068,email_click,2026-05-26
A000188,L00068,call,2026-08-19
A000189,L00070,email_open,2026-09-08
A000190,L00070,pricing_page_visit,2026-09-13
A000191,L00070,call,2026-09-25
A000192,L00070,email_open,2026-09-26
A000193,L00070,email_open,2026-09-24
A000194,L00071,email_open,2026-03-08
A000195,L00071,email_open,2025-11-07
A000196,L00072,email_open,2026-05-10
A000197,L00072,pricing_page_visit,2025-12-15
A000198,L00073,pricing_page_visit,2026-03-15
A000199,L00073,email_open,2026-06-16
A000200,L00073,email_open,2026-07-13
A000201,L00073,email_click,2026-08-24
A000202,L00074,email_open,2026-05-05
A000203,L00074,meeting,2026-08-09
A000204,L00074,email_open,2025-11-11
A000205,L00074,email_click,2026-02-22
A000206,L00074,email_click,2026-03-12
A000207,L00075,pricing_page_visit,2025-10-27
A000208,L00075,email_click,2026-01-16
A000209,L00075,email_open,2026-01-17
A000210,L00076,call,2026-01-31
A000211,L00076,pricing_page_visit,2026-06-19
A000212,L00076,email_open,2025-12-27
A000213,L00076,pricing_page_visit,2026-06-21
A000214,L00077,call,2025-11-24
A000215,L00078,email_open,2026-03-22
A000216,L00078,demo_request,2026-05-05
A000217,L00078,call,2026-06-20
A000218,L00078,call,2025-10-04
A000219,L00079,email_click,2026-07-21
A000220,L00079,email_open,2026-07-28
A000221,L00079,demo_request,2026-05-06
A000222,L00079,email_open,2026-05-27
A000223,L00080,meeting,2026-02-19
A000224,L00080,email_open,2026-08-20
A000225,L00080,email_open,2026-03-03
A000226,L00081,email_open,2026-05-12
A000227,L00081,call,2026-01-13
A000228,L00081,email_click,2026-07-08
A000229,L00081,meeting,2026-07-06
A000230,L00081,email_open,2026-03-17
A000231,L00082,email_click,2026-06-02
A000232,L00082,meeting,2026-03-01
A000233,L00082,call,2026-02-17
A000234,L00082,email_open,2026-05-23
A000235,L00082,call,2025-12-07
A000236,L00082,pricing_page_visit,2026-01-20
A000237,L00082,email_open,2026-04-08
A000238,L00082,pricing_page_visit,2025-10-20
A000239,L00082,pricing_page_visit,2026-03-06
A000240,L00082,email_click,2026-05-11
A000241,L00082,email_click,2026-05-08
A000242,L00082,email_open,2026-07-01
A000243,L00082,email_click,2026-07-18
A000244,L00083,email_open,2025-11-12
A000245,L00083,demo_request,2026-03-05
A000246,L00083,email_open,2025-11-01
A000247,L00084,email_open,2026-08-25
A000248,L00084,email_click,2026-06-10
A000249,L00084,email_open,2026-08-10
A000250,L00084,email_open,2025-09-30
A000251,L00084,email_open,2026-07-12
A000252,L00085,email_open,2026-03-23
A000253,L00085,email_open,2026-02-06
A000254,L00085,email_open,2025-11-11
A000255,L00085,email_click,2025-11-23
A000256,L00085,email_open,2026-04-30
A000257,L00086,email_click,2025-12-17
A000258,L00086,email_open,2026-07-24
A000259,L00086,call,2026-09-06
A000260,L00086,email_open,2025-11-26
A000261,L00086,email_click,2025-10-06
A000262,L00087,call,2025-10-01
A000263,L00087,demo_request,2025-11-17
A000264,L00087,email_click,2025-11-23
A000265,L00087,call,2026-01-05
A000266,L00088,meeting,2026-09-24
A000267,L00088,email_open,2026-09-05
A000268,L00088,email_open,2026-09-23
A000269,L00088,email_click,2026-08-29
A000270,L00088,meeting,2026-09-12
A000271,L00088,meeting,2026-09-19
A000272,L00088,email_click,2026-09-13
A000273,L00088,call,2026-08-27
A000274,L00088,email_open,2026-09-16
A000275,L00088,pricing_page_visit,2026-09-24
A000276,L00088,email_click,2026-09-22
A000277,L00088,demo_request,2026-09-02
A000278,L00088,demo_request,2026-09-09
A000279,L00088,email_open,2026-09-22
A000280,L00089,call,2026-09-10
A000281,L00089,pricing_page_visit,2026-09-14
A000282,L00089,call,2026-09-23
A000283,L00089,email_click,2026-09-24
A000284,L00089,pricing_page_visit,2026-09-06
A000285,L00089,demo_request,2026-09-19
A000286,L00089,call,2026-09-22
A000287,L00090,call,2025-10-20
A000288,L00090,email_open,2026-05-07
A000289,L00091,email_open,2025-10-21
A000290,L00093,email_open,2026-08-30
A000291,L00093,call,2026-06-23
A000292,L00093,email_open,2025-11-15
A000293,L00094,email_click,2026-05-13
A000294,L00094,pricing_page_visit,2026-03-15
A000295,L00094,email_open,2025-12-07
A000296,L00094,email_open,2025-10-16
A000297,L00094,call,2026-01-17
A000298,L00095,email_open,2025-11-02
A000299,L00096,email_open,2025-10-22
A000300,L00096,email_click,2026-06-14
A000301,L00096,meeting,2026-03-30
A000302,L00096,email_open,2025-10-27
A000303,L00097,email_open,2025-12-14
A000304,L00097,email_open,2026-05-02
A000305,L00098,email_click,2025-12-03
A000306,L00098,email_open,2026-07-11
A000307,L00098,meeting,2026-07-09
A000308,L00098,email_open,2026-05-16
A000309,L00098,email_open,2026-01-31
A000310,L00099,pricing_page_visit,2026-08-25
A000311,L00099,email_open,2025-12-25
A000312,L00099,email_click,2026-03-20
A000313,L00099,email_open,2026-03-12
A000314,L00100,call,2026-08-09
A000315,L00100,call,2026-02-20
A000316,L00100,pricing_page_visit,2026-06-13
A000317,L00100,call,2025-12-09
A000318,L00100,email_click,2025-10-29
A000319,L00101,email_click,2026-09-04
A000320,L00101,email_open,2026-09-04
A000321,L00101,pricing_page_visit,2026-08-27
A000322,L00101,email_open,2026-09-19
A000323,L00101,email_click,2026-09-23
A000324,L00101,email_open,2026-08-29
A000325,L00101,pricing_page_visit,2026-09-14
A000326,L00101,email_open,2026-09-26
A000327,L00101,email_open,2026-09-20
A000328,L00102,email_open,2026-09-03
A000329,L00102,email_open,2026-03-27
A000330,L00103,email_click,2025-12-30
A000331,L00103,email_click,2026-05-13
A000332,L00103,pricing_page_visit,2025-11-18
A000333,L00103,email_open,2026-03-07
A000334,L00104,email_open,2026-03-13
A000335,L00104,email_open,2025-10-12
A000336,L00104,call,2026-04-29
A000337,L00104,pricing_page_visit,2026-04-22
A000338,L00106,email_open,2026-09-14
A000339,L00106,demo_request,2026-09-12
A000340,L00106,email_open,2026-09-04
A000341,L00106,email_click,2026-09-22
A000342,L00106,demo_request,2026-09-14
A000343,L00106,demo_request,2026-09-12
A000344,L00106,call,2026-09-23
A000345,L00106,email_open,2026-09-15
A000346,L00106,meeting,2026-09-17
A000347,L00106,pricing_page_visit,2026-09-21
A000348,L00106,email_open,2026-09-26
A000349,L00106,call,2026-09-09
A000350,L00106,email_open,2026-09-14
A000351,L00106,demo_request,2026-09-25
A000352,L00107,pricing_page_visit,2025-11-15
A000353,L00107,demo_request,2025-10-20
A000354,L00107,email_open,2025-10-15
A000355,L00107,email_click,2025-12-19
A000356,L00108,call,2026-08-17
A000357,L00109,pricing_page_visit,2025-12-12
A000358,L00109,email_open,2026-06-11
A000359,L00109,pricing_page_visit,2026-05-12
A000360,L00109,pricing_page_visit,2026-03-10
A000361,L00109,call,2026-04-11
A000362,L00110,email_open,2026-01-08
A000363,L00111,email_click,2026-08-30
A000364,L00111,email_open,2026-09-17
A000365,L00111,email_open,2026-09-11
A000366,L00111,email_open,2026-09-05
A000367,L00111,email_open,2026-09-05
A000368,L00112,email_click,2026-01-29
A000369,L00112,call,2026-05-22
A000370,L00112,email_click,2026-03-23
A000371,L00113,pricing_page_visit,2026-09-16
A000372,L00113,email_open,2026-09-24
A000373,L00113,pricing_page_visit,2026-09-26
A000374,L00113,email_open,2026-09-15
A000375,L00113,meeting,2026-09-25
A000376,L00113,email_click,2026-09-07
A000377,L00113,email_open,2026-09-09
A000378,L00113,call,2026-09-04
A000379,L00113,email_open,2026-09-13
A000380,L00113,meeting,2026-09-20
A000381,L00113,pricing_page_visit,2026-09-26
A000382,L00113,email_open,2026-09-26
A000383,L00113,demo_request,2026-09-22
A000384,L00114,email_open,2026-09-03
A000385,L00114,pricing_page_visit,2026-09-19
A000386,L00114,email_open,2026-08-29
A000387,L00114,email_open,2026-09-18
A000388,L00114,pricing_page_visit,2026-08-29
A000389,L00114,call,2026-09-18
A000390,L00114,email_open,2026-09-12
A000391,L00114,email_open,2026-09-20
A000392,L00114,email_click,2026-09-13
A000393,L00115,call,2025-11-24
A000394,L00116,email_open,2026-09-13
A000395,L00116,pricing_page_visit,2026-09-19
A000396,L00116,email_open,2026-08-31
A000397,L00116,meeting,2026-09-13
A000398,L00116,email_click,2026-08-31
A000399,L00116,email_click,2026-09-03
A000400,L00116,pricing_page_visit,2026-09-26
A000401,L00116,email_open,2026-08-30
A000402,L00116,email_open,2026-09-15
A000403,L00116,email_open,2026-09-18
A000404,L00116,email_open,2026-09-26
A000405,L00116,email_open,2026-09-13
A000406,L00116,email_open,2026-09-08
A000407,L00118,email_open,2026-03-21
A000408,L00118,email_click,2026-07-17
A000409,L00119,email_open,2026-02-10
A000410,L00119,email_open,2025-11-13
A000411,L00119,meeting,2026-06-11
A000412,L00119,email_click,2025-11-10
A000413,L00119,email_open,2026-07-19
A000414,L00120,email_open,2026-09-26
A000415,L00120,pricing_page_visit,2026-08-27
A000416,L00120,call,2026-09-07
A000417,L00120,email_click,2026-09-04
A000418,L00121,pricing_page_visit,2026-05-30
A000419,L00121,email_open,2026-06-15
A000420,L00121,pricing_page_visit,2026-02-28
A000421,L00121,email_open,2026-05-04
A000422,L00121,pricing_page_visit,2026-06-30
A000423,L00122,meeting,2026-03-24
A000424,L00122,email_click,2025-11-30
A000425,L00122,email_open,2026-01-16
A000426,L00122,pricing_page_visit,2025-10-16
A000427,L00123,meeting,2026-08-08
A000428,L00123,demo_request,2026-04-03
A000429,L00124,email_open,2026-03-16
A000430,L00124,pricing_page_visit,2026-05-28
A000431,L00124,email_click,2026-08-14
A000432,L00126,call,2026-08-31
A000433,L00126,email_open,2026-09-10
A000434,L00126,pricing_page_visit,2026-08-31
A000435,L00126,email_open,2026-09-12
A000436,L00126,pricing_page_visit,2026-09-09
A000437,L00126,email_click,2026-09-14
A000438,L00126,email_open,2026-09-24
A000439,L00126,demo_request,2026-09-18
A000440,L00126,email_click,2026-09-26
A000441,L00128,call,2025-12-07
A000442,L00128,meeting,2025-12-21
A000443,L00129,email_click,2026-08-31
A000444,L00129,email_click,2026-09-24
A000445,L00129,call,2026-08-30
A000446,L00129,call,2026-08-31
A000447,L00129,meeting,2026-09-21
A000448,L00129,email_click,2026-08-29
A000449,L00129,email_open,2026-08-27
A000450,L00129,pricing_page_visit,2026-08-27
A000451,L00129,pricing_page_visit,2026-09-17
A000452,L00129,pricing_page_visit,2026-09-15
A000453,L00129,email_click,2026-09-21
A000454,L00129,email_open,2026-09-03
A000455,L00129,call,2026-09-08
A000456,L00130,email_open,2025-11-04
A000457,L00130,email_click,2026-07-23
A000458,L00131,call,2026-09-08
A000459,L00131,call,2026-09-19
A000460,L00131,email_open,2026-09-17
A000461,L00131,call,2026-09-12
A000462,L00131,email_open,2026-09-22
A000463,L00131,email_open,2026-09-18
A000464,L00131,email_open,2026-08-30
A000465,L00134,demo_request,2025-11-18
A000466,L00134,email_click,2026-08-18
A000467,L00136,meeting,2026-06-13
A000468,L00136,email_open,2026-05-24
A000469,L00136,email_open,2025-12-13
A000470,L00136,email_click,2026-02-26
A000471,L00136,email_open,2025-12-17
A000472,L00137,email_open,2026-08-01
A000473,L00137,email_open,2025-12-21
A000474,L00137,pricing_page_visit,2025-12-16
A000475,L00138,email_open,2025-12-27
A000476,L00138,email_open,2026-07-14
A000477,L00138,pricing_page_visit,2026-05-03
A000478,L00138,pricing_page_visit,2025-11-18
A000479,L00138,email_click,2025-10-14
A000480,L00139,email_open,2026-07-15
A000481,L00139,pricing_page_visit,2026-03-22
A000482,L00139,pricing_page_visit,2026-08-13
A000483,L00139,meeting,2026-05-17
A000484,L00140,email_click,2025-12-04
A000485,L00140,meeting,2026-03-10
A000486,L00140,meeting,2026-06-24
A000487,L00140,email_click,2025-10-12
A000488,L00140,demo_request,2025-11-23
A000489,L00141,email_open,2025-10-08
A000490,L00141,email_open,2026-04-27
A000491,L00141,call,2025-11-16
A000492,L00141,email_click,2026-05-05
A000493,L00142,email_open,2026-09-26
A000494,L00142,email_click,2026-09-11
A000495,L00142,email_click,2026-09-07
A000496,L00142,email_click,2026-09-07
A000497,L00142,call,2026-08-27
A000498,L00142,pricing_page_visit,2026-08-31
A000499,L00142,email_open,2026-09-18
A000500,L00142,email_open,2026-09-05
A000501,L00142,meeting,2026-09-05
A000502,L00142,email_open,2026-09-01
A000503,L00142,email_open,2026-09-23
A000504,L00142,call,2026-09-25
A000505,L00142,email_click,2026-09-08
A000506,L00143,pricing_page_visit,2026-06-29
A000507,L00144,email_open,2026-05-11
A000508,L00144,email_open,2026-01-18
A000509,L00145,email_open,2026-02-18
A000510,L00145,email_open,2026-04-27
A000511,L00145,email_open,2025-11-14
A000512,L00145,pricing_page_visit,2025-12-17
A000513,L00146,email_click,2025-10-21
A000514,L00146,pricing_page_visit,2025-11-20
A000515,L00146,pricing_page_visit,2026-01-13
A000516,L00146,call,2025-11-17
A000517,L00147,email_click,2026-03-30
A000518,L00147,email_click,2026-05-15
A000519,L00148,email_open,2025-10-01
A000520,L00148,demo_request,2025-11-28
A000521,L00148,email_open,2026-01-05
A000522,L00149,demo_request,2026-08-18
A000523,L00150,email_open,2026-01-23
A000524,L00150,pricing_page_visit,2026-07-18
A000525,L00150,call,2026-01-11
A000526,L00150,email_click,2026-02-20
A000527,L00150,email_open,2025-10-15
A000528,L00151,pricing_page_visit,2025-10-13
A000529,L00151,email_click,2025-12-29
A000530,L00152,email_open,2026-06-18
A000531,L00153,pricing_page_visit,2026-09-10
A000532,L00153,email_open,2026-09-26
A000533,L00153,email_open,2026-09-20
A000534,L00153,email_open,2026-09-08
A000535,L00153,email_click,2026-09-22
A000536,L00153,demo_request,2026-09-16
A000537,L00153,pricing_page_visit,2026-09-25
A000538,L00154,email_open,2026-06-28
A000539,L00155,call,2026-03-29
A000540,L00155,email_open,2026-01-15
A000541,L00155,email_open,2025-09-28
A000542,L00155,pricing_page_visit,2026-07-08
A000543,L00155,email_open,2026-01-19
A000544,L00156,pricing_page_visit,2026-06-02
A000545,L00156,email_open,2026-07-03
A000546,L00156,email_open,2026-01-03
A000547,L00156,email_click,2026-04-10
A000548,L00157,email_open,2026-08-20
A000549,L00157,email_click,2026-03-08
A000550,L00157,email_open,2026-03-14
A000551,L00157,pricing_page_visit,2026-08-16
A000552,L00158,email_open,2026-02-08
A000553,L00159,email_open,2026-09-13
A000554,L00159,demo_request,2026-09-18
A000555,L00159,meeting,2026-09-01
A000556,L00159,email_open,2026-09-18
A000557,L00159,call,2026-09-01
A000558,L00159,email_open,2026-09-02
A000559,L00159,email_open,2026-09-09
A000560,L00159,email_click,2026-08-28
A000561,L00161,email_click,2026-08-30
A000562,L00162,email_open,2026-02-11
A000563,L00162,email_open,2026-06-20
A000564,L00163,meeting,2025-12-03
A000565,L00164,pricing_page_visit,2026-08-24
A000566,L00164,email_open,2026-04-08
A000567,L00164,email_open,2025-11-25
A000568,L00164,pricing_page_visit,2026-05-02
A000569,L00164,pricing_page_visit,2026-04-28
A000570,L00165,call,2026-03-16
A000571,L00165,email_click,2026-08-11
A000572,L00166,email_open,2026-09-16
A000573,L00166,email_open,2026-09-11
A000574,L00166,email_click,2026-09-02
A000575,L00166,email_click,2026-09-01
A000576,L00166,pricing_page_visit,2026-08-28
A000577,L00166,call,2026-09-19
A000578,L00166,pricing_page_visit,2026-09-11
A000579,L00166,email_open,2026-09-20
A000580,L00166,email_click,2026-09-07
A000581,L00166,email_open,2026-09-05
A000582,L00168,pricing_page_visit,2026-08-31
A000583,L00168,email_open,2026-09-08
A000584,L00168,email_open,2026-09-05
A000585,L00168,demo_request,2026-08-31
A000586,L00168,email_open,2026-08-27
A000587,L00168,email_open,2026-08-28
A000588,L00169,meeting,2026-06-04
A000589,L00170,email_open,2026-08-27
A000590,L00170,email_open,2026-09-26
A000591,L00170,email_open,2026-09-12
A000592,L00170,call,2026-09-25
A000593,L00170,email_open,2026-08-27
A000594,L00170,meeting,2026-09-26
A000595,L00170,meeting,2026-09-24
A000596,L00170,demo_request,2026-09-05
A000597,L00170,email_open,2026-09-25
A000598,L00170,email_open,2026-09-08
A000599,L00170,call,2026-09-18
A000600,L00170,email_open,2026-09-25
A000601,L00170,email_click,2026-09-07
A000602,L00171,meeting,2026-02-23
A000603,L00173,pricing_page_visit,2026-05-11
A000604,L00174,call,2026-07-31
A000605,L00174,pricing_page_visit,2026-06-18
A000606,L00174,email_click,2026-02-25
A000607,L00174,call,2025-10-29
A000608,L00174,email_open,2026-09-05
A000609,L00175,email_open,2026-07-25
A000610,L00176,email_open,2026-08-09
A000611,L00176,meeting,2026-07-04
A000612,L00176,meeting,2025-12-19
A000613,L00177,email_open,2026-04-16
A000614,L00177,email_open,2026-08-10
A000615,L00177,email_open,2025-10-24
A000616,L00178,pricing_page_visit,2025-12-06
A000617,L00178,meeting,2026-06-13
A000618,L00178,meeting,2026-06-24
A000619,L00179,email_open,2026-09-04
A000620,L00179,pricing_page_visit,2026-08-31
A000621,L00179,pricing_page_visit,2026-09-03
A000622,L00179,email_open,2026-09-24
A000623,L00179,demo_request,2026-09-21
A000624,L00179,email_open,2026-09-08
A000625,L00179,email_click,2026-08-29
A000626,L00180,pricing_page_visit,2026-03-03
A000627,L00180,email_click,2026-03-25
A000628,L00180,email_open,2026-04-21
A000629,L00182,call,2026-08-28
A000630,L00182,pricing_page_visit,2026-04-24
A000631,L00182,email_open,2025-10-20
A000632,L00183,email_open,2026-01-13
A000633,L00183,email_open,2025-11-29
A000634,L00184,email_click,2025-11-30
A000635,L00184,meeting,2026-04-26
A000636,L00185,call,2026-09-04
A000637,L00185,email_click,2026-09-13
A000638,L00185,email_open,2026-09-12
A000639,L00185,email_click,2026-08-30
A000640,L00186,email_open,2026-08-29
A000641,L00186,email_click,2026-09-10
A000642,L00186,email_click,2026-08-27
A000643,L00186,meeting,2026-09-09
A000644,L00186,email_open,2026-09-14
A000645,L00186,email_click,2026-09-01
A000646,L00186,email_click,2026-09-10
A000647,L00186,call,2026-09-22
A000648,L00186,meeting,2026-09-05
A000649,L00186,pricing_page_visit,2026-09-04
A000650,L00187,email_open,2026-01-25
A000651,L00187,email_open,2026-03-16
A000652,L00187,email_open,2025-12-28
A000653,L00188,meeting,2026-08-20
A000654,L00188,email_open,2026-02-15
A000655,L00188,email_click,2026-09-01
A000656,L00188,call,2026-07-30
A000657,L00188,pricing_page_visit,2025-10-13
A000658,L00188,email_open,2026-04-03
A000659,L00188,demo_request,2025-11-15
A000660,L00188,call,2025-10-16
A000661,L00188,email_open,2026-01-11
A000662,L00188,email_click,2026-06-01
A000663,L00188,meeting,2026-06-09
A000664,L00188,call,2026-04-25
A000665,L00189,email_open,2026-02-27
A000666,L00189,pricing_page_visit,2026-04-21
A000667,L00189,email_open,2026-02-14
A000668,L00189,call,2026-07-25
A000669,L00189,email_click,2026-07-25
A000670,L00189,demo_request,2025-11-26
A000671,L00189,pricing_page_visit,2025-11-26
A000672,L00189,email_open,2026-01-24
A000673,L00189,email_open,2026-07-08
A000674,L00189,email_click,2025-12-17
A000675,L00189,call,2026-02-14
A000676,L00189,email_click,2026-07-16
A000677,L00189,email_open,2026-08-17
A000678,L00189,email_click,2025-10-09
A000679,L00190,email_click,2026-04-13
A000680,L00190,email_open,2026-05-14
A000681,L00190,email_open,2025-11-30
A000682,L00190,email_click,2026-01-23
A000683,L00191,pricing_page_visit,2025-10-10
A000684,L00191,meeting,2026-02-07
A000685,L00191,email_open,2026-08-10
A000686,L00193,meeting,2026-09-25
A000687,L00193,pricing_page_visit,2026-09-25
A000688,L00193,call,2026-09-11
A000689,L00193,email_click,2026-09-15
A000690,L00193,email_open,2026-09-21
A000691,L00193,email_open,2026-09-25
A000692,L00193,email_open,2026-09-05
A000693,L00193,email_open,2026-09-11
A000694,L00193,email_open,2026-09-02
A000695,L00193,meeting,2026-09-19
A000696,L00193,pricing_page_visit,2026-09-07
A000697,L00193,email_open,2026-09-24
A000698,L00193,email_open,2026-09-05
A000699,L00194,email_open,2025-10-22
A000700,L00194,call,2026-01-07
A000701,L00194,email_open,2026-01-14
A000702,L00195,pricing_page_visit,2026-03-20
A000703,L00195,pricing_page_visit,2025-11-04
A000704,L00195,email_open,2025-11-06
A000705,L00195,call,2026-01-18
A000706,L00195,pricing_page_visit,2026-04-29
A000707,L00196,email_open,2026-02-22
A000708,L00197,email_click,2026-04-27
A000709,L00197,pricing_page_visit,2026-06-14
A000710,L00197,email_open,2026-07-26
A000711,L00197,email_open,2026-07-11
A000712,L00197,email_open,2026-05-21
A000713,L00199,call,2026-07-21
A000714,L00199,meeting,2026-06-02
A000715,L00199,email_open,2025-10-28
A000716,L00199,call,2026-01-22
A000717,L00199,call,2026-02-16
A000718,L00200,email_click,2026-02-24
A000719,L00200,email_click,2026-02-26
A000720,L00200,call,2026-09-04
A000721,L00200,call,2026-03-27
A000722,L00200,email_open,2026-07-23
A000723,L00201,email_open,2025-10-05
A000724,L00201,email_open,2026-03-05
A000725,L00201,email_click,2025-10-26
A000726,L00202,email_click,2026-04-19
A000727,L00202,email_open,2025-10-28
A000728,L00202,email_open,2026-08-08
A000729,L00202,email_open,2026-03-18
A000730,L00203,email_open,2026-08-14
A000731,L00204,email_open,2026-03-21
A000732,L00204,email_open,2025-10-25
A000733,L00204,email_click,2026-01-26
A000734,L00205,email_open,2026-05-05
A000735,L00205,email_open,2026-01-24
A000736,L00207,email_open,2026-08-27
A000737,L00207,email_open,2026-09-04
A000738,L00207,email_click,2026-09-01
A000739,L00207,pricing_page_visit,2026-09-24
A000740,L00207,demo_request,2026-09-18
A000741,L00208,meeting,2025-10-29
A000742,L00208,email_click,2026-03-26
A000743,L00208,email_click,2026-06-14
A000744,L00209,call,2026-09-13
A000745,L00209,email_open,2026-09-05
A000746,L00209,email_open,2026-08-31
A000747,L00209,pricing_page_visit,2026-09-03
A000748,L00209,pricing_page_visit,2026-09-06
A000749,L00209,email_open,2026-08-28
A000750,L00209,call,2026-09-26
A000751,L00209,meeting,2026-09-25
A000752,L00209,meeting,2026-09-22
A000753,L00210,email_open,2026-03-13
A000754,L00210,email_click,2025-12-27
A000755,L00210,pricing_page_visit,2026-06-30
A000756,L00211,email_open,2026-08-31
A000757,L00211,email_open,2026-09-08
A000758,L00211,email_click,2026-08-29
A000759,L00211,meeting,2026-08-28
A000760,L00211,call,2026-08-30
A000761,L00211,email_open,2026-09-07
A000762,L00211,email_open,2026-09-24
A000763,L00211,call,2026-09-01
A000764,L00211,email_open,2026-09-05
A000765,L00212,email_click,2026-01-21
A000766,L00212,email_open,2026-09-04
A000767,L00212,email_open,2025-11-12
A000768,L00212,email_open,2026-01-16
A000769,L00212,demo_request,2026-01-03
A000770,L00213,pricing_page_visit,2026-06-06
A000771,L00213,email_open,2026-01-29
A000772,L00214,email_click,2026-09-09
A000773,L00214,email_open,2026-09-18
A000774,L00214,email_open,2026-09-22
A000775,L00214,email_click,2026-08-29
A000776,L00214,email_open,2026-09-12
A000777,L00214,call,2026-08-31
A000778,L00215,email_click,2025-10-25
A000779,L00215,email_click,2025-12-03
A000780,L00215,email_click,2026-01-09
A000781,L00215,email_open,2026-04-17
A000782,L00216,meeting,2026-04-09
A000783,L00216,demo_request,2026-05-09
A000784,L00218,pricing_page_visit,2025-11-13
A000785,L00219,email_open,2026-09-05
A000786,L00220,email_open,2026-01-17
A000787,L00220,email_open,2026-08-05
A000788,L00220,demo_request,2025-11-13
A000789,L00220,email_open,2026-02-26
A000790,L00221,email_click,2026-07-12
A000791,L00221,email_open,2026-04-17
A000792,L00221,call,2025-12-10
A000793,L00221,email_open,2026-04-09
A000794,L00222,email_open,2025-09-29
A000795,L00225,email_click,2026-02-13
A000796,L00225,email_open,2026-07-01
A000797,L00225,pricing_page_visit,2026-05-07
A000798,L00227,email_open,2026-02-04
A000799,L00227,email_open,2026-04-30
A000800,L00227,email_click,2026-03-29
A000801,L00229,pricing_page_visit,2026-01-19
A000802,L00230,email_open,2026-08-10
A000803,L00230,email_open,2026-01-24
A000804,L00231,call,2025-10-08
A000805,L00232,email_open,2026-02-07
A000806,L00232,pricing_page_visit,2026-06-16
A000807,L00232,email_open,2026-01-16
A000808,L00233,email_open,2026-08-05
A000809,L00233,call,2026-07-15
A000810,L00234,email_open,2026-08-30
A000811,L00234,email_click,2026-06-03
A000812,L00234,email_click,2025-12-31
A000813,L00234,email_click,2026-08-13
A000814,L00234,meeting,2026-02-05
A000815,L00235,email_open,2025-12-19
A000816,L00235,email_open,2026-02-13
A000817,L00235,email_open,2026-03-09
A000818,L00235,email_open,2026-04-08
A000819,L00235,email_open,2026-08-23
A000820,L00235,email_open,2025-11-28
A000821,L00235,pricing_page_visit,2026-06-08
A000822,L00235,email_open,2026-07-30
A000823,L00236,email_click,2025-12-04
A000824,L00236,email_open,2025-11-11
A000825,L00236,email_open,2026-03-29
A000826,L00236,call,2025-10-27
A000827,L00236,email_open,2025-11-09
A000828,L00237,email_click,2026-04-01
A000829,L00237,email_open,2025-12-24
A000830,L00237,meeting,2025-12-08
A000831,L00237,demo_request,2026-01-20
A000832,L00238,email_open,2026-05-05
A000833,L00238,email_open,2026-05-17
A000834,L00239,call,2025-12-04
A000835,L00240,email_open,2026-06-13
A000836,L00240,email_open,2026-06-17
A000837,L00240,meeting,2026-05-23
A000838,L00241,email_click,2026-04-09
A000839,L00241,email_open,2026-01-23
A000840,L00241,meeting,2026-01-03
A000841,L00242,email_open,2025-12-03
A000842,L00243,email_open,2026-06-25
A000843,L00243,email_click,2026-02-25
A000844,L00244,email_open,2026-09-03
A000845,L00244,email_click,2026-01-02
A000846,L00244,email_open,2026-05-14
A000847,L00244,call,2026-01-25
A000848,L00244,demo_request,2026-09-03
A000849,L00245,email_click,2026-05-16
A000850,L00245,email_open,2025-10-17
A000851,L00245,email_open,2025-10-16
A000852,L00245,pricing_page_visit,2026-01-04
A000853,L00245,email_open,2026-02-01
A000854,L00246,email_open,2026-01-18
A000855,L00246,email_click,2026-08-19
A000856,L00246,email_open,2026-03-21
A000857,L00246,email_open,2025-12-09
A000858,L00246,email_open,2025-11-11
A000859,L00248,email_open,2025-10-16
A000860,L00248,pricing_page_visit,2026-07-04
A000861,L00248,email_open,2026-03-14
A000862,L00249,meeting,2026-08-26
A000863,L00249,email_open,2026-06-15
A000864,L00249,call,2026-08-16
A000865,L00250,email_open,2026-03-18
A000866,L00251,email_click,2026-05-15
A000867,L00251,demo_request,2026-01-19
A000868,L00251,meeting,2026-01-15
A000869,L00252,email_open,2026-02-06
A000870,L00252,email_click,2025-11-25
A000871,L00254,email_open,2026-04-13
A000872,L00254,email_open,2025-10-11
A000873,L00254,email_click,2025-12-10
A000874,L00254,email_open,2026-03-15
A000875,L00256,email_click,2026-04-24
A000876,L00256,pricing_page_visit,2026-01-29
A000877,L00257,email_open,2026-06-07
A000878,L00259,email_open,2025-11-02
A000879,L00260,email_click,2026-01-25
A000880,L00260,email_open,2025-10-04
A000881,L00260,call,2026-06-16
A000882,L00260,email_open,2025-10-27
A000883,L00261,email_click,2025-11-07
A000884,L00261,pricing_page_visit,2026-04-17
A000885,L00262,email_open,2025-12-31
A000886,L00262,email_open,2025-10-16
A000887,L00262,email_click,2026-03-25
A000888,L00264,email_open,2026-08-27
A000889,L00264,email_open,2026-09-10
A000890,L00264,email_open,2026-09-23
A000891,L00264,email_open,2026-08-27
A000892,L00266,email_open,2026-05-15
A000893,L00266,email_open,2026-02-01
A000894,L00266,email_click,2026-08-10
A000895,L00267,call,2026-07-30
A000896,L00267,email_open,2025-09-27
A000897,L00267,email_open,2026-07-09
A000898,L00267,email_open,2026-05-18
A000899,L00268,call,2026-05-28
A000900,L00268,email_open,2026-01-15
A000901,L00269,pricing_page_visit,2025-12-29
A000902,L00269,email_open,2026-01-14
A000903,L00269,email_open,2026-03-27
A000904,L00269,meeting,2026-03-03
A000905,L00269,email_click,2025-10-04
A000906,L00269,email_click,2026-01-13
A000907,L00269,pricing_page_visit,2025-11-13
A000908,L00269,pricing_page_visit,2026-04-08
A000909,L00269,email_open,2025-12-27
A000910,L00269,email_open,2026-03-15
A000911,L00269,email_click,2026-03-01
A000912,L00269,demo_request,2026-08-24
A000913,L00269,meeting,2026-03-25
A000914,L00269,meeting,2026-05-07
A000915,L00270,email_open,2025-10-18
A000916,L00270,email_open,2026-07-10
A000917,L00270,email_open,2026-03-04
A000918,L00271,meeting,2025-11-24
A000919,L00271,email_open,2026-03-14
A000920,L00272,email_open,2025-10-02
A000921,L00272,meeting,2026-06-25
A000922,L00272,call,2026-08-06
A000923,L00272,meeting,2025-09-29
A000924,L00272,call,2025-10-11
A000925,L00273,call,2026-07-30
A000926,L00274,email_open,2026-08-03
A000927,L00274,email_click,2026-06-04
A000928,L00275,email_click,2026-09-04
A000929,L00275,email_open,2026-09-22
A000930,L00275,email_open,2026-09-20
A000931,L00275,email_open,2026-09-01
A000932,L00275,pricing_page_visit,2026-09-11
A000933,L00275,pricing_page_visit,2026-09-02
A000934,L00275,email_click,2026-09-18
A000935,L00275,email_click,2026-09-26
A000936,L00275,email_click,2026-09-02
A000937,L00276,demo_request,2026-06-02
A000938,L00276,call,2026-03-05
A000939,L00277,email_open,2026-07-22
A000940,L00278,demo_request,2026-04-13
A000941,L00278,email_open,2026-06-10
A000942,L00278,email_click,2026-01-26
A000943,L00278,email_open,2025-10-12
A000944,L00278,call,2026-08-26
A000945,L00280,email_open,2025-11-28
A000946,L00280,meeting,2026-03-05
A000947,L00280,pricing_page_visit,2025-10-04
A000948,L00280,email_open,2026-01-05
A000949,L00280,email_click,2025-11-12
A000950,L00281,email_open,2026-01-05
A000951,L00281,email_click,2026-04-30
A000952,L00281,email_open,2025-10-06
A000953,L00281,email_open,2026-06-20
A000954,L00281,email_open,2026-02-10
A000955,L00282,meeting,2026-09-24
A000956,L00282,demo_request,2026-09-01
A000957,L00282,email_open,2026-09-01
A000958,L00282,email_open,2026-08-27
A000959,L00282,pricing_page_visit,2026-09-19
A000960,L00282,email_open,2026-09-10
A000961,L00282,pricing_page_visit,2026-09-11
A000962,L00282,email_open,2026-09-20
A000963,L00282,email_click,2026-09-05
A000964,L00282,email_click,2026-09-04
A000965,L00282,email_open,2026-09-12
A000966,L00282,email_open,2026-09-13
A000967,L00283,email_open,2026-08-31
A000968,L00283,email_open,2026-09-02
A000969,L00283,email_open,2026-09-26
A000970,L00283,call,2026-09-07
A000971,L00283,email_open,2026-09-04
A000972,L00283,pricing_page_visit,2026-09-10
A000973,L00283,email_open,2026-09-19
A000974,L00283,email_open,2026-09-17
A000975,L00283,email_click,2026-09-17
A000976,L00283,email_click,2026-09-21
A000977,L00283,email_click,2026-08-27
A000978,L00284,email_click,2025-12-10
A000979,L00284,pricing_page_visit,2025-11-14
A000980,L00284,email_open,2026-02-07
A000981,L00284,email_open,2026-03-06
A000982,L00287,email_open,2026-06-20
A000983,L00287,email_open,2026-05-18
A000984,L00287,email_open,2026-02-18
A000985,L00287,demo_request,2026-05-24
A000986,L00288,email_open,2026-09-13
A000987,L00288,meeting,2026-09-06
A000988,L00288,email_open,2026-09-25
A000989,L00288,demo_request,2026-08-28
A000990,L00288,pricing_page_visit,2026-09-04
A000991,L00288,demo_request,2026-08-28
A000992,L00290,pricing_page_visit,2025-11-22
A000993,L00291,meeting,2026-09-01
A000994,L00291,call,2026-09-17
A000995,L00291,email_open,2026-08-31
A000996,L00291,call,2026-09-23
A000997,L00291,email_open,2026-09-20
A000998,L00293,email_open,2026-04-25
A000999,L00294,email_open,2025-12-28
A001000,L00294,email_open,2025-12-15
A001001,L00294,email_click,2026-02-18
A001002,L00295,email_click,2026-03-13
A001003,L00295,call,2026-06-20
A001004,L00295,email_open,2025-10-07
A001005,L00295,email_click,2026-05-14
A001006,L00295,email_open,2026-02-25
A001007,L00296,email_open,2026-08-24
A001008,L00297,email_click,2025-10-13
A001009,L00297,email_click,2026-07-29
A001010,L00297,email_open,2025-09-28
A001011,L00297,pricing_page_visit,2026-08-09
A001012,L00297,email_open,2026-01-24
A001013,L00299,email_click,2026-05-24
A001014,L00299,email_open,2026-02-14
A001015,L00299,call,2026-08-26
A001016,L00299,email_open,2025-11-06
A001017,L00300,meeting,2026-02-15
A001018,L00300,email_open,2025-11-01
A001019,L00300,email_open,2026-06-28
A001020,L00301,email_open,2026-01-13
A001021,L00302,email_open,2026-09-05
A001022,L00302,email_open,2026-08-31
A001023,L00302,email_open,2026-09-26
A001024,L00302,email_click,2026-08-30
A001025,L00302,meeting,2026-09-18
A001026,L00302,pricing_page_visit,2026-09-09
A001027,L00302,email_open,2026-09-19
A001028,L00302,email_open,2026-09-17
A001029,L00302,email_open,2026-09-26
A001030,L00302,call,2026-09-14
A001031,L00302,email_open,2026-09-09
A001032,L00303,email_open,2025-12-03
A001033,L00303,pricing_page_visit,2025-11-28
A001034,L00304,email_open,2026-01-10
A001035,L00304,email_open,2026-09-04
A001036,L00304,call,2025-12-28
A001037,L00304,email_open,2025-12-12
A001038,L00304,call,2026-03-24
A001039,L00305,email_open,2026-02-27
A001040,L00305,email_click,2026-03-18
A001041,L00305,pricing_page_visit,2026-03-08
A001042,L00305,email_open,2026-07-11
A001043,L00305,email_open,2026-07-10
A001044,L00306,call,2026-05-20
A001045,L00306,meeting,2025-12-15
A001046,L00306,call,2026-05-09
A001047,L00307,email_click,2026-05-24
A001048,L00307,email_click,2025-12-30
A001049,L00307,email_open,2025-11-22
A001050,L00307,call,2026-05-31
A001051,L00308,email_click,2026-09-25
A001052,L00308,email_open,2026-09-19
A001053,L00308,email_open,2026-09-12
A001054,L00308,email_open,2026-09-17
A001055,L00308,email_open,2026-08-29
A001056,L00308,call,2026-09-10
A001057,L00308,email_open,2026-09-11
A001058,L00309,email_open,2026-05-11
A001059,L00309,email_click,2026-07-23
A001060,L00310,email_open,2026-01-15
A001061,L00310,email_open,2026-06-12
A001062,L00310,email_click,2026-01-03
A001063,L00310,email_open,2026-07-06
A001064,L00310,email_open,2025-12-18
A001065,L00310,email_open,2025-12-18
A001066,L00310,email_open,2026-04-22
A001067,L00310,email_open,2026-07-28
A001068,L00310,email_open,2026-06-07
A001069,L00310,email_click,2026-03-31
A001070,L00311,email_open,2026-08-02
A001071,L00311,email_open,2025-12-05
A001072,L00311,email_open,2026-07-16
A001073,L00311,email_open,2026-08-22
A001074,L00311,call,2026-02-26
A001075,L00312,email_click,2026-09-14
A001076,L00312,pricing_page_visit,2026-09-26
A001077,L00312,call,2026-09-16
A001078,L00312,email_open,2026-09-06
A001079,L00312,email_open,2026-09-15
A001080,L00312,meeting,2026-09-21
A001081,L00312,pricing_page_visit,2026-09-10
A001082,L00312,demo_request,2026-09-14
A001083,L00312,email_click,2026-09-18
A001084,L00312,meeting,2026-08-27
A001085,L00312,call,2026-08-30
A001086,L00312,demo_request,2026-09-11
A001087,L00313,call,2026-05-28
A001088,L00313,email_open,2026-04-20
A001089,L00314,email_open,2026-03-17
A001090,L00314,call,2026-03-09
A001091,L00315,email_open,2026-05-11
A001092,L00315,demo_request,2026-07-24
A001093,L00315,email_open,2026-02-07
A001094,L00316,email_open,2026-06-22
A001095,L00317,email_open,2025-11-10
A001096,L00317,email_click,2026-04-23
A001097,L00317,pricing_page_visit,2026-07-18
A001098,L00317,pricing_page_visit,2026-01-22
A001099,L00318,email_open,2025-12-09
A001100,L00319,pricing_page_visit,2026-08-09
A001101,L00319,meeting,2026-03-24
A001102,L00320,email_click,2025-11-11
A001103,L00320,email_open,2026-08-22
A001104,L00320,call,2025-11-01
A001105,L00320,email_click,2026-02-10
A001106,L00320,pricing_page_visit,2026-03-06
A001107,L00321,email_open,2026-09-13
A001108,L00321,call,2026-09-01
A001109,L00321,email_open,2026-08-29
A001110,L00321,call,2026-08-27
A001111,L00321,email_open,2026-09-18
A001112,L00322,email_open,2026-04-20
A001113,L00322,email_open,2026-01-07
A001114,L00322,call,2026-08-20
A001115,L00322,email_open,2026-02-03
A001116,L00322,email_open,2025-12-31
A001117,L00323,pricing_page_visit,2025-11-15
A001118,L00323,email_open,2026-07-05
A001119,L00324,email_click,2026-03-09
A001120,L00325,pricing_page_visit,2026-01-30
A001121,L00325,email_click,2026-04-09
A001122,L00325,email_open,2026-07-25
A001123,L00325,demo_request,2026-01-06
A001124,L00326,demo_request,2026-01-27
A001125,L00326,email_open,2026-03-15
A001126,L00326,email_open,2026-09-03
A001127,L00326,demo_request,2026-07-11
A001128,L00326,email_open,2026-08-03
A001129,L00327,email_open,2026-04-03
A001130,L00327,email_click,2025-10-02
A001131,L00327,call,2026-03-27
A001132,L00328,email_open,2026-07-08
A001133,L00329,email_open,2026-05-13
A001134,L00329,call,2026-02-02
A001135,L00329,email_open,2025-12-17
A001136,L00329,email_click,2026-07-22
A001137,L00329,pricing_page_visit,2026-08-14
A001138,L00330,email_open,2025-11-26
A001139,L00330,demo_request,2026-07-16
A001140,L00330,email_open,2025-10-23
A001141,L00330,email_open,2025-10-06
A001142,L00330,email_open,2026-02-11
A001143,L00330,demo_request,2026-05-07
A001144,L00330,email_open,2026-04-21
A001145,L00330,meeting,2025-11-21
A001146,L00330,email_open,2026-04-15
A001147,L00330,email_open,2026-04-12
A001148,L00330,email_open,2025-10-15
A001149,L00331,email_open,2026-03-11
A001150,L00332,email_open,2026-05-20
A001151,L00332,email_click,2025-09-26
A001152,L00332,email_click,2026-01-08
A001153,L00332,pricing_page_visit,2026-02-11
A001154,L00333,demo_request,2026-07-05
A001155,L00333,pricing_page_visit,2026-08-13
A001156,L00333,meeting,2026-02-06
A001157,L00333,meeting,2026-02-25
A001158,L00334,demo_request,2026-01-08
A001159,L00334,email_open,2026-07-26
A001160,L00334,email_open,2025-11-24
A001161,L00335,call,2026-08-30
A001162,L00335,demo_request,2026-09-12
A001163,L00335,demo_request,2026-09-05
A001164,L00335,meeting,2026-09-01
A001165,L00335,email_click,2026-09-24
A001166,L00337,email_open,2026-02-05
A001167,L00337,email_open,2026-04-06
A001168,L00337,meeting,2026-04-28
A001169,L00337,email_open,2025-10-09
A001170,L00338,demo_request,2026-08-30
A001171,L00338,email_click,2026-09-25
A001172,L00338,call,2026-09-12
A001173,L00338,email_open,2026-09-17
A001174,L00338,email_open,2026-09-02
A001175,L00339,email_open,2025-09-28
A001176,L00339,email_click,2025-12-01
A001177,L00339,call,2026-03-18
A001178,L00340,email_open,2025-09-29
A001179,L00341,email_click,2025-12-27
A001180,L00341,email_click,2026-08-09
A001181,L00342,meeting,2025-10-18
A001182,L00342,email_open,2026-05-05
A001183,L00342,email_open,2026-07-20
A001184,L00342,email_open,2025-10-09
A001185,L00343,call,2025-11-29
A001186,L00343,demo_request,2026-06-14
A001187,L00343,email_open,2025-11-18
A001188,L00343,demo_request,2026-08-07
A001189,L00344,email_open,2026-08-28
A001190,L00344,email_open,2026-01-29
A001191,L00344,email_open,2026-05-25
A001192,L00344,email_click,2026-05-19
A001193,L00344,call,2025-10-10
A001194,L00345,email_open,2026-04-02
A001195,L00345,email_open,2025-09-29
A001196,L00345,email_click,2026-07-13
A001197,L00347,pricing_page_visit,2026-01-08
A001198,L00348,call,2026-08-27
A001199,L00348,email_open,2026-05-04
A001200,L00348,email_click,2026-08-06
A001201,L00348,email_click,2025-12-18
A001202,L00348,call,2026-02-05
A001203,L00348,meeting,2026-01-27
A001204,L00348,call,2025-11-14
A001205,L00348,email_open,2026-08-19
A001206,L00348,email_click,2026-08-20
A001207,L00348,email_click,2025-12-17
A001208,L00348,email_open,2025-12-22
A001209,L00348,email_open,2026-06-19
A001210,L00348,pricing_page_visit,2026-01-27
A001211,L00349,email_click,2026-02-09
A001212,L00349,meeting,2026-06-08
A001213,L00350,email_open,2026-01-06
A001214,L00350,call,2025-09-27
A001215,L00351,email_open,2026-01-23
A001216,L00351,email_open,2026-01-08
A001217,L00352,email_open,2025-11-04
A001218,L00352,email_click,2025-12-23
A001219,L00352,email_open,2025-11-10
A001220,L00352,email_open,2026-01-05
A001221,L00352,email_click,2026-09-05
A001222,L00354,call,2026-06-22
A001223,L00354,email_open,2026-01-26
A001224,L00355,email_click,2026-05-14
A001225,L00355,email_open,2026-07-04
A001226,L00355,call,2026-02-19
A001227,L00356,email_open,2026-02-28
A001228,L00356,demo_request,2026-05-15
A001229,L00357,meeting,2026-08-21
A001230,L00357,demo_request,2026-01-13
A001231,L00357,call,2026-04-27
A001232,L00357,call,2026-08-17
A001233,L00358,email_open,2026-01-28
A001234,L00359,pricing_page_visit,2026-04-20
A001235,L00360,email_click,2026-07-06
A001236,L00360,email_open,2025-11-25
A001237,L00360,email_open,2025-10-17
A001238,L00360,email_click,2026-08-25
A001239,L00360,email_open,2026-03-07
A001240,L00361,email_open,2026-02-10
A001241,L00362,email_open,2025-12-28
A001242,L00363,demo_request,2026-07-02
A001243,L00364,pricing_page_visit,2026-09-21
A001244,L00364,call,2026-09-02
A001245,L00364,email_click,2026-09-12
A001246,L00364,email_open,2026-09-01
A001247,L00364,call,2026-08-31
A001248,L00364,email_open,2026-09-05
A001249,L00364,email_open,2026-09-16
A001250,L00364,call,2026-09-20
A001251,L00364,email_open,2026-09-19
A001252,L00365,email_click,2026-08-10
A001253,L00365,email_open,2025-11-11
A001254,L00365,email_open,2025-10-06
A001255,L00365,email_open,2026-08-20
A001256,L00365,email_open,2026-01-21
A001257,L00366,email_open,2026-05-29
A001258,L00366,pricing_page_visit,2025-10-18
A001259,L00366,email_click,2025-12-17
A001260,L00366,email_open,2026-04-16
A001261,L00366,email_open,2025-10-17
A001262,L00366,call,2026-07-26
A001263,L00366,email_open,2025-10-11
A001264,L00367,email_click,2026-08-31
A001265,L00367,email_open,2026-05-17
A001266,L00367,email_open,2025-11-07
A001267,L00367,email_click,2025-10-13
A001268,L00368,pricing_page_visit,2026-01-05
A001269,L00368,meeting,2025-11-18
A001270,L00368,pricing_page_visit,2025-12-04
A001271,L00368,email_open,2025-10-07
A001272,L00368,email_click,2026-04-08
A001273,L00369,email_open,2026-04-05
A001274,L00369,pricing_page_visit,2026-06-25
A001275,L00369,email_open,2025-12-30
A001276,L00369,pricing_page_visit,2025-12-04
A001277,L00369,call,2026-01-12
A001278,L00370,email_open,2026-08-22
A001279,L00371,email_open,2026-01-19
A001280,L00371,email_open,2025-11-02
A001281,L00371,email_open,2025-12-09
A001282,L00371,email_open,2026-05-25
A001283,L00371,email_open,2026-07-01
A001284,L00372,email_open,2025-11-18
A001285,L00372,email_open,2025-11-02
A001286,L00372,email_click,2025-10-31
A001287,L00372,email_click,2025-09-27
A001288,L00373,pricing_page_visit,2026-07-27
A001289,L00376,call,2025-09-26
A001290,L00376,email_open,2026-03-14
A001291,L00378,email_open,2026-03-21
A001292,L00378,email_open,2026-01-26
A001293,L00378,email_open,2025-10-09
A001294,L00378,email_click,2025-10-15
A001295,L00378,pricing_page_visit,2026-08-19
A001296,L00379,email_open,2026-04-07
A001297,L00379,email_click,2026-01-08
A001298,L00379,email_open,2026-04-07
A001299,L00380,pricing_page_visit,2026-01-30
A001300,L00380,email_open,2025-11-24
A001301,L00380,email_click,2025-10-26
A001302,L00380,email_open,2026-09-06
A001303,L00381,email_open,2026-06-23
A001304,L00381,call,2026-02-23
A001305,L00383,call,2026-05-06
A001306,L00383,meeting,2026-01-23
A001307,L00383,email_open,2025-11-17
A001308,L00383,pricing_page_visit,2026-02-06
A001309,L00384,email_open,2026-03-18
A001310,L00384,meeting,2026-04-12
A001311,L00384,email_open,2025-11-26
A001312,L00384,email_click,2026-03-26
A001313,L00385,email_open,2026-01-27
A001314,L00385,call,2025-10-07
A001315,L00387,email_click,2026-08-21
A001316,L00387,email_open,2026-07-22
A001317,L00387,email_open,2026-06-24
A001318,L00387,pricing_page_visit,2026-01-10
A001319,L00388,pricing_page_visit,2026-05-16
A001320,L00388,pricing_page_visit,2026-06-13
A001321,L00388,email_open,2026-02-19
A001322,L00389,email_open,2026-06-03
A001323,L00389,email_open,2026-05-25
A001324,L00389,email_open,2025-12-22
A001325,L00390,email_open,2026-08-04
A001326,L00390,email_open,2026-02-18
A001327,L00390,email_open,2026-07-19
A001328,L00390,email_click,2026-08-20
A001329,L00391,email_click,2026-01-29
A001330,L00391,email_open,2026-08-26
A001331,L00392,demo_request,2026-06-20
A001332,L00393,meeting,2026-01-20
A001333,L00393,call,2025-11-25
A001334,L00394,pricing_page_visit,2025-10-01
A001335,L00394,email_click,2026-03-08
A001336,L00394,email_click,2025-10-19
A001337,L00394,meeting,2026-07-22
A001338,L00394,email_click,2026-01-29
A001339,L00395,pricing_page_visit,2025-11-04
A001340,L00395,email_open,2026-07-19
A001341,L00395,meeting,2026-04-10
A001342,L00395,meeting,2025-10-05
A001343,L00396,meeting,2026-07-13
A001344,L00396,email_open,2026-03-11
A001345,L00396,call,2026-05-03
A001346,L00396,pricing_page_visit,2026-02-04
A001347,L00396,email_open,2025-11-16
A001348,L00397,meeting,2026-05-20
A001349,L00397,pricing_page_visit,2026-05-10
A001350,L00398,meeting,2026-03-24
A001351,L00398,email_open,2025-11-17
A001352,L00398,email_open,2026-03-21
A001353,L00398,email_open,2026-03-14
A001354,L00400,email_click,2026-04-04
A001355,L00400,pricing_page_visit,2026-01-23
A001356,L00400,email_open,2025-12-10
A001357,L00401,email_click,2026-01-22
A001358,L00401,email_open,2026-04-24
A001359,L00401,email_open,2025-10-31
A001360,L00401,call,2025-12-20
A001361,L00402,email_click,2026-02-16
A001362,L00403,email_open,2026-05-07
A001363,L00403,email_open,2025-11-18
A001364,L00404,email_open,2026-02-17
A001365,L00404,call,2025-10-14
A001366,L00404,email_open,2026-05-16
A001367,L00404,email_open,2026-05-11
A001368,L00404,email_open,2025-12-10
A001369,L00405,email_open,2026-07-11
A001370,L00405,email_open,2026-07-16
A001371,L00406,email_open,2026-05-09
A001372,L00406,email_click,2026-08-05
A001373,L00406,email_open,2025-12-01
A001374,L00407,call,2026-09-13
A001375,L00407,email_click,2026-09-14
A001376,L00407,email_open,2026-08-29
A001377,L00407,email_open,2026-09-01
A001378,L00407,email_open,2026-09-11
A001379,L00407,email_open,2026-09-12
A001380,L00407,email_open,2026-09-13
A001381,L00407,pricing_page_visit,2026-09-08
A001382,L00407,email_open,2026-09-03
A001383,L00408,email_open,2026-06-08
A001384,L00408,email_open,2026-03-17
A001385,L00408,email_open,2026-05-08
A001386,L00409,email_open,2026-03-30
A001387,L00409,demo_request,2025-11-28
A001388,L00409,call,2025-12-23
A001389,L00409,pricing_page_visit,2026-08-02
A001390,L00409,pricing_page_visit,2025-10-14
A001391,L00410,email_open,2026-09-10
A001392,L00410,email_click,2026-09-20
A001393,L00410,email_open,2026-09-22
A001394,L00410,call,2026-09-13
A001395,L00410,pricing_page_visit,2026-09-05
A001396,L00410,email_open,2026-09-23
A001397,L00410,call,2026-09-10
A001398,L00410,email_open,2026-09-03
A001399,L00411,email_open,2026-03-17
A001400,L00411,call,2026-01-03
A001401,L00411,email_open,2025-12-15
A001402,L00411,email_open,2026-08-22
A001403,L00412,call,2026-08-30
A001404,L00412,email_click,2026-08-27
A001405,L00412,email_click,2026-08-28
A001406,L00412,email_open,2026-09-25
A001407,L00412,email_open,2026-08-28
A001408,L00412,pricing_page_visit,2026-09-24
A001409,L00412,email_click,2026-09-07
A001410,L00412,email_click,2026-09-08
A001411,L00413,email_click,2026-02-27
A001412,L00413,email_open,2026-03-08
A001413,L00413,email_open,2025-11-16
A001414,L00413,email_open,2025-11-07
A001415,L00413,email_open,2025-11-15
A001416,L00413,email_open,2026-01-25
A001417,L00413,email_open,2026-01-28
A001418,L00413,call,2025-12-28
A001419,L00413,email_open,2026-09-03
A001420,L00413,email_click,2025-10-13
A001421,L00414,email_click,2026-05-25
A001422,L00415,meeting,2026-03-03
A001423,L00415,email_open,2026-07-17
A001424,L00415,email_click,2026-07-26
A001425,L00415,email_open,2025-11-08
A001426,L00416,email_open,2026-05-30
A001427,L00417,email_open,2026-06-29
A001428,L00417,email_open,2026-04-24
A001429,L00418,meeting,2026-08-31
A001430,L00418,email_open,2026-08-30
A001431,L00418,pricing_page_visit,2026-08-28
A001432,L00418,meeting,2026-09-11
A001433,L00419,email_open,2026-06-19
A001434,L00419,pricing_page_visit,2026-04-29
A001435,L00419,email_click,2026-02-20
A001436,L00419,email_open,2026-08-03
A001437,L00420,meeting,2026-07-01
A001438,L00421,email_open,2026-08-07
A001439,L00421,demo_request,2025-11-07
A001440,L00421,demo_request,2026-03-01
A001441,L00421,meeting,2026-01-30
A001442,L00421,email_open,2025-09-27
A001443,L00422,email_open,2026-09-13
A001444,L00422,email_open,2026-09-06
A001445,L00422,email_open,2026-09-24
A001446,L00422,meeting,2026-09-05
A001447,L00422,pricing_page_visit,2026-08-30
A001448,L00423,call,2025-10-27
A001449,L00423,call,2026-05-16
A001450,L00423,email_open,2026-06-05
A001451,L00423,email_open,2025-11-12
A001452,L00423,meeting,2025-12-20
A001453,L00424,pricing_page_visit,2026-06-29
A001454,L00424,email_open,2026-06-21
A001455,L00424,email_open,2026-04-14
A001456,L00424,call,2026-03-16
A001457,L00425,pricing_page_visit,2025-12-22
A001458,L00425,pricing_page_visit,2026-07-15
A001459,L00425,call,2025-11-12
A001460,L00425,pricing_page_visit,2025-10-17
A001461,L00426,call,2026-09-25
A001462,L00426,demo_request,2026-09-15
A001463,L00426,email_open,2026-09-21
A001464,L00426,email_open,2026-09-22
A001465,L00426,call,2026-08-31
A001466,L00426,email_open,2026-09-13
A001467,L00426,email_open,2026-09-23
A001468,L00426,email_open,2026-09-18
A001469,L00426,call,2026-08-27
A001470,L00426,pricing_page_visit,2026-09-09
A001471,L00427,email_open,2026-02-10
A001472,L00427,call,2025-12-03
A001473,L00428,email_click,2026-07-16
A001474,L00428,email_open,2025-11-28
A001475,L00428,call,2026-04-20
A001476,L00428,email_open,2026-03-24
A001477,L00428,email_open,2025-11-21
A001478,L00431,email_open,2025-12-24
A001479,L00431,email_open,2026-07-01
A001480,L00431,pricing_page_visit,2026-01-16
A001481,L00431,email_open,2026-02-15
A001482,L00431,email_open,2025-11-25
A001483,L00432,pricing_page_visit,2026-03-12
A001484,L00432,email_click,2026-08-17
A001485,L00432,email_click,2026-06-26
A001486,L00432,email_click,2026-04-19
A001487,L00433,pricing_page_visit,2026-09-05
A001488,L00433,email_open,2026-09-07
A001489,L00433,email_open,2026-08-28
A001490,L00433,call,2026-09-06
A001491,L00433,email_open,2026-09-13
A001492,L00433,email_open,2026-08-30
A001493,L00434,email_click,2026-01-17
A001494,L00434,email_open,2026-02-19
A001495,L00434,email_click,2025-11-03
A001496,L00434,call,2026-05-30
A001497,L00434,email_open,2026-02-18
A001498,L00435,email_click,2025-12-12
A001499,L00435,demo_request,2026-02-13
A001500,L00436,pricing_page_visit,2026-09-14
A001501,L00436,meeting,2026-09-16
A001502,L00436,email_click,2026-09-26
A001503,L00436,email_open,2026-09-01
A001504,L00436,demo_request,2026-09-14
A001505,L00436,email_open,2026-09-01
A001506,L00436,email_open,2026-09-14
A001507,L00436,email_open,2026-09-02
A001508,L00437,call,2025-12-04
A001509,L00439,email_click,2026-07-03
A001510,L00439,email_open,2026-02-14
A001511,L00440,meeting,2025-09-26
A001512,L00440,email_open,2025-10-08
A001513,L00440,email_open,2026-02-16
A001514,L00440,email_open,2026-06-18
A001515,L00441,email_click,2026-04-08
A001516,L00441,email_open,2026-08-05
A001517,L00441,meeting,2025-12-26
A001518,L00441,demo_request,2026-05-24
A001519,L00441,email_open,2026-06-23
A001520,L00442,email_open,2026-05-26
A001521,L00442,email_open,2026-03-16
A001522,L00443,call,2026-09-06
A001523,L00443,email_click,2025-12-13
A001524,L00443,call,2026-04-01
A001525,L00447,email_open,2026-03-06
A001526,L00448,email_open,2026-07-24
A001527,L00450,meeting,2026-08-29
A001528,L00450,email_open,2025-10-22
A001529,L00451,email_open,2026-06-22
A001530,L00451,email_open,2026-07-05
A001531,L00451,email_open,2026-07-25
A001532,L00451,meeting,2025-11-14
A001533,L00451,email_open,2026-04-27
A001534,L00452,pricing_page_visit,2026-04-18
A001535,L00453,call,2026-04-16
A001536,L00453,call,2025-12-05
A001537,L00453,meeting,2026-01-01
A001538,L00453,email_click,2026-04-24
A001539,L00453,pricing_page_visit,2026-05-29
A001540,L00454,email_click,2026-01-03
A001541,L00454,email_click,2025-12-02
A001542,L00454,email_open,2026-04-04
A001543,L00454,email_open,2026-06-22
A001544,L00454,email_open,2026-07-10
A001545,L00455,email_open,2026-07-21
A001546,L00455,email_open,2025-10-23
A001547,L00455,meeting,2025-12-16
A001548,L00455,email_open,2026-07-13
A001549,L00457,email_open,2026-03-31
A001550,L00457,email_open,2026-02-09
A001551,L00457,email_open,2026-01-12
A001552,L00457,email_click,2025-10-26
A001553,L00458,call,2026-03-20
A001554,L00458,email_open,2026-01-07
A001555,L00458,email_click,2026-04-15
A001556,L00459,call,2026-02-05
A001557,L00459,email_open,2026-04-06
A001558,L00460,email_open,2025-12-28
A001559,L00460,call,2026-06-22
A001560,L00460,email_open,2026-04-08
A001561,L00460,pricing_page_visit,2026-07-03
A001562,L00461,email_open,2026-08-03
A001563,L00462,pricing_page_visit,2026-06-03
A001564,L00462,email_click,2026-03-21
A001565,L00462,email_open,2026-05-02
A001566,L00462,email_open,2026-03-03
A001567,L00463,email_click,2025-12-19
A001568,L00463,demo_request,2026-06-17
A001569,L00463,email_open,2026-04-25
A001570,L00463,email_open,2026-01-07
A001571,L00463,email_open,2026-02-25
A001572,L00464,email_open,2025-12-01
A001573,L00464,demo_request,2026-04-06
A001574,L00464,email_open,2025-12-24
A001575,L00464,email_open,2025-10-01
A001576,L00465,email_click,2026-09-20
A001577,L00465,email_open,2026-08-31
A001578,L00465,call,2026-09-04
A001579,L00465,meeting,2026-09-09
A001580,L00465,email_open,2026-09-20
A001581,L00465,email_open,2026-09-02
A001582,L00465,call,2026-09-22
A001583,L00465,email_open,2026-09-23
A001584,L00465,pricing_page_visit,2026-09-25
A001585,L00465,email_click,2026-09-17
A001586,L00465,pricing_page_visit,2026-08-27
A001587,L00465,email_open,2026-09-01
A001588,L00465,demo_request,2026-09-19
A001589,L00465,email_open,2026-08-31
A001590,L00466,email_open,2026-08-28
A001591,L00466,email_open,2026-09-22
A001592,L00466,email_click,2026-08-30
A001593,L00466,email_click,2026-08-28
A001594,L00466,email_open,2026-09-04
A001595,L00466,email_click,2026-09-18
A001596,L00466,meeting,2026-09-20
A001597,L00466,email_open,2026-09-01
A001598,L00466,email_click,2026-09-11
A001599,L00466,email_open,2026-09-23
A001600,L00467,email_open,2026-05-05
A001601,L00467,meeting,2025-11-13
A001602,L00468,email_click,2025-10-26
A001603,L00470,pricing_page_visit,2026-09-01
A001604,L00470,pricing_page_visit,2026-09-19
A001605,L00470,email_open,2026-09-07
A001606,L00470,email_click,2026-09-15
A001607,L00471,pricing_page_visit,2025-11-28
A001608,L00471,pricing_page_visit,2025-10-21
A001609,L00471,email_open,2025-12-09
A001610,L00471,email_click,2026-07-21
A001611,L00472,email_click,2026-08-10
A001612,L00472,meeting,2026-07-02
A001613,L00472,email_open,2025-11-17
A001614,L00473,email_click,2026-05-18
A001615,L00473,email_click,2026-05-17
A001616,L00473,email_click,2025-12-29
A001617,L00474,call,2026-05-22
A001618,L00474,email_open,2026-06-16
A001619,L00474,email_open,2026-05-12
A001620,L00474,meeting,2026-03-26
A001621,L00476,email_open,2026-01-19
A001622,L00476,email_open,2026-07-08
A001623,L00476,demo_request,2025-12-12
A001624,L00477,email_click,2026-04-01
A001625,L00477,email_click,2025-12-26
A001626,L00477,email_open,2026-01-14
A001627,L00478,email_open,2026-08-30
A001628,L00478,demo_request,2026-09-02
A001629,L00478,email_open,2026-09-26
A001630,L00478,email_open,2026-08-27
A001631,L00478,email_open,2026-08-27
A001632,L00478,pricing_page_visit,2026-09-21
A001633,L00478,call,2026-09-09
A001634,L00478,call,2026-09-23
A001635,L00478,call,2026-09-21
A001636,L00478,call,2026-09-06
A001637,L00480,call,2025-12-23
A001638,L00481,email_open,2025-11-26
A001639,L00481,call,2026-01-24
A001640,L00481,email_open,2026-04-26
A001641,L00481,pricing_page_visit,2026-05-19
A001642,L00482,call,2026-04-06
A001643,L00483,pricing_page_visit,2026-01-29
A001644,L00483,email_click,2025-10-02
A001645,L00484,email_open,2026-02-15
A001646,L00484,email_open,2026-04-20
A001647,L00484,email_click,2026-05-11
A001648,L00485,email_open,2026-08-28
A001649,L00485,email_open,2026-09-16
A001650,L00485,email_click,2026-09-03
A001651,L00485,email_open,2026-08-29
A001652,L00485,demo_request,2026-09-24
A001653,L00485,email_open,2026-09-10
A001654,L00485,pricing_page_visit,2026-08-30
A001655,L00486,email_open,2026-04-26
A001656,L00486,email_open,2026-08-23
A001657,L00487,email_open,2025-11-25
A001658,L00487,pricing_page_visit,2026-01-07
A001659,L00487,call,2026-08-28
A001660,L00487,email_open,2026-05-14
A001661,L00487,call,2026-04-30
A001662,L00488,email_open,2026-02-08
A001663,L00488,pricing_page_visit,2025-11-14
A001664,L00488,email_open,2026-03-05
A001665,L00488,pricing_page_visit,2025-11-28
A001666,L00489,email_open,2026-04-27
A001667,L00489,email_open,2025-10-23
A001668,L00489,email_open,2025-11-17
A001669,L00489,call,2026-07-15
A001670,L00489,email_open,2026-02-09
A001671,L00490,email_open,2025-11-15
A001672,L00490,email_click,2025-12-30
A001673,L00490,email_open,2026-01-31
A001674,L00490,email_click,2026-01-06
A001675,L00490,email_click,2025-11-20
A001676,L00491,email_open,2026-05-23
A001677,L00491,call,2026-04-01
A001678,L00491,email_open,2026-04-28
A001679,L00491,demo_request,2026-07-31
A001680,L00492,call,2025-11-26
A001681,L00493,pricing_page_visit,2026-09-01
A001682,L00493,email_open,2026-09-13
A001683,L00493,call,2026-08-30
A001684,L00493,email_open,2026-09-20
A001685,L00493,email_click,2026-09-26
A001686,L00493,pricing_page_visit,2026-09-11
A001687,L00493,call,2026-09-23
A001688,L00493,email_open,2026-09-26
A001689,L00493,email_open,2026-09-24
A001690,L00493,email_open,2026-09-07
A001691,L00493,email_open,2026-09-17
A001692,L00493,email_click,2026-09-26
A001693,L00494,pricing_page_visit,2026-02-07
A001694,L00495,email_click,2026-07-30
A001695,L00495,email_open,2025-11-11
A001696,L00495,email_click,2026-07-24
A001697,L00496,demo_request,2026-09-23
A001698,L00496,call,2026-09-14
A001699,L00496,call,2026-08-28
A001700,L00496,call,2026-08-31
A001701,L00496,email_click,2026-09-07
A001702,L00496,email_open,2026-08-31
A001703,L00496,email_click,2026-09-01
A001704,L00496,pricing_page_visit,2026-09-08
A001705,L00496,demo_request,2026-09-16
A001706,L00496,demo_request,2026-09-11
A001707,L00496,email_open,2026-09-05
A001708,L00496,meeting,2026-09-14
A001709,L00497,email_open,2025-09-30
A001710,L00497,email_open,2026-01-18
A001711,L00497,email_open,2026-08-19
A001712,L00497,email_click,2026-02-17
A001713,L00498,call,2026-09-12
A001714,L00498,email_open,2026-09-17
A001715,L00498,email_open,2026-09-21
A001716,L00498,email_open,2026-09-10
A001717,L00498,call,2026-09-08
A001718,L00498,email_click,2026-09-21
A001719,L00499,email_click,2026-01-09
A001720,L00499,email_open,2025-10-11
A001721,L00500,email_open,2026-05-29
A001722,L00500,email_open,2025-12-30
A001723,L00500,email_click,2026-07-08
A001724,L00500,email_open,2026-03-19
A001725,L00500,email_open,2025-10-25
A001726,L00501,pricing_page_visit,2026-09-20
A001727,L00501,email_click,2026-09-21
A001728,L00501,pricing_page_visit,2026-08-30
A001729,L00501,email_open,2026-08-31
A001730,L00501,demo_request,2026-09-13
A001731,L00501,email_click,2026-09-13
A001732,L00501,email_click,2026-09-04
A001733,L00501,email_click,2026-09-06
A001734,L00501,pricing_page_visit,2026-09-13
A001735,L00501,call,2026-09-25
A001736,L00501,meeting,2026-09-10
A001737,L00502,email_click,2026-03-13
A001738,L00502,email_click,2026-01-04
A001739,L00502,call,2025-11-08
A001740,L00502,email_open,2026-05-21
A001741,L00503,demo_request,2026-02-08
A001742,L00504,email_open,2026-02-23
A001743,L00504,email_open,2025-12-30
A001744,L00504,email_open,2025-12-28
A001745,L00505,email_click,2026-04-24
A001746,L00505,pricing_page_visit,2025-12-15
A001747,L00506,email_open,2025-10-25
A001748,L00506,email_open,2025-11-12
A001749,L00506,pricing_page_visit,2026-01-23
A001750,L00506,pricing_page_visit,2026-03-12
A001751,L00506,email_open,2025-10-20
A001752,L00507,email_open,2026-01-23
A001753,L00508,pricing_page_visit,2025-10-15
A001754,L00508,email_open,2026-08-25
A001755,L00509,email_open,2026-06-12
A001756,L00511,pricing_page_visit,2025-12-12
A001757,L00511,email_click,2026-03-29
A001758,L00512,email_click,2026-03-20
A001759,L00512,meeting,2026-05-08
A001760,L00512,email_open,2026-03-12
A001761,L00512,email_open,2026-08-21
A001762,L00512,call,2026-01-03
A001763,L00513,email_open,2026-05-19
A001764,L00513,email_open,2025-12-07
A001765,L00514,email_click,2026-06-03
A001766,L00514,pricing_page_visit,2026-07-07
A001767,L00514,email_open,2025-11-03
A001768,L00515,email_click,2026-04-18
A001769,L00515,call,2026-08-23
A001770,L00515,email_click,2026-01-15
A001771,L00515,email_open,2026-04-19
A001772,L00515,email_open,2026-09-06
A001773,L00516,email_open,2026-04-28
A001774,L00516,call,2026-03-30
A001775,L00516,email_open,2026-06-26
A001776,L00517,email_open,2025-12-08
A001777,L00517,email_click,2025-11-13
A001778,L00517,email_open,2026-05-26
A001779,L00517,meeting,2026-02-16
A001780,L00518,email_open,2026-02-17
A001781,L00518,call,2026-08-18
A001782,L00518,email_open,2026-06-29
A001783,L00518,meeting,2026-05-29
A001784,L00518,call,2025-11-18
A001785,L00519,email_open,2025-11-06
A001786,L00519,email_open,2026-08-10
A001787,L00520,email_open,2026-08-02
A001788,L00520,email_open,2026-07-23
A001789,L00520,email_open,2025-10-20
A001790,L00520,email_click,2026-08-15
A001791,L00521,email_open,2025-11-05
A001792,L00521,email_open,2026-02-18
A001793,L00521,email_open,2025-12-15
A001794,L00521,email_open,2026-01-13
A001795,L00522,email_click,2025-12-15
A001796,L00522,email_open,2026-05-09
A001797,L00522,call,2026-08-26
A001798,L00522,email_open,2026-04-25
A001799,L00522,email_open,2026-03-26
A001800,L00523,email_open,2026-01-07
A001801,L00523,email_click,2026-05-22
A001802,L00523,call,2026-08-26
A001803,L00523,meeting,2026-03-14
A001804,L00523,pricing_page_visit,2025-10-13
A001805,L00524,email_open,2026-01-10
A001806,L00524,email_open,2026-02-12
A001807,L00524,call,2026-01-09
A001808,L00525,email_open,2026-07-25
A001809,L00525,pricing_page_visit,2025-12-03
A001810,L00525,pricing_page_visit,2026-07-07
A001811,L00526,email_open,2026-02-14
A001812,L00526,meeting,2026-05-18
A001813,L00526,email_click,2026-07-03
A001814,L00526,email_open,2026-01-13
A001815,L00527,pricing_page_visit,2025-12-14
A001816,L00527,demo_request,2025-09-27
A001817,L00527,email_open,2026-05-23
A001818,L00527,meeting,2026-05-02
A001819,L00528,email_open,2026-03-19
A001820,L00528,meeting,2025-12-22
A001821,L00528,call,2026-09-01
A001822,L00528,email_click,2026-08-04
A001823,L00529,call,2026-02-11
A001824,L00529,call,2026-03-04
A001825,L00529,email_open,2026-08-22
A001826,L00529,call,2026-04-23
A001827,L00529,email_open,2026-08-19
A001828,L00530,email_open,2025-12-05
A001829,L00530,pricing_page_visit,2026-04-05
A001830,L00530,email_open,2026-04-22
A001831,L00530,email_click,2026-05-29
A001832,L00531,email_open,2026-03-11
A001833,L00532,meeting,2026-03-22
A001834,L00532,pricing_page_visit,2026-09-03
A001835,L00532,call,2026-04-25
A001836,L00533,email_open,2026-08-08
A001837,L00533,email_click,2026-06-02
A001838,L00533,email_open,2026-01-18
A001839,L00534,email_open,2025-10-02
A001840,L00534,call,2026-04-28
A001841,L00534,email_open,2026-07-26
A001842,L00534,email_open,2025-12-15
A001843,L00535,email_click,2026-04-23
A001844,L00535,meeting,2026-04-23
A001845,L00535,meeting,2025-11-28
A001846,L00535,email_click,2025-11-17
A001847,L00536,email_click,2026-08-25
A001848,L00536,email_open,2026-06-03
A001849,L00536,demo_request,2026-08-20
A001850,L00536,email_click,2026-02-28
A001851,L00536,email_open,2026-03-15
A001852,L00537,email_click,2026-08-10
A001853,L00537,email_open,2026-03-05
A001854,L00537,email_open,2025-10-09
A001855,L00537,email_open,2026-07-02
A001856,L00538,pricing_page_visit,2026-02-13
A001857,L00538,email_open,2026-05-17
A001858,L00538,email_open,2025-11-03
A001859,L00538,call,2026-06-14
A001860,L00539,call,2026-02-14
A001861,L00539,email_open,2026-09-05
A001862,L00541,email_click,2026-03-10
A001863,L00541,email_open,2026-08-07
A001864,L00541,call,2026-01-12
A001865,L00541,email_open,2026-06-15
A001866,L00541,email_open,2026-06-24
A001867,L00542,email_click,2026-05-19
A001868,L00542,email_open,2026-03-23
A001869,L00542,email_open,2026-04-10
A001870,L00542,email_open,2026-07-28
A001871,L00542,pricing_page_visit,2025-12-08
A001872,L00543,call,2026-09-04
A001873,L00543,call,2026-08-28
A001874,L00543,email_click,2026-09-01
A001875,L00543,meeting,2026-09-17
A001876,L00547,email_open,2026-04-12
A001877,L00547,pricing_page_visit,2026-05-18
A001878,L00548,email_open,2026-01-01
A001879,L00548,email_click,2026-05-25
A001880,L00549,meeting,2026-06-22
A001881,L00549,email_open,2026-03-22
A001882,L00549,pricing_page_visit,2026-03-23
A001883,L00549,email_open,2026-07-15
A001884,L00551,email_open,2026-06-02
A001885,L00551,call,2026-06-28
A001886,L00551,email_open,2026-04-19
A001887,L00552,email_open,2026-07-18
A001888,L00552,email_click,2026-06-04
A001889,L00552,meeting,2026-03-04
A001890,L00552,pricing_page_visit,2026-02-04
A001891,L00553,pricing_page_visit,2026-07-28
A001892,L00553,email_open,2026-03-17
A001893,L00553,email_click,2026-05-05
A001894,L00553,email_open,2025-12-18
A001895,L00554,pricing_page_visit,2026-08-30
A001896,L00554,call,2026-09-16
A001897,L00554,call,2026-09-18
A001898,L00554,pricing_page_visit,2026-09-12
A001899,L00554,email_open,2026-09-05
A001900,L00554,call,2026-09-26
A001901,L00554,call,2026-09-02
A001902,L00554,email_open,2026-09-09
A001903,L00554,email_open,2026-09-03
A001904,L00554,email_open,2026-09-04
A001905,L00555,email_open,2025-11-18
A001906,L00555,email_open,2026-04-29
A001907,L00555,email_open,2026-04-11
A001908,L00555,email_open,2026-03-20
A001909,L00555,email_open,2026-02-07
A001910,L00556,email_open,2026-03-10
A001911,L00556,email_click,2026-05-22
A001912,L00557,email_click,2026-07-29
A001913,L00557,call,2025-12-21
A001914,L00558,pricing_page_visit,2026-01-21
A001915,L00559,email_open,2026-01-18
A001916,L00559,email_click,2025-12-28
A001917,L00560,meeting,2026-03-01
A001918,L00560,email_open,2026-07-08
A001919,L00560,email_open,2025-12-17
A001920,L00560,email_open,2026-04-12
A001921,L00561,email_click,2026-01-09
A001922,L00563,email_open,2026-03-21
A001923,L00563,meeting,2025-11-03
A001924,L00563,demo_request,2025-11-30
A001925,L00563,call,2025-11-19
A001926,L00563,pricing_page_visit,2026-02-05
A001927,L00564,meeting,2026-07-14
A001928,L00564,email_open,2026-07-01
A001929,L00565,email_open,2026-02-03
A001930,L00565,pricing_page_visit,2025-12-30
A001931,L00565,email_open,2026-03-22
A001932,L00565,email_open,2026-05-16
A001933,L00567,email_open,2026-04-25
A001934,L00567,email_click,2026-08-27
A001935,L00567,email_open,2026-07-05
A001936,L00568,email_click,2026-01-02
A001937,L00569,call,2026-04-15
A001938,L00571,email_open,2025-12-26
A001939,L00572,call,2026-08-09
A001940,L00572,email_open,2026-03-04
A001941,L00572,email_open,2026-05-06
A001942,L00572,call,2026-03-10
A001943,L00572,email_open,2026-03-18
A001944,L00573,meeting,2026-06-03
A001945,L00573,demo_request,2026-02-01
A001946,L00574,email_open,2026-02-28
A001947,L00574,call,2025-10-05
A001948,L00574,email_click,2026-02-06
A001949,L00574,email_open,2026-08-10
A001950,L00574,email_click,2025-10-28
A001951,L00576,email_click,2026-08-22
A001952,L00576,email_click,2026-08-11
A001953,L00576,email_open,2026-07-28
A001954,L00576,email_click,2026-03-01
A001955,L00576,meeting,2026-01-08
A001956,L00577,email_open,2025-11-14
A001957,L00578,email_open,2025-11-26
A001958,L00580,pricing_page_visit,2026-05-05
A001959,L00580,meeting,2025-09-29
A001960,L00580,pricing_page_visit,2026-08-19
A001961,L00580,email_click,2025-12-15
A001962,L00581,email_open,2026-08-25
A001963,L00581,demo_request,2026-08-20
A001964,L00581,email_open,2025-11-28
A001965,L00581,email_open,2026-07-28
A001966,L00582,call,2026-09-21
A001967,L00582,email_open,2026-09-14
A001968,L00582,email_open,2026-09-25
A001969,L00582,email_click,2026-09-20
A001970,L00582,pricing_page_visit,2026-09-03
A001971,L00582,email_open,2026-09-20
A001972,L00582,meeting,2026-09-13
A001973,L00582,email_open,2026-09-08
A001974,L00582,email_open,2026-08-28
A001975,L00583,meeting,2026-09-09
A001976,L00583,email_click,2026-09-12
A001977,L00583,email_click,2026-08-27
A001978,L00583,pricing_page_visit,2026-08-27
A001979,L00583,email_open,2026-09-09
A001980,L00583,email_click,2026-09-10
A001981,L00583,email_open,2026-08-27
A001982,L00583,meeting,2026-09-10
A001983,L00583,email_open,2026-09-02
A001984,L00583,email_open,2026-09-12
A001985,L00583,email_open,2026-09-19
A001986,L00583,pricing_page_visit,2026-09-18
A001987,L00583,meeting,2026-09-01
A001988,L00583,email_open,2026-09-26
A001989,L00584,email_click,2026-07-21
A001990,L00584,email_open,2026-06-03
A001991,L00585,email_open,2026-01-03
A001992,L00585,email_open,2026-02-07
A001993,L00585,email_open,2026-08-22
A001994,L00586,email_click,2026-06-13
A001995,L00586,call,2025-11-04
A001996,L00586,call,2026-02-10
A001997,L00586,email_open,2025-11-06
A001998,L00586,call,2026-03-23
A001999,L00587,pricing_page_visit,2026-01-07
A002000,L00587,email_open,2026-04-05
A002001,L00587,email_open,2025-11-20
A002002,L00587,email_open,2026-02-20
A002003,L00587,email_click,2025-10-02
A002004,L00588,email_open,2026-09-07
A002005,L00588,email_open,2026-09-01
A002006,L00588,email_click,2026-09-04
A002007,L00588,email_open,2026-09-24
A002008,L00588,call,2026-09-16
A002009,L00588,call,2026-09-14
A002010,L00588,email_open,2026-09-22
A002011,L00588,email_open,2026-09-18
A002012,L00589,email_click,2026-09-01
A002013,L00589,call,2026-09-02
A002014,L00589,email_open,2026-09-09
A002015,L00589,meeting,2026-09-01
A002016,L00589,email_open,2026-09-02
A002017,L00589,demo_request,2026-09-14
A002018,L00590,demo_request,2025-12-15
A002019,L00590,email_open,2026-07-06
A002020,L00590,pricing_page_visit,2025-12-05
A002021,L00590,email_open,2026-06-27
A002022,L00590,email_click,2026-06-24
A002023,L00591,pricing_page_visit,2025-10-11
A002024,L00591,email_open,2026-02-22
A002025,L00591,email_click,2026-06-28
A002026,L00591,email_open,2026-08-11
A002027,L00591,email_open,2026-05-23
A002028,L00592,email_click,2026-04-21
A002029,L00592,email_open,2026-02-20
A002030,L00592,pricing_page_visit,2026-08-05
A002031,L00592,email_open,2026-02-07
A002032,L00592,email_click,2026-04-05
A002033,L00593,demo_request,2025-12-27
A002034,L00593,email_click,2026-08-11
A002035,L00593,meeting,2026-03-22
A002036,L00593,email_open,2026-02-21
A002037,L00594,pricing_page_visit,2026-01-19
A002038,L00594,pricing_page_visit,2025-10-08
A002039,L00595,call,2026-01-14
A002040,L00595,email_click,2025-11-23
A002041,L00597,email_open,2026-07-01
A002042,L00597,meeting,2025-10-15
A002043,L00598,email_open,2025-10-14
A002044,L00598,email_open,2025-11-02
A002045,L00598,email_open,2026-02-06
A002046,L00598,meeting,2026-06-14
A002047,L00598,email_click,2026-03-02
A002048,L00599,demo_request,2026-03-09
A002049,L00599,email_open,2026-05-01
A002050,L00600,email_open,2026-04-10
A002051,L00601,email_click,2026-01-23
A002052,L00601,email_open,2026-07-17
A002053,L00601,call,2026-06-28
A002054,L00601,email_open,2026-03-24
A002055,L00601,email_open,2025-11-16
A002056,L00602,email_open,2025-10-05
A002057,L00602,email_open,2026-03-16
A002058,L00602,email_open,2025-10-20
A002059,L00602,email_open,2026-05-15
A002060,L00602,email_open,2025-11-30
A002061,L00602,email_open,2025-12-02
A002062,L00602,email_open,2026-04-25
A002063,L00602,demo_request,2026-06-03
A002064,L00602,call,2025-11-22
A002065,L00602,email_click,2026-01-06
A002066,L00602,meeting,2026-02-08
A002067,L00602,pricing_page_visit,2026-05-25
A002068,L00603,pricing_page_visit,2026-08-13
A002069,L00603,call,2026-07-03
A002070,L00603,email_open,2025-11-30
A002071,L00604,email_open,2026-09-03
A002072,L00604,call,2026-09-07
A002073,L00604,demo_request,2026-09-03
A002074,L00604,call,2026-09-25
A002075,L00604,email_open,2026-09-22
A002076,L00604,email_open,2026-09-24
A002077,L00604,email_click,2026-09-15
A002078,L00604,email_click,2026-08-31
A002079,L00604,pricing_page_visit,2026-08-31
A002080,L00604,meeting,2026-09-08
A002081,L00605,email_open,2025-11-04
A002082,L00605,email_open,2026-07-01
A002083,L00605,email_click,2026-06-06
A002084,L00606,email_open,2026-07-11
A002085,L00606,call,2026-05-19
A002086,L00606,email_open,2025-12-23
A002087,L00606,call,2026-08-15
A002088,L00608,pricing_page_visit,2026-03-03
A002089,L00608,email_open,2026-08-17
A002090,L00608,email_open,2026-09-01
A002091,L00609,meeting,2026-06-27
A002092,L00610,email_click,2026-09-17
A002093,L00610,email_open,2026-08-28
A002094,L00610,email_open,2026-09-12
A002095,L00610,email_open,2026-09-12
A002096,L00610,email_open,2026-08-31
A002097,L00610,email_open,2026-09-17
A002098,L00610,email_open,2026-09-07
A002099,L00610,email_open,2026-09-17
A002100,L00610,email_open,2026-09-24
A002101,L00610,email_open,2026-09-13
A002102,L00610,email_open,2026-09-14
A002103,L00610,call,2026-09-21
A002104,L00611,email_open,2026-02-07
A002105,L00611,demo_request,2026-03-17
A002106,L00611,email_click,2026-02-04
A002107,L00612,email_click,2026-03-21
A002108,L00612,email_open,2026-02-03
A002109,L00613,meeting,2025-09-26
A002110,L00614,meeting,2026-08-08
A002111,L00614,email_open,2026-03-30
A002112,L00614,email_open,2026-09-03
A002113,L00614,meeting,2026-03-08
A002114,L00614,meeting,2026-01-26
A002115,L00618,email_open,2025-12-13
A002116,L00619,email_click,2025-11-04
A002117,L00619,email_open,2026-06-06
A002118,L00619,demo_request,2026-03-04
A002119,L00619,call,2026-06-02
A002120,L00619,email_click,2026-05-12
A002121,L00619,call,2026-05-11
A002122,L00619,email_open,2026-03-01
A002123,L00619,email_open,2026-04-15
A002124,L00619,pricing_page_visit,2026-03-27
A002125,L00619,demo_request,2026-02-04
A002126,L00621,email_open,2026-06-24
A002127,L00621,call,2025-12-10
A002128,L00621,email_open,2026-06-23
A002129,L00621,email_open,2026-02-16
A002130,L00622,pricing_page_visit,2026-03-19
A002131,L00622,email_click,2026-03-21
A002132,L00622,pricing_page_visit,2025-11-17
A002133,L00623,email_open,2026-08-30
A002134,L00623,call,2026-08-29
A002135,L00623,email_open,2026-09-04
A002136,L00623,email_open,2026-09-10
A002137,L00624,email_open,2025-10-31
A002138,L00624,email_open,2026-04-14
A002139,L00624,email_open,2026-03-04
A002140,L00624,pricing_page_visit,2026-05-15
A002141,L00624,demo_request,2026-05-26
A002142,L00624,call,2026-09-03
A002143,L00624,email_open,2026-03-02
A002144,L00624,pricing_page_visit,2026-05-30
A002145,L00624,email_click,2026-08-10
A002146,L00625,meeting,2026-09-23
A002147,L00625,email_open,2026-09-18
A002148,L00625,email_open,2026-08-28
A002149,L00625,email_open,2026-09-06
A002150,L00625,pricing_page_visit,2026-09-23
A002151,L00625,call,2026-09-26
A002152,L00625,call,2026-09-03
A002153,L00625,email_open,2026-09-25
A002154,L00625,email_open,2026-09-21
A002155,L00625,email_open,2026-09-04
A002156,L00625,meeting,2026-09-21
A002157,L00625,email_click,2026-09-05
A002158,L00626,call,2025-10-20
A002159,L00627,email_click,2026-01-20
A002160,L00627,pricing_page_visit,2025-12-04
A002161,L00627,email_open,2025-12-10
A002162,L00627,email_open,2026-02-25
A002163,L00627,email_click,2026-02-27
A002164,L00628,email_open,2026-08-27
A002165,L00628,pricing_page_visit,2026-08-27
A002166,L00628,pricing_page_visit,2026-09-08
A002167,L00628,email_open,2026-09-02
A002168,L00628,pricing_page_visit,2026-09-25
A002169,L00628,pricing_page_visit,2026-09-03
A002170,L00628,email_open,2026-08-31
A002171,L00628,email_click,2026-09-02
A002172,L00628,email_open,2026-09-02
A002173,L00628,email_click,2026-09-19
A002174,L00628,pricing_page_visit,2026-09-24
A002175,L00628,email_click,2026-09-20
A002176,L00628,demo_request,2026-09-14
A002177,L00629,email_open,2025-11-02
A002178,L00629,pricing_page_visit,2026-04-28
A002179,L00629,pricing_page_visit,2026-08-15
A002180,L00630,pricing_page_visit,2025-10-19
A002181,L00630,email_open,2026-03-09
A002182,L00630,call,2026-03-19
A002183,L00630,email_click,2026-03-02
A002184,L00630,email_click,2025-10-02
A002185,L00631,call,2026-09-03
A002186,L00631,email_click,2026-02-18
A002187,L00631,email_open,2026-08-31
A002188,L00632,email_open,2026-06-23
A002189,L00632,pricing_page_visit,2026-06-05
A002190,L00632,email_click,2025-11-13
A002191,L00632,pricing_page_visit,2026-06-17
A002192,L00632,email_open,2026-07-03
A002193,L00633,pricing_page_visit,2026-08-04
A002194,L00633,email_open,2026-01-26
A002195,L00633,email_click,2026-08-27
A002196,L00633,pricing_page_visit,2026-08-24
A002197,L00633,demo_request,2026-05-17
A002198,L00636,email_open,2025-11-26
A002199,L00636,email_open,2026-01-10
A002200,L00636,email_open,2026-05-29
A002201,L00636,demo_request,2025-12-25
A002202,L00637,email_open,2026-08-25
A002203,L00637,email_open,2025-09-29
A002204,L00637,pricing_page_visit,2025-12-12
A002205,L00637,email_click,2025-12-29
A002206,L00637,call,2026-08-12
A002207,L00638,email_click,2026-09-22
A002208,L00638,pricing_page_visit,2026-09-10
A002209,L00638,email_open,2026-08-27
A002210,L00638,email_open,2026-09-08
A002211,L00638,email_open,2026-09-06
A002212,L00638,pricing_page_visit,2026-09-03
A002213,L00638,email_click,2026-09-14
A002214,L00638,email_open,2026-09-26
A002215,L00638,demo_request,2026-09-12
A002216,L00638,email_open,2026-09-16
A002217,L00638,demo_request,2026-09-15
A002218,L00638,email_open,2026-09-01
A002219,L00638,email_click,2026-09-23
A002220,L00638,demo_request,2026-08-31
A002221,L00641,email_open,2025-11-19
A002222,L00641,meeting,2025-10-02
A002223,L00642,pricing_page_visit,2025-09-28
A002224,L00642,email_click,2026-03-10
A002225,L00643,email_open,2026-09-13
A002226,L00643,email_click,2026-09-18
A002227,L00643,meeting,2026-09-03
A002228,L00643,email_click,2026-09-06
A002229,L00643,email_click,2026-09-15
A002230,L00643,email_click,2026-09-09
A002231,L00643,email_open,2026-09-23
A002232,L00643,email_click,2026-09-11
A002233,L00643,email_open,2026-09-12
A002234,L00643,meeting,2026-09-17
A002235,L00643,email_click,2026-09-07
A002236,L00644,meeting,2025-09-30
A002237,L00644,pricing_page_visit,2026-03-20
A002238,L00644,pricing_page_visit,2026-04-02
A002239,L00644,email_open,2026-05-09
A002240,L00645,email_click,2026-01-09
A002241,L00645,call,2026-06-08
A002242,L00645,email_open,2026-08-19
A002243,L00645,call,2025-10-28
A002244,L00646,email_open,2026-04-29
A002245,L00646,email_open,2025-11-15
A002246,L00646,email_open,2026-02-23
A002247,L00646,call,2026-07-11
A002248,L00646,email_click,2025-11-19
A002249,L00647,email_click,2026-05-22
A002250,L00647,email_open,2026-08-18
A002251,L00647,email_open,2026-07-29
A002252,L00647,email_open,2025-11-26
A002253,L00648,email_open,2025-10-13
A002254,L00649,email_click,2026-01-05
A002255,L00650,email_open,2026-03-21
A002256,L00651,email_open,2026-06-29
A002257,L00651,email_click,2026-04-18
A002258,L00651,call,2025-12-29
A002259,L00651,email_open,2025-12-22
A002260,L00651,email_open,2026-06-03
A002261,L00652,email_click,2025-10-01
A002262,L00652,email_click,2026-04-11
A002263,L00652,pricing_page_visit,2026-07-06
A002264,L00653,demo_request,2026-07-03
A002265,L00653,email_open,2026-05-16
A002266,L00653,email_open,2025-10-11
A002267,L00653,email_click,2026-01-29
A002268,L00655,pricing_page_visit,2026-01-25
A002269,L00655,email_open,2025-10-12
A002270,L00655,pricing_page_visit,2026-03-29
A002271,L00655,email_open,2026-01-03
A002272,L00656,pricing_page_visit,2025-11-22
A002273,L00656,email_open,2026-04-06
A002274,L00656,email_open,2026-07-04
A002275,L00657,email_open,2026-03-27
A002276,L00658,email_click,2026-07-29
A002277,L00659,email_click,2026-09-25
A002278,L00659,call,2026-09-22
A002279,L00659,meeting,2026-09-12
A002280,L00659,email_open,2026-09-07
A002281,L00659,email_open,2026-09-25
A002282,L00659,pricing_page_visit,2026-09-20
A002283,L00659,email_open,2026-09-04
A002284,L00659,call,2026-09-12
A002285,L00659,pricing_page_visit,2026-09-13
A002286,L00660,email_open,2026-05-27
A002287,L00660,email_click,2026-02-10
A002288,L00660,email_click,2026-01-14
A002289,L00660,demo_request,2025-12-14
A002290,L00661,email_open,2025-11-17
A002291,L00661,call,2026-05-13
A002292,L00662,pricing_page_visit,2026-04-20
A002293,L00662,email_open,2026-07-14
A002294,L00662,email_open,2026-08-03
A002295,L00662,email_open,2026-06-24
A002296,L00663,email_click,2026-04-26
A002297,L00663,email_click,2026-03-12
A002298,L00663,email_open,2025-11-11
A002299,L00663,email_open,2026-09-06
A002300,L00663,email_open,2025-12-12
A002301,L00664,email_click,2025-10-14
A002302,L00664,email_click,2025-10-29
A002303,L00664,meeting,2025-10-23
A002304,L00664,pricing_page_visit,2026-05-20
A002305,L00665,email_click,2026-03-01
A002306,L00665,email_open,2026-03-26
A002307,L00665,email_open,2026-04-02
A002308,L00665,call,2025-10-17
A002309,L00665,email_open,2026-07-23
A002310,L00666,email_open,2026-06-02
A002311,L00666,email_open,2026-03-01
A002312,L00666,email_open,2025-10-12
A002313,L00667,email_open,2026-06-16
A002314,L00667,email_open,2026-04-05
A002315,L00667,call,2026-03-19
A002316,L00667,meeting,2026-04-14
A002317,L00667,email_open,2026-06-15
A002318,L00667,email_open,2026-06-07
A002319,L00667,demo_request,2026-05-11
A002320,L00667,email_open,2026-05-01
A002321,L00667,call,2025-10-23
A002322,L00667,pricing_page_visit,2026-06-12
A002323,L00668,email_click,2026-09-26
A002324,L00668,email_click,2026-08-30
A002325,L00668,email_open,2026-09-12
A002326,L00668,email_open,2026-09-17
A002327,L00668,email_open,2026-09-14
A002328,L00668,email_open,2026-09-25
A002329,L00668,meeting,2026-09-01
A002330,L00669,call,2026-04-27
A002331,L00669,email_click,2026-08-12
A002332,L00671,meeting,2025-12-11
A002333,L00673,demo_request,2026-03-07
A002334,L00673,email_open,2026-06-01
A002335,L00673,email_open,2026-07-30
A002336,L00673,email_open,2026-07-25
A002337,L00673,pricing_page_visit,2026-09-06
A002338,L00673,meeting,2026-06-14
A002339,L00673,email_open,2026-07-14
A002340,L00673,email_click,2026-02-14
A002341,L00673,email_open,2025-12-17
A002342,L00673,email_open,2025-10-31
A002343,L00673,email_open,2026-04-30
A002344,L00673,pricing_page_visit,2026-07-25
A002345,L00673,email_click,2026-03-19
A002346,L00674,email_open,2026-05-29
A002347,L00675,pricing_page_visit,2026-08-31
A002348,L00675,email_open,2026-03-16
A002349,L00676,call,2026-08-03
A002350,L00676,email_open,2026-01-29
A002351,L00676,pricing_page_visit,2026-03-27
A002352,L00676,email_click,2026-01-25
A002353,L00678,email_click,2026-06-11
A002354,L00678,email_click,2026-03-22
A002355,L00678,email_open,2026-04-04
A002356,L00678,email_click,2026-06-11
A002357,L00678,email_open,2025-11-11
A002358,L00679,pricing_page_visit,2025-10-08
A002359,L00679,email_open,2025-11-18
A002360,L00679,email_click,2025-10-30
A002361,L00679,email_open,2026-07-11
A002362,L00679,email_open,2026-04-14
A002363,L00680,email_open,2026-09-10
A002364,L00680,demo_request,2026-09-04
A002365,L00680,pricing_page_visit,2026-08-29
A002366,L00680,email_click,2026-09-20
A002367,L00680,email_click,2026-09-17
A002368,L00681,email_open,2026-09-04
A002369,L00681,meeting,2026-06-15
A002370,L00681,call,2026-08-22
A002371,L00682,meeting,2026-09-22
A002372,L00682,email_open,2026-08-29
A002373,L00682,email_click,2026-09-17
A002374,L00682,pricing_page_visit,2026-09-13
A002375,L00682,email_click,2026-09-10
A002376,L00682,email_click,2026-09-10
A002377,L00682,email_open,2026-09-15
A002378,L00682,email_click,2026-09-09
A002379,L00683,email_open,2026-09-21
A002380,L00683,meeting,2026-09-07
A002381,L00683,email_open,2026-09-05
A002382,L00683,email_open,2026-08-29
A002383,L00683,pricing_page_visit,2026-08-27
A002384,L00683,email_click,2026-09-23
A002385,L00683,meeting,2026-09-17
A002386,L00683,demo_request,2026-09-04
A002387,L00683,pricing_page_visit,2026-09-23
A002388,L00683,demo_request,2026-08-27
A002389,L00683,email_open,2026-09-01
A002390,L00683,email_open,2026-09-23
A002391,L00686,email_open,2026-06-28
A002392,L00686,email_open,2026-03-07
A002393,L00686,email_open,2025-12-07
A002394,L00686,call,2026-05-09
A002395,L00687,email_open,2026-08-31
A002396,L00687,pricing_page_visit,2026-06-23
A002397,L00687,meeting,2026-05-01
A002398,L00687,email_open,2026-02-17
A002399,L00689,email_open,2026-06-27
A002400,L00690,email_open,2025-12-06
A002401,L00690,email_open,2026-08-17
A002402,L00691,email_open,2026-03-31
A002403,L00691,call,2025-10-25
A002404,L00691,meeting,2026-05-28
A002405,L00692,meeting,2025-10-03
A002406,L00692,email_click,2025-12-06
A002407,L00692,email_click,2026-01-31
A002408,L00692,pricing_page_visit,2026-01-09
A002409,L00692,email_open,2025-12-04
A002410,L00693,email_click,2026-06-30
A002411,L00693,email_open,2026-01-20
A002412,L00693,pricing_page_visit,2026-06-07
A002413,L00694,email_open,2026-05-06
A002414,L00694,call,2026-08-19
A002415,L00694,meeting,2026-03-01
A002416,L00694,call,2026-08-28
A002417,L00694,pricing_page_visit,2025-11-04
A002418,L00695,demo_request,2026-06-24
A002419,L00695,email_open,2026-01-13
A002420,L00695,call,2026-06-28
A002421,L00696,email_open,2026-04-11
A002422,L00697,pricing_page_visit,2025-09-30
A002423,L00697,demo_request,2025-11-07
A002424,L00697,pricing_page_visit,2025-11-07
A002425,L00698,call,2026-05-10
A002426,L00698,email_click,2026-03-27
A002427,L00698,pricing_page_visit,2026-05-17
A002428,L00700,call,2025-12-19
A002429,L00701,pricing_page_visit,2025-09-28
A002430,L00701,email_click,2026-01-14
A002431,L00701,email_click,2026-01-31
A002432,L00702,meeting,2026-08-17
A002433,L00702,email_open,2025-10-08
A002434,L00702,meeting,2026-03-10
A002435,L00703,call,2026-05-11
A002436,L00703,email_open,2025-10-27
A002437,L00703,email_click,2025-11-14
A002438,L00705,email_click,2026-06-03
A002439,L00705,pricing_page_visit,2025-10-08
A002440,L00705,email_open,2026-05-02
A002441,L00705,email_open,2026-01-10
A002442,L00705,pricing_page_visit,2026-03-13
A002443,L00706,demo_request,2026-09-06
A002444,L00706,email_open,2026-09-11
A002445,L00706,email_open,2026-09-03
A002446,L00706,email_click,2026-08-28
A002447,L00706,call,2026-09-17
A002448,L00706,email_click,2026-09-05
A002449,L00706,email_click,2026-09-07
A002450,L00706,call,2026-09-14
A002451,L00706,email_open,2026-09-15
A002452,L00706,email_click,2026-09-10
A002453,L00706,email_open,2026-08-27
A002454,L00709,email_open,2025-10-29
A002455,L00709,call,2026-04-28
A002456,L00709,email_click,2026-03-07
A002457,L00709,email_open,2026-06-11
A002458,L00710,email_click,2026-03-18
A002459,L00710,email_open,2026-06-02
A002460,L00711,email_open,2026-08-03
A002461,L00711,email_open,2026-07-19
A002462,L00711,email_click,2026-05-23
A002463,L00711,pricing_page_visit,2026-03-09
A002464,L00711,email_open,2026-07-18
A002465,L00712,email_click,2026-03-15
A002466,L00712,email_open,2026-05-12
A002467,L00712,demo_request,2026-01-30
A002468,L00712,email_open,2026-03-08
A002469,L00712,pricing_page_visit,2026-09-01
A002470,L00712,meeting,2026-03-19
A002471,L00712,pricing_page_visit,2026-05-01
A002472,L00712,email_open,2026-05-08
A002473,L00712,email_click,2026-06-26
A002474,L00712,email_open,2026-04-26
A002475,L00713,call,2026-09-01
A002476,L00713,call,2026-08-30
A002477,L00713,demo_request,2026-09-25
A002478,L00713,demo_request,2026-09-20
A002479,L00713,meeting,2026-08-31
A002480,L00713,pricing_page_visit,2026-09-20
A002481,L00713,pricing_page_visit,2026-09-09
A002482,L00713,email_open,2026-09-10
A002483,L00713,email_open,2026-09-24
A002484,L00713,meeting,2026-08-30
A002485,L00713,email_click,2026-09-07
A002486,L00714,call,2026-03-10
A002487,L00714,meeting,2026-04-02
A002488,L00714,pricing_page_visit,2026-03-27
A002489,L00714,meeting,2026-07-07
A002490,L00715,email_open,2026-09-16
A002491,L00715,meeting,2026-09-13
A002492,L00715,email_open,2026-08-30
A002493,L00715,email_click,2026-08-31
A002494,L00715,email_open,2026-09-24
A002495,L00715,email_open,2026-08-31
A002496,L00716,demo_request,2026-07-15
A002497,L00717,email_click,2026-06-16
A002498,L00717,demo_request,2026-08-10
A002499,L00717,call,2026-03-19
A002500,L00717,call,2025-11-13
A002501,L00718,call,2026-08-24
A002502,L00718,email_open,2025-12-08
A002503,L00718,email_open,2026-08-28
A002504,L00718,email_open,2026-02-05
A002505,L00718,email_open,2026-02-28
A002506,L00719,email_open,2026-08-15
A002507,L00719,email_open,2025-12-24
A002508,L00719,email_open,2026-07-30
A002509,L00719,pricing_page_visit,2026-08-25
A002510,L00719,email_click,2026-01-20
A002511,L00720,email_open,2026-09-13
A002512,L00720,email_open,2026-09-06
A002513,L00720,email_click,2026-09-09
A002514,L00720,email_open,2026-09-01
A002515,L00720,pricing_page_visit,2026-09-21
A002516,L00720,call,2026-09-17
A002517,L00720,email_click,2026-09-08
A002518,L00720,email_click,2026-08-28
A002519,L00720,call,2026-09-20
A002520,L00720,pricing_page_visit,2026-08-27
A002521,L00720,email_open,2026-09-20
A002522,L00720,pricing_page_visit,2026-09-05
A002523,L00721,pricing_page_visit,2026-04-02
A002524,L00723,email_open,2026-09-25
A002525,L00723,call,2026-09-17
A002526,L00723,call,2026-09-26
A002527,L00723,email_open,2026-09-06
A002528,L00723,email_open,2026-09-20
A002529,L00723,email_open,2026-09-16
A002530,L00723,email_open,2026-08-27
A002531,L00723,pricing_page_visit,2026-09-08
A002532,L00723,email_open,2026-09-25
A002533,L00724,pricing_page_visit,2026-07-03
A002534,L00725,demo_request,2026-02-02
A002535,L00725,call,2026-01-12
A002536,L00725,email_open,2026-07-25
A002537,L00725,email_click,2026-07-29
A002538,L00726,meeting,2025-11-24
A002539,L00726,meeting,2025-11-27
A002540,L00726,email_click,2025-11-27
A002541,L00726,meeting,2026-01-17
A002542,L00727,pricing_page_visit,2026-03-01
A002543,L00727,call,2026-05-18
A002544,L00727,email_click,2026-01-12
A002545,L00728,call,2025-10-31
A002546,L00729,demo_request,2026-05-15
A002547,L00729,email_click,2025-10-12
A002548,L00729,pricing_page_visit,2026-06-16
A002549,L00729,email_open,2025-12-21
A002550,L00732,email_open,2025-12-24
A002551,L00732,email_open,2025-12-19
A002552,L00734,call,2026-05-15
A002553,L00734,email_open,2025-12-05
A002554,L00734,email_click,2026-08-22
A002555,L00735,pricing_page_visit,2026-03-31
A002556,L00735,pricing_page_visit,2026-08-17
A002557,L00735,email_open,2025-10-17
A002558,L00735,call,2026-03-12
A002559,L00736,email_click,2025-10-24
A002560,L00736,email_open,2025-11-19
A002561,L00737,pricing_page_visit,2026-09-19
A002562,L00737,pricing_page_visit,2026-09-03
A002563,L00737,email_open,2026-09-15
A002564,L00737,meeting,2026-08-31
A002565,L00737,email_open,2026-09-20
A002566,L00737,call,2026-09-08
A002567,L00737,email_open,2026-09-24
A002568,L00737,pricing_page_visit,2026-09-16
A002569,L00737,email_open,2026-08-27
A002570,L00737,email_open,2026-09-10
A002571,L00737,email_open,2026-09-13
A002572,L00737,meeting,2026-09-26
A002573,L00738,pricing_page_visit,2025-10-16
A002574,L00738,email_open,2026-03-09
A002575,L00738,email_open,2025-11-24
A002576,L00738,pricing_page_visit,2026-06-03
A002577,L00739,email_open,2026-09-06
A002578,L00739,email_open,2026-09-16
A002579,L00739,call,2026-09-05
A002580,L00739,email_open,2026-09-17
A002581,L00739,meeting,2026-08-30
A002582,L00739,email_open,2026-09-02
A002583,L00739,meeting,2026-09-10
A002584,L00739,pricing_page_visit,2026-09-05
A002585,L00739,email_open,2026-09-12
A002586,L00740,meeting,2025-12-05
A002587,L00740,demo_request,2025-11-10
A002588,L00740,meeting,2026-06-14
A002589,L00740,pricing_page_visit,2026-06-29
A002590,L00743,call,2025-09-30
A002591,L00743,email_open,2026-04-18
A002592,L00743,email_open,2025-10-25
A002593,L00745,email_open,2026-07-14
A002594,L00746,pricing_page_visit,2025-12-05
A002595,L00746,pricing_page_visit,2026-04-16
A002596,L00747,demo_request,2026-09-17
A002597,L00747,email_click,2026-09-13
A002598,L00747,email_click,2026-09-10
A002599,L00747,email_open,2026-08-27
A002600,L00748,email_open,2026-04-10
A002601,L00748,email_open,2025-12-26
A002602,L00748,email_open,2026-04-27
A002603,L00749,email_click,2026-07-10
A002604,L00749,call,2026-07-08
A002605,L00749,email_click,2026-01-11
A002606,L00750,email_open,2026-03-23
A002607,L00752,email_open,2026-08-23
A002608,L00752,email_click,2026-06-30
A002609,L00752,email_open,2026-02-26
A002610,L00752,pricing_page_visit,2025-12-09
A002611,L00752,email_click,2025-10-27
A002612,L00753,meeting,2025-11-03
A002613,L00753,call,2026-08-07
A002614,L00753,call,2025-10-14
A002615,L00753,call,2026-04-26
A002616,L00753,call,2026-05-13
A002617,L00755,email_click,2025-12-24
A002618,L00755,meeting,2025-11-17
A002619,L00755,email_open,2026-02-12
A002620,L00756,email_open,2026-08-26
A002621,L00757,email_open,2026-05-31
A002622,L00757,email_open,2025-12-19
A002623,L00757,email_open,2026-04-12
A002624,L00757,email_open,2026-05-03
A002625,L00758,meeting,2026-09-04
A002626,L00758,email_open,2026-09-15
A002627,L00758,email_open,2026-09-01
A002628,L00758,email_open,2026-09-12
A002629,L00758,email_open,2026-09-24
A002630,L00758,meeting,2026-09-11
A002631,L00758,email_open,2026-09-19
A002632,L00758,email_open,2026-08-29
A002633,L00759,email_open,2026-06-19
A002634,L00759,email_open,2026-02-23
A002635,L00760,email_open,2026-03-21
A002636,L00760,email_open,2026-06-28
A002637,L00760,email_open,2025-10-09
A002638,L00761,email_open,2026-03-18
A002639,L00762,email_open,2025-11-07
A002640,L00762,call,2026-08-24
A002641,L00762,pricing_page_visit,2026-08-23
A002642,L00762,email_open,2025-12-30
A002643,L00762,email_open,2026-02-13
A002644,L00763,email_open,2026-08-21
A002645,L00764,email_open,2025-09-26
A002646,L00765,pricing_page_visit,2026-02-01
A002647,L00766,pricing_page_visit,2026-05-04
A002648,L00766,pricing_page_visit,2026-03-03
A002649,L00766,call,2025-11-24
A002650,L00767,email_open,2026-02-01
A002651,L00768,email_open,2026-09-05
A002652,L00768,email_open,2026-09-02
A002653,L00768,email_click,2026-09-04
A002654,L00768,email_click,2026-09-18
A002655,L00768,pricing_page_visit,2026-09-13
A002656,L00768,call,2026-09-24
A002657,L00768,email_click,2026-08-30
A002658,L00768,call,2026-09-16
A002659,L00768,email_open,2026-09-02
A002660,L00768,call,2026-08-29
A002661,L00769,email_open,2026-07-03
A002662,L00770,email_open,2025-12-07
A002663,L00770,email_open,2025-10-28
A002664,L00770,email_click,2025-10-05
A002665,L00770,email_open,2026-08-21
A002666,L00771,email_open,2026-03-13
A002667,L00772,email_open,2026-03-12
A002668,L00772,email_click,2026-05-24
A002669,L00772,meeting,2025-10-20
A002670,L00772,email_open,2025-10-11
A002671,L00773,email_open,2026-08-23
A002672,L00773,meeting,2025-12-27
A002673,L00773,email_open,2025-12-26
A002674,L00773,pricing_page_visit,2025-12-20
A002675,L00774,meeting,2026-09-06
A002676,L00774,call,2026-09-01
A002677,L00774,email_open,2026-09-18
A002678,L00774,call,2026-08-31
A002679,L00774,email_open,2026-09-22
A002680,L00774,email_open,2026-09-18
A002681,L00774,pricing_page_visit,2026-09-11
A002682,L00774,email_click,2026-09-11
A002683,L00774,email_open,2026-09-02
A002684,L00774,meeting,2026-09-08
A002685,L00774,email_open,2026-09-01
A002686,L00774,email_click,2026-09-25
A002687,L00774,email_open,2026-09-17
A002688,L00774,call,2026-09-25
A002689,L00775,email_click,2025-12-19
A002690,L00775,meeting,2026-02-19
A002691,L00775,email_open,2026-01-27
A002692,L00776,email_click,2026-09-01
A002693,L00776,email_open,2026-09-20
A002694,L00776,email_click,2026-09-08
A002695,L00776,email_open,2026-08-29
A002696,L00776,call,2026-09-09
A002697,L00776,email_open,2026-09-06
A002698,L00776,call,2026-09-06
A002699,L00776,call,2026-09-26
A002700,L00776,email_click,2026-09-22
A002701,L00776,email_open,2026-08-29
A002702,L00776,call,2026-09-26
A002703,L00776,email_click,2026-08-30
A002704,L00776,email_open,2026-09-01
A002705,L00776,demo_request,2026-09-03
A002706,L00777,email_open,2026-01-27
A002707,L00777,email_open,2025-10-27
A002708,L00777,call,2026-05-16
A002709,L00778,pricing_page_visit,2026-09-12
A002710,L00778,email_open,2026-09-08
A002711,L00778,email_open,2026-08-27
A002712,L00778,email_open,2026-09-05
A002713,L00778,meeting,2026-09-01
A002714,L00778,email_open,2026-09-11
A002715,L00778,email_open,2026-09-23
A002716,L00778,pricing_page_visit,2026-09-02
A002717,L00778,email_open,2026-09-22
A002718,L00778,email_open,2026-09-06
A002719,L00778,call,2026-09-03
A002720,L00778,pricing_page_visit,2026-09-04
A002721,L00778,call,2026-09-17
A002722,L00778,email_open,2026-09-06
A002723,L00779,email_open,2026-04-23
A002724,L00779,meeting,2026-01-14
A002725,L00779,email_click,2026-03-07
A002726,L00779,email_open,2026-05-05
A002727,L00780,email_click,2026-04-24
A002728,L00780,email_click,2026-04-25
A002729,L00780,email_open,2026-04-03
A002730,L00781,meeting,2025-10-22
A002731,L00781,email_open,2026-01-16
A002732,L00781,pricing_page_visit,2026-07-09
A002733,L00781,email_open,2026-05-31
A002734,L00781,pricing_page_visit,2025-12-28
A002735,L00782,pricing_page_visit,2025-10-04
A002736,L00782,call,2026-01-25
A002737,L00783,email_open,2026-06-24
A002738,L00783,meeting,2026-04-16
A002739,L00783,meeting,2026-06-16
A002740,L00783,email_open,2026-05-23
A002741,L00784,meeting,2026-01-06
A002742,L00784,email_open,2026-01-13
A002743,L00784,email_open,2026-04-21
A002744,L00784,pricing_page_visit,2025-09-30
A002745,L00784,email_open,2026-08-17
A002746,L00785,email_open,2026-03-03
A002747,L00785,email_open,2026-06-15
A002748,L00785,email_click,2026-05-11
A002749,L00787,email_open,2026-06-29
A002750,L00787,pricing_page_visit,2026-07-01
A002751,L00788,email_open,2026-01-05
A002752,L00788,call,2026-04-10
A002753,L00788,pricing_page_visit,2026-03-17
A002754,L00788,email_click,2026-06-12
A002755,L00789,demo_request,2026-06-29
A002756,L00789,email_open,2026-02-03
A002757,L00789,email_click,2026-04-20
A002758,L00789,email_open,2025-10-22
A002759,L00790,email_open,2026-05-12
A002760,L00790,call,2026-01-16
A002761,L00790,email_open,2026-06-30
A002762,L00790,pricing_page_visit,2025-12-14
A002763,L00790,demo_request,2025-10-30
A002764,L00791,email_click,2026-07-28
A002765,L00791,call,2026-03-14
A002766,L00791,email_open,2026-08-31
A002767,L00791,email_open,2026-09-06
A002768,L00791,email_click,2026-06-14
A002769,L00792,meeting,2025-10-21
A002770,L00792,email_open,2025-12-13
A002771,L00792,email_open,2025-11-19
A002772,L00792,pricing_page_visit,2026-02-23
A002773,L00792,demo_request,2026-03-15
A002774,L00792,email_open,2025-12-26
A002775,L00792,email_open,2026-03-08
A002776,L00794,email_open,2025-11-24
A002777,L00794,email_click,2026-05-30
A002778,L00795,email_open,2026-09-05
A002779,L00795,call,2026-09-15
A002780,L00795,email_open,2026-09-07
A002781,L00795,email_open,2026-09-19
A002782,L00795,email_click,2026-08-30
A002783,L00795,call,2026-09-19
A002784,L00795,email_open,2026-09-22
A002785,L00795,email_click,2026-09-20
A002786,L00795,meeting,2026-09-18
A002787,L00795,meeting,2026-09-03
A002788,L00795,email_open,2026-09-16
A002789,L00796,pricing_page_visit,2026-09-12
A002790,L00796,pricing_page_visit,2026-09-15
A002791,L00796,email_click,2026-08-31
A002792,L00796,meeting,2026-09-26
A002793,L00796,email_click,2026-09-13
A002794,L00796,email_click,2026-09-26
A002795,L00797,email_click,2026-09-21
A002796,L00797,email_open,2026-09-06
A002797,L00797,email_click,2026-09-24
A002798,L00797,meeting,2026-08-27
A002799,L00798,email_click,2026-04-17
A002800,L00798,email_open,2026-05-04
A002801,L00798,email_click,2025-10-12
A002802,L00798,pricing_page_visit,2025-11-19
A002803,L00800,email_open,2026-03-23
A002804,L00800,call,2025-10-22
A002805,L00800,email_click,2026-01-12
A002806,L00800,meeting,2026-07-10
A002807,L00800,email_click,2026-01-21
A002808,L00800,call,2026-08-22
A002809,L00800,email_open,2026-05-29
A002810,L00801,email_click,2026-09-25
A002811,L00801,call,2026-08-30
A002812,L00801,email_open,2026-09-07
A002813,L00801,email_open,2026-09-24
A002814,L00801,email_click,2026-09-26
A002815,L00801,email_open,2026-09-01
A002816,L00801,pricing_page_visit,2026-09-23
A002817,L00801,meeting,2026-08-28
A002818,L00801,email_open,2026-09-12
A002819,L00801,email_click,2026-09-09
A002820,L00801,email_open,2026-09-06
A002821,L00801,email_open,2026-09-04
A002822,L00802,email_open,2025-12-03
A002823,L00802,email_open,2026-09-04
A002824,L00803,call,2026-04-04
A002825,L00803,email_open,2026-04-08
A002826,L00803,email_click,2026-01-25
A002827,L00803,email_open,2026-05-02
A002828,L00804,email_open,2026-02-17
A002829,L00804,email_open,2026-06-07
A002830,L00804,email_click,2026-03-17
A002831,L00804,email_open,2026-07-05
A002832,L00805,email_open,2026-04-02
A002833,L00805,call,2026-05-14
A002834,L00805,pricing_page_visit,2026-04-21
A002835,L00805,call,2026-03-25
A002836,L00805,meeting,2026-04-27
A002837,L00806,email_open,2026-02-21
A002838,L00807,meeting,2025-11-01
A002839,L00808,meeting,2026-07-14
A002840,L00808,email_open,2026-02-25
A002841,L00808,email_open,2026-08-20
A002842,L00808,email_open,2025-11-24
A002843,L00809,email_open,2025-12-19
A002844,L00809,pricing_page_visit,2026-03-06
A002845,L00809,email_click,2026-01-21
A002846,L00809,email_open,2026-07-30
A002847,L00809,demo_request,2026-07-24
A002848,L00810,call,2026-09-13
A002849,L00810,email_click,2026-09-22
A002850,L00810,demo_request,2026-09-17
A002851,L00810,meeting,2026-09-10
A002852,L00810,email_open,2026-09-19
A002853,L00810,pricing_page_visit,2026-09-12
A002854,L00810,email_click,2026-08-29
A002855,L00810,email_open,2026-09-12
A002856,L00810,email_click,2026-09-24
A002857,L00810,demo_request,2026-09-18
A002858,L00810,email_click,2026-08-29
A002859,L00810,call,2026-09-13
A002860,L00810,pricing_page_visit,2026-09-15
A002861,L00810,pricing_page_visit,2026-09-07
A002862,L00811,meeting,2026-04-27
A002863,L00812,email_click,2026-04-21
A002864,L00812,email_open,2026-04-10
A002865,L00812,email_open,2025-10-20
A002866,L00813,email_open,2025-12-20
A002867,L00813,call,2026-02-27
A002868,L00813,email_open,2025-11-14
A002869,L00814,meeting,2025-11-09
A002870,L00814,email_open,2026-08-12
A002871,L00814,call,2026-05-17
A002872,L00815,email_open,2026-05-23
A002873,L00815,demo_request,2025-12-26
A002874,L00815,email_open,2026-03-04
A002875,L00815,email_open,2026-01-02
A002876,L00815,demo_request,2026-07-31
A002877,L00816,email_open,2025-11-28
A002878,L00817,pricing_page_visit,2025-11-16
A002879,L00817,email_open,2025-11-10
A002880,L00817,email_open,2026-05-10
A002881,L00818,email_open,2026-09-02
A002882,L00818,email_open,2026-09-26
A002883,L00818,email_open,2026-09-09
A002884,L00818,call,2026-08-30
A002885,L00818,email_open,2026-08-30
A002886,L00818,email_open,2026-09-11
A002887,L00818,call,2026-09-20
A002888,L00818,email_open,2026-09-07
A002889,L00819,email_open,2026-04-22
A002890,L00819,email_open,2026-05-04
A002891,L00819,call,2026-02-11
A002892,L00819,email_open,2026-06-02
A002893,L00819,email_open,2025-12-17
A002894,L00819,email_open,2025-12-06
A002895,L00819,email_open,2025-11-02
A002896,L00820,call,2026-01-24
A002897,L00820,call,2026-08-23
A002898,L00820,pricing_page_visit,2026-08-15
A002899,L00822,email_open,2026-04-17
A002900,L00822,call,2026-05-03
A002901,L00822,meeting,2026-08-21
A002902,L00823,pricing_page_visit,2026-07-28
A002903,L00823,pricing_page_visit,2025-10-03
A002904,L00824,meeting,2026-04-14
A002905,L00824,email_open,2025-11-24
A002906,L00825,pricing_page_visit,2026-02-23
A002907,L00825,email_open,2026-01-15
A002908,L00825,email_open,2026-07-28
A002909,L00825,meeting,2026-01-05
A002910,L00825,pricing_page_visit,2026-04-05
A002911,L00826,email_open,2026-02-27
A002912,L00826,call,2026-01-26
A002913,L00826,email_open,2025-12-12
A002914,L00826,email_open,2025-12-04
A002915,L00826,pricing_page_visit,2026-04-02
A002916,L00827,email_click,2026-09-15
A002917,L00827,meeting,2026-09-06
A002918,L00827,email_open,2026-09-23
A002919,L00827,pricing_page_visit,2026-09-07
A002920,L00827,email_click,2026-09-11
A002921,L00827,email_open,2026-09-20
A002922,L00828,email_click,2026-07-26
A002923,L00828,pricing_page_visit,2026-06-29
A002924,L00828,email_open,2026-05-17
A002925,L00828,email_click,2025-11-11
A002926,L00828,call,2025-12-12
A002927,L00829,email_open,2025-11-22
A002928,L00832,pricing_page_visit,2026-09-03
A002929,L00833,meeting,2026-04-27
A002930,L00833,meeting,2026-03-11
A002931,L00834,email_open,2025-09-30
A002932,L00834,email_open,2026-01-12
A002933,L00834,pricing_page_visit,2026-02-24
A002934,L00835,email_open,2025-11-30
A002935,L00835,email_click,2026-05-11
A002936,L00837,email_open,2026-01-24
A002937,L00837,pricing_page_visit,2025-12-29
A002938,L00837,meeting,2025-09-30
A002939,L00837,meeting,2026-02-14
A002940,L00837,meeting,2026-01-07
A002941,L00838,email_open,2026-05-01
A002942,L00838,email_click,2026-02-17
A002943,L00838,email_open,2026-03-10
A002944,L00839,pricing_page_visit,2026-08-28
A002945,L00839,email_open,2026-09-06
A002946,L00839,email_open,2026-09-13
A002947,L00839,email_open,2026-08-29
A002948,L00839,email_open,2026-09-21
A002949,L00839,email_open,2026-09-15
A002950,L00839,email_open,2026-09-08
A002951,L00839,email_click,2026-09-10
A002952,L00839,email_click,2026-09-22
A002953,L00839,email_click,2026-09-10
A002954,L00839,email_click,2026-09-22
A002955,L00839,email_click,2026-09-17
A002956,L00840,email_open,2026-01-29
A002957,L00841,email_open,2026-09-25
A002958,L00841,email_open,2026-09-07
A002959,L00841,email_open,2026-08-31
A002960,L00841,email_click,2026-09-01
A002961,L00841,pricing_page_visit,2026-09-06
A002962,L00841,email_click,2026-09-01
A002963,L00841,pricing_page_visit,2026-09-25
A002964,L00841,email_open,2026-09-01
A002965,L00841,email_click,2026-09-17
A002966,L00841,email_open,2026-08-27
A002967,L00841,email_open,2026-09-08
A002968,L00841,email_open,2026-09-21
A002969,L00844,pricing_page_visit,2025-11-20
A002970,L00844,call,2026-05-07
A002971,L00844,email_open,2026-08-27
A002972,L00844,meeting,2026-07-13
A002973,L00845,email_open,2026-08-27
A002974,L00845,email_open,2026-05-01
A002975,L00845,email_click,2026-03-25
A002976,L00845,email_open,2025-12-25
A002977,L00846,pricing_page_visit,2026-03-08
A002978,L00847,email_open,2026-07-30
A002979,L00847,email_open,2026-02-08
A002980,L00847,email_click,2026-04-30
A002981,L00848,demo_request,2026-05-21
A002982,L00848,email_open,2026-01-18
A002983,L00848,demo_request,2025-12-01
A002984,L00848,email_open,2025-12-24
A002985,L00848,email_click,2026-07-23
A002986,L00849,email_open,2026-02-15
A002987,L00849,demo_request,2025-10-25
A002988,L00850,pricing_page_visit,2026-05-25
A002989,L00851,pricing_page_visit,2025-11-16
A002990,L00851,email_open,2025-12-05
A002991,L00851,email_open,2026-05-01
A002992,L00851,email_open,2025-10-07
A002993,L00852,email_open,2026-02-20
A002994,L00853,email_open,2025-10-27
A002995,L00853,pricing_page_visit,2026-07-12
A002996,L00853,call,2026-01-28
A002997,L00853,email_open,2026-02-01
A002998,L00853,meeting,2026-04-03
A002999,L00854,pricing_page_visit,2026-06-12
A003000,L00854,email_click,2026-02-17
A003001,L00854,call,2025-12-06
A003002,L00855,email_click,2026-03-05
A003003,L00855,call,2026-01-01
A003004,L00855,demo_request,2026-01-15
A003005,L00856,email_click,2025-10-31
A003006,L00856,meeting,2026-08-13
A003007,L00856,email_open,2026-09-04
A003008,L00857,call,2026-09-07
A003009,L00857,call,2026-09-05
A003010,L00857,call,2026-09-07
A003011,L00857,email_open,2026-09-03
A003012,L00857,pricing_page_visit,2026-08-30
A003013,L00857,email_open,2026-09-26
A003014,L00857,email_open,2026-08-27
A003015,L00857,pricing_page_visit,2026-09-21
A003016,L00857,email_open,2026-09-22
A003017,L00857,email_open,2026-08-30
A003018,L00857,call,2026-09-06
A003019,L00858,pricing_page_visit,2026-08-29
A003020,L00858,email_open,2026-09-01
A003021,L00858,email_open,2026-08-31
A003022,L00858,email_open,2026-09-03
A003023,L00859,email_open,2026-08-19
A003024,L00859,email_open,2026-03-18
A003025,L00859,email_open,2026-05-18
A003026,L00859,pricing_page_visit,2026-05-09
A003027,L00859,email_click,2026-03-10
A003028,L00860,email_open,2026-09-03
A003029,L00860,email_open,2026-09-22
A003030,L00860,email_open,2026-09-05
A003031,L00860,email_click,2026-08-27
A003032,L00860,email_open,2026-09-19
A003033,L00860,email_open,2026-09-11
A003034,L00861,call,2026-04-14
A003035,L00861,email_open,2026-04-19
A003036,L00861,meeting,2026-08-06
A003037,L00861,email_open,2026-04-15
A003038,L00862,call,2026-03-13
A003039,L00863,email_open,2026-09-02
A003040,L00863,demo_request,2026-09-07
A003041,L00863,email_open,2026-08-30
A003042,L00863,email_open,2026-09-21
A003043,L00863,email_click,2026-08-30
A003044,L00863,email_click,2026-08-27
A003045,L00863,meeting,2026-09-07
A003046,L00863,call,2026-09-26
A003047,L00864,email_open,2026-08-28
A003048,L00864,call,2026-09-24
A003049,L00864,email_open,2026-09-07
A003050,L00864,email_open,2026-09-11
A003051,L00864,email_open,2026-09-09
A003052,L00864,email_open,2026-09-05
A003053,L00864,email_open,2026-09-04
A003054,L00864,email_open,2026-08-28
A003055,L00865,email_click,2026-09-06
A003056,L00865,email_open,2026-09-13
A003057,L00865,email_open,2026-09-18
A003058,L00865,email_open,2026-09-24
A003059,L00865,email_open,2026-09-12
A003060,L00865,email_open,2026-08-27
A003061,L00865,email_open,2026-09-16
A003062,L00865,email_open,2026-08-28
A003063,L00865,email_open,2026-09-12
A003064,L00865,meeting,2026-09-21
A003065,L00865,meeting,2026-09-13
A003066,L00866,meeting,2026-05-03
A003067,L00866,email_click,2025-11-15
A003068,L00867,email_click,2026-06-07
A003069,L00870,email_open,2026-04-29
A003070,L00870,call,2026-05-16
A003071,L00870,pricing_page_visit,2025-11-19
A003072,L00870,email_open,2026-06-18
A003073,L00870,email_click,2025-12-04
A003074,L00871,meeting,2025-12-22
A003075,L00871,email_open,2026-04-12
A003076,L00871,call,2026-01-07
A003077,L00871,email_open,2025-11-21
A003078,L00871,email_open,2026-07-01
A003079,L00872,call,2026-05-16
A003080,L00872,email_open,2026-07-11
A003081,L00872,pricing_page_visit,2026-07-12
A003082,L00872,email_open,2026-01-23
A003083,L00873,email_click,2026-03-05
A003084,L00874,meeting,2026-04-12
A003085,L00874,call,2026-07-25
A003086,L00874,call,2026-07-23
A003087,L00874,email_open,2025-09-27
A003088,L00874,email_open,2026-06-08
A003089,L00875,call,2026-09-03
A003090,L00875,pricing_page_visit,2026-09-07
A003091,L00875,email_open,2026-09-26
A003092,L00875,pricing_page_visit,2026-08-31
A003093,L00875,email_open,2026-09-14
A003094,L00875,email_open,2026-09-20
A003095,L00875,email_open,2026-09-17
A003096,L00875,email_open,2026-08-31
A003097,L00875,email_open,2026-09-02
A003098,L00875,email_click,2026-09-01
A003099,L00877,pricing_page_visit,2026-09-03
A003100,L00878,email_click,2026-06-14
A003101,L00878,meeting,2026-01-23
A003102,L00878,email_open,2025-12-24
A003103,L00879,email_click,2026-08-13
A003104,L00880,meeting,2026-01-21
A003105,L00880,meeting,2026-03-27
A003106,L00880,pricing_page_visit,2026-07-14
A003107,L00880,email_open,2026-05-18
A003108,L00881,email_open,2026-08-30
A003109,L00881,email_open,2026-08-15
A003110,L00882,email_open,2025-10-17
A003111,L00882,demo_request,2026-03-15
A003112,L00882,email_click,2026-02-01
A003113,L00882,pricing_page_visit,2026-01-06
A003114,L00882,meeting,2026-03-21
A003115,L00883,email_click,2026-07-07
A003116,L00883,email_click,2025-11-27
A003117,L00884,pricing_page_visit,2026-05-06
A003118,L00884,email_open,2026-02-03
A003119,L00884,pricing_page_visit,2026-05-17
A003120,L00885,call,2026-03-09
A003121,L00885,pricing_page_visit,2025-09-28
A003122,L00886,email_open,2026-08-04
A003123,L00886,email_open,2026-02-08
A003124,L00886,pricing_page_visit,2026-03-20
A003125,L00886,email_open,2026-03-30
A003126,L00887,demo_request,2026-08-03
A003127,L00887,call,2025-12-17
A003128,L00888,call,2025-12-25
A003129,L00888,email_open,2025-09-26
A003130,L00888,email_open,2025-11-21
A003131,L00888,email_open,2025-11-14
A003132,L00888,email_open,2026-02-08
A003133,L00889,meeting,2026-08-28
A003134,L00889,meeting,2026-09-04
A003135,L00889,email_open,2026-09-03
A003136,L00889,email_open,2026-09-21
A003137,L00889,email_click,2026-09-14
A003138,L00889,pricing_page_visit,2026-09-10
A003139,L00889,email_open,2026-09-22
A003140,L00889,email_open,2026-09-08
A003141,L00889,email_open,2026-08-29
A003142,L00889,email_open,2026-09-24
A003143,L00889,pricing_page_visit,2026-09-16
A003144,L00889,email_open,2026-08-28
A003145,L00889,email_click,2026-09-15
A003146,L00889,call,2026-09-20
A003147,L00890,email_open,2026-02-15
A003148,L00891,email_open,2026-06-25
A003149,L00891,meeting,2026-04-02
A003150,L00892,email_click,2026-01-08
A003151,L00893,email_open,2026-09-11
A003152,L00893,email_open,2026-09-08
A003153,L00893,email_click,2026-09-23
A003154,L00893,email_open,2026-09-02
A003155,L00893,email_open,2026-09-06
A003156,L00894,meeting,2025-09-28
A003157,L00894,email_open,2026-06-20
A003158,L00895,email_open,2026-07-24
A003159,L00895,pricing_page_visit,2025-09-27
A003160,L00895,pricing_page_visit,2026-04-03
A003161,L00895,email_click,2026-06-30
A003162,L00895,email_click,2026-08-24
A003163,L00896,pricing_page_visit,2025-09-30
A003164,L00896,email_click,2026-03-22
A003165,L00896,email_open,2026-08-10
A003166,L00897,email_click,2026-05-21
A003167,L00897,pricing_page_visit,2025-10-05
A003168,L00897,email_open,2025-12-25
A003169,L00898,email_click,2026-08-12
A003170,L00898,demo_request,2026-01-25
A003171,L00898,email_click,2026-03-31
A003172,L00898,email_open,2026-01-29
A003173,L00898,demo_request,2026-02-25
A003174,L00899,email_click,2026-01-29
A003175,L00899,meeting,2026-09-04
A003176,L00899,pricing_page_visit,2025-11-21
A003177,L00899,pricing_page_visit,2026-05-22
A003178,L00899,email_click,2025-12-22
A003179,L00900,pricing_page_visit,2026-08-29
A003180,L00900,email_click,2026-03-19
A003181,L00900,email_click,2026-03-19
A003182,L00900,call,2026-01-31
A003183,L00900,email_open,2026-01-05
A003184,L00901,email_open,2026-06-24
A003185,L00901,email_open,2026-06-25
A003186,L00901,email_open,2026-06-17
A003187,L00902,meeting,2026-02-07
A003188,L00902,meeting,2025-10-31
A003189,L00902,pricing_page_visit,2026-01-07
A003190,L00902,demo_request,2026-04-21
A003191,L00902,email_click,2026-05-31
A003192,L00903,email_open,2025-10-15
A003193,L00903,email_open,2026-01-29
A003194,L00903,email_open,2026-07-15
A003195,L00903,email_open,2026-07-17
A003196,L00903,meeting,2026-04-07
A003197,L00904,email_open,2025-12-01
A003198,L00904,email_open,2026-02-25
A003199,L00904,meeting,2026-02-16
A003200,L00904,email_open,2025-11-29
A003201,L00904,email_open,2025-12-14
A003202,L00905,meeting,2025-10-26
A003203,L00905,demo_request,2026-04-20
A003204,L00905,demo_request,2025-11-01
A003205,L00906,meeting,2026-05-04
A003206,L00906,pricing_page_visit,2025-10-09
A003207,L00907,email_open,2025-12-14
A003208,L00907,demo_request,2025-10-23
A003209,L00907,pricing_page_visit,2026-02-05
A003210,L00907,call,2026-05-12
A003211,L00908,email_open,2025-11-23
A003212,L00908,demo_request,2026-05-13
A003213,L00909,call,2025-12-02
A003214,L00911,pricing_page_visit,2026-09-18
A003215,L00911,email_click,2026-09-08
A003216,L00911,email_open,2026-09-22
A003217,L00911,pricing_page_visit,2026-09-01
A003218,L00911,meeting,2026-09-11
A003219,L00911,demo_request,2026-09-07
A003220,L00911,demo_request,2026-09-19
A003221,L00911,pricing_page_visit,2026-09-07
A003222,L00911,email_click,2026-09-26
A003223,L00911,email_open,2026-09-05
A003224,L00911,meeting,2026-09-21
A003225,L00911,meeting,2026-09-26
A003226,L00911,email_open,2026-09-20
A003227,L00912,email_open,2026-09-26
A003228,L00912,email_click,2026-09-19
A003229,L00912,email_click,2026-09-15
A003230,L00912,email_open,2026-09-24
A003231,L00912,meeting,2026-09-19
A003232,L00912,call,2026-09-14
A003233,L00912,pricing_page_visit,2026-09-05
A003234,L00912,email_open,2026-09-24
A003235,L00912,email_open,2026-09-26
A003236,L00913,email_open,2026-01-01
A003237,L00914,email_open,2026-09-07
A003238,L00914,meeting,2026-09-11
A003239,L00914,email_open,2026-08-31
A003240,L00914,email_open,2026-09-07
A003241,L00914,email_open,2026-09-26
A003242,L00914,meeting,2026-08-27
A003243,L00914,email_open,2026-09-05
A003244,L00915,pricing_page_visit,2026-02-14
A003245,L00915,meeting,2026-08-30
A003246,L00915,email_open,2026-09-04
A003247,L00916,email_click,2026-07-28
A003248,L00916,demo_request,2026-02-26
A003249,L00916,call,2026-05-21
A003250,L00916,call,2026-06-09
A003251,L00916,meeting,2026-04-01
A003252,L00917,demo_request,2025-12-19
A003253,L00917,meeting,2026-01-03
A003254,L00918,email_open,2026-09-03
A003255,L00918,email_click,2026-09-13
A003256,L00918,email_click,2026-09-23
A003257,L00918,email_click,2026-09-06
A003258,L00918,email_open,2026-09-04
A003259,L00919,email_open,2026-01-02
A003260,L00919,email_open,2026-06-03
A003261,L00919,meeting,2026-04-29
A003262,L00920,email_open,2025-12-14
A003263,L00920,email_open,2025-12-01
A003264,L00920,meeting,2026-05-26
A003265,L00920,email_open,2025-11-20
A003266,L00920,pricing_page_visit,2026-06-07
A003267,L00920,call,2026-06-13
A003268,L00920,email_open,2025-09-30
A003269,L00920,pricing_page_visit,2026-08-25
A003270,L00920,email_open,2025-11-03
A003271,L00920,meeting,2026-05-20
A003272,L00920,email_open,2026-07-30
A003273,L00920,email_click,2026-06-27
A003274,L00920,pricing_page_visit,2026-03-11
A003275,L00921,email_open,2026-03-06
A003276,L00921,email_open,2026-08-16
A003277,L00921,meeting,2026-07-23
A003278,L00923,email_open,2026-04-11
A003279,L00923,email_open,2026-05-19
A003280,L00923,email_open,2026-02-21
A003281,L00923,email_click,2026-08-24
A003282,L00924,email_open,2025-12-22
A003283,L00924,email_open,2026-01-28
A003284,L00924,demo_request,2026-01-10
A003285,L00924,call,2025-12-06
A003286,L00924,email_open,2026-06-29
A003287,L00927,email_open,2026-04-28
A003288,L00927,call,2026-01-28
A003289,L00927,email_open,2026-08-29
A003290,L00927,email_open,2026-08-17
A003291,L00928,email_open,2026-03-17
A003292,L00928,email_open,2026-08-26
A003293,L00929,email_open,2026-05-28
A003294,L00929,email_open,2025-12-13
A003295,L00929,email_open,2026-07-30
A003296,L00929,email_open,2026-03-15
A003297,L00929,email_open,2026-03-25
A003298,L00931,email_open,2025-11-30
A003299,L00931,email_open,2025-12-30
A003300,L00931,email_open,2026-05-10
A003301,L00931,call,2025-12-22
A003302,L00932,email_click,2026-08-12
A003303,L00932,pricing_page_visit,2025-11-24
A003304,L00932,pricing_page_visit,2026-05-13
A003305,L00933,email_open,2026-04-20
A003306,L00933,pricing_page_visit,2026-08-17
A003307,L00933,email_open,2025-12-19
A003308,L00933,email_open,2026-03-23
A003309,L00933,pricing_page_visit,2026-09-03
A003310,L00934,email_open,2026-01-17
A003311,L00934,pricing_page_visit,2026-01-23
A003312,L00934,email_open,2026-06-28
A003313,L00934,email_click,2025-11-21
A003314,L00934,email_open,2025-11-30
A003315,L00934,meeting,2026-07-02
A003316,L00935,email_open,2026-09-21
A003317,L00935,email_open,2026-09-20
A003318,L00935,email_open,2026-09-13
A003319,L00935,meeting,2026-08-30
A003320,L00935,email_open,2026-09-26
A003321,L00936,email_click,2026-09-15
A003322,L00936,email_open,2026-09-17
A003323,L00936,email_open,2026-09-16
A003324,L00936,email_open,2026-09-05
A003325,L00936,email_click,2026-09-04
A003326,L00936,call,2026-08-30
A003327,L00936,demo_request,2026-09-01
A003328,L00936,email_open,2026-09-24
A003329,L00936,email_click,2026-09-05
A003330,L00936,email_open,2026-09-09
A003331,L00936,email_open,2026-09-01
A003332,L00936,call,2026-09-08
A003333,L00936,email_open,2026-09-10
A003334,L00937,pricing_page_visit,2026-07-23
A003335,L00938,call,2026-01-20
A003336,L00938,pricing_page_visit,2025-11-01
A003337,L00939,email_open,2026-09-05
A003338,L00939,email_open,2026-09-19
A003339,L00939,email_click,2026-09-05
A003340,L00939,email_click,2026-09-08
A003341,L00939,email_open,2026-09-23
A003342,L00939,email_open,2026-09-02
A003343,L00939,meeting,2026-09-18
A003344,L00939,call,2026-09-16
A003345,L00939,pricing_page_visit,2026-09-11
A003346,L00939,call,2026-09-14
A003347,L00939,email_click,2026-09-13
A003348,L00939,meeting,2026-09-08
A003349,L00939,call,2026-09-22
A003350,L00939,email_open,2026-09-14
A003351,L00941,email_open,2026-07-20
A003352,L00941,email_open,2026-04-03
A003353,L00941,email_open,2026-01-02
A003354,L00941,meeting,2026-01-11
A003355,L00943,pricing_page_visit,2026-09-09
A003356,L00943,email_open,2026-09-04
A003357,L00943,demo_request,2026-08-27
A003358,L00943,email_open,2026-09-12
A003359,L00943,email_click,2026-09-21
A003360,L00943,email_open,2026-09-05
A003361,L00944,pricing_page_visit,2026-08-07
A003362,L00944,email_click,2026-03-10
A003363,L00944,pricing_page_visit,2025-10-12
A003364,L00944,pricing_page_visit,2025-12-08
A003365,L00944,email_open,2025-11-22
A003366,L00944,email_click,2026-05-09
A003367,L00944,email_open,2025-12-23
A003368,L00945,demo_request,2025-10-24
A003369,L00945,email_click,2026-06-01
A003370,L00945,email_open,2026-03-17
A003371,L00946,email_click,2026-06-15
A003372,L00946,pricing_page_visit,2026-04-29
A003373,L00946,email_open,2025-10-28
A003374,L00946,email_open,2025-12-23
A003375,L00946,email_open,2026-02-02
A003376,L00947,call,2026-04-02
A003377,L00947,call,2026-04-13
A003378,L00947,email_click,2026-04-23
A003379,L00947,email_open,2026-01-17
A003380,L00948,email_open,2026-02-17
A003381,L00948,call,2026-03-13
A003382,L00948,email_open,2026-05-07
A003383,L00948,email_click,2025-11-27
A003384,L00949,pricing_page_visit,2026-02-11
A003385,L00949,email_open,2026-06-19
A003386,L00949,email_click,2026-03-20
A003387,L00950,call,2026-03-31
A003388,L00951,pricing_page_visit,2026-08-09
A003389,L00951,call,2026-02-08
A003390,L00951,email_open,2026-05-04
A003391,L00953,email_open,2026-09-14
A003392,L00953,pricing_page_visit,2026-09-18
A003393,L00953,meeting,2026-09-16
A003394,L00953,email_open,2026-08-30
A003395,L00953,email_open,2026-09-14
A003396,L00953,email_open,2026-08-30
A003397,L00954,email_open,2026-05-18
A003398,L00954,email_open,2026-01-14
A003399,L00954,email_open,2026-04-18
A003400,L00955,call,2026-07-08
A003401,L00955,pricing_page_visit,2025-10-07
A003402,L00956,email_open,2026-04-11
A003403,L00958,email_open,2026-08-29
A003404,L00958,email_click,2026-09-17
A003405,L00958,demo_request,2026-09-16
A003406,L00958,email_click,2026-09-17
A003407,L00958,email_open,2026-08-31
A003408,L00958,email_open,2026-09-09
A003409,L00958,email_click,2026-09-17
A003410,L00958,email_open,2026-09-06
A003411,L00958,call,2026-09-14
A003412,L00958,email_open,2026-09-23
A003413,L00958,meeting,2026-09-24
A003414,L00960,email_open,2026-09-11
A003415,L00960,pricing_page_visit,2026-09-21
A003416,L00960,meeting,2026-09-05
A003417,L00960,email_open,2026-09-21
A003418,L00960,email_click,2026-08-29
A003419,L00960,email_click,2026-09-12
A003420,L00960,email_open,2026-09-12
A003421,L00960,pricing_page_visit,2026-09-16
A003422,L00960,email_open,2026-08-28
A003423,L00960,email_click,2026-09-10
A003424,L00961,call,2025-11-19
A003425,L00961,call,2026-03-06
A003426,L00963,call,2026-09-18
A003427,L00963,email_open,2026-08-27
A003428,L00963,pricing_page_visit,2026-09-01
A003429,L00963,email_click,2026-08-30
A003430,L00963,email_open,2026-08-29
A003431,L00963,email_click,2026-08-28
A003432,L00963,pricing_page_visit,2026-09-19
A003433,L00963,email_open,2026-08-27
A003434,L00963,email_click,2026-08-29
A003435,L00964,email_open,2026-05-29
A003436,L00964,demo_request,2026-08-24
A003437,L00966,demo_request,2026-05-07
A003438,L00966,pricing_page_visit,2025-12-07
A003439,L00966,pricing_page_visit,2026-02-22
A003440,L00966,meeting,2026-04-02
A003441,L00966,email_open,2026-08-13
A003442,L00966,demo_request,2025-10-16
A003443,L00966,email_open,2026-04-22
A003444,L00966,pricing_page_visit,2026-08-31
A003445,L00966,email_open,2025-11-08
A003446,L00966,email_open,2026-08-24
A003447,L00967,email_click,2026-05-05
A003448,L00967,pricing_page_visit,2026-04-01
A003449,L00967,email_click,2026-06-23
A003450,L00967,call,2026-08-05
A003451,L00968,email_click,2025-10-20
A003452,L00968,email_open,2026-03-17
A003453,L00968,email_open,2026-07-29
A003454,L00969,email_open,2026-03-11
A003455,L00969,email_click,2026-07-16
A003456,L00970,email_open,2026-09-22
A003457,L00970,pricing_page_visit,2026-09-20
A003458,L00970,email_open,2026-09-25
A003459,L00970,email_open,2026-09-18
A003460,L00970,call,2026-09-21
A003461,L00970,meeting,2026-09-11
A003462,L00971,email_click,2025-12-19
A003463,L00971,demo_request,2025-10-14
A003464,L00971,email_open,2026-06-10
A003465,L00971,email_open,2026-02-18
A003466,L00972,pricing_page_visit,2025-10-26
A003467,L00972,email_click,2026-06-26
A003468,L00973,email_click,2026-02-24
A003469,L00973,email_click,2025-10-16
A003470,L00973,call,2026-01-18
A003471,L00974,email_open,2026-08-06
A003472,L00974,pricing_page_visit,2026-04-13
A003473,L00975,email_open,2026-09-14
A003474,L00975,email_open,2026-09-11
A003475,L00975,email_open,2026-09-11
A003476,L00975,email_open,2026-09-04
A003477,L00975,call,2026-08-28
A003478,L00975,email_open,2026-09-04
A003479,L00975,demo_request,2026-09-08
A003480,L00975,email_open,2026-09-10
A003481,L00976,pricing_page_visit,2025-11-03
A003482,L00976,email_open,2026-03-25
A003483,L00977,email_open,2025-12-30
A003484,L00977,pricing_page_visit,2025-10-30
A003485,L00977,email_click,2025-11-07
A003486,L00977,email_open,2026-03-16
A003487,L00977,email_open,2026-01-05
A003488,L00978,call,2025-10-13
A003489,L00978,email_click,2026-05-23
A003490,L00978,email_open,2026-01-27
A003491,L00978,email_open,2026-03-31
A003492,L00978,pricing_page_visit,2026-07-17
A003493,L00979,email_open,2026-09-18
A003494,L00979,pricing_page_visit,2026-09-09
A003495,L00979,email_open,2026-09-26
A003496,L00979,call,2026-08-31
A003497,L00979,call,2026-09-08
A003498,L00979,email_open,2026-09-19
A003499,L00979,email_open,2026-09-01
A003500,L00979,email_open,2026-09-26
A003501,L00979,meeting,2026-09-10
A003502,L00979,email_open,2026-09-09
A003503,L00979,pricing_page_visit,2026-09-07
A003504,L00979,pricing_page_visit,2026-09-14
A003505,L00979,email_open,2026-09-26
A003506,L00980,email_open,2026-04-02
A003507,L00980,pricing_page_visit,2026-02-17
A003508,L00980,email_open,2026-01-01
A003509,L00983,email_open,2026-02-19
A003510,L00983,email_open,2026-06-28
A003511,L00983,email_open,2025-10-06
A003512,L00983,email_open,2026-07-15
A003513,L00983,email_click,2026-07-02
A003514,L00983,call,2026-03-14
A003515,L00983,email_click,2026-08-06
A003516,L00983,email_click,2025-10-31
A003517,L00983,pricing_page_visit,2026-03-26
A003518,L00983,email_open,2026-05-06
A003519,L00983,email_open,2026-04-18
A003520,L00983,pricing_page_visit,2026-01-09
A003521,L00984,meeting,2026-03-21
A003522,L00984,email_open,2026-01-21
A003523,L00984,pricing_page_visit,2026-02-05
A003524,L00984,meeting,2026-03-05
A003525,L00984,call,2026-03-25
A003526,L00985,email_click,2026-04-30
A003527,L00986,call,2026-03-10
A003528,L00986,pricing_page_visit,2026-06-19
A003529,L00986,email_open,2026-06-11
A003530,L00986,email_open,2026-03-21
A003531,L00986,meeting,2025-11-28
A003532,L00987,email_click,2025-11-07
A003533,L00987,call,2026-08-11
A003534,L00987,email_open,2025-12-29
A003535,L00988,call,2026-01-04
A003536,L00989,meeting,2025-10-23
A003537,L00989,email_open,2026-01-30
A003538,L00989,email_open,2026-06-16
A003539,L00989,email_open,2025-10-22
A003540,L00989,email_open,2026-04-29
A003541,L00990,demo_request,2025-11-22
A003542,L00990,email_click,2026-06-26
A003543,L00990,email_open,2026-05-15
A003544,L00990,pricing_page_visit,2026-03-17
A003545,L00991,email_open,2025-11-24
A003546,L00991,email_open,2026-07-23
A003547,L00991,email_open,2026-07-26
A003548,L00992,email_open,2025-11-22
A003549,L00992,pricing_page_visit,2026-01-09
A003550,L00993,call,2025-12-02
A003551,L00994,demo_request,2025-09-26
A003552,L00994,meeting,2026-01-03
A003553,L00994,email_open,2026-05-03
A003554,L00994,email_open,2025-10-27
A003555,L00994,email_open,2026-08-01
A003556,L00995,email_open,2026-06-13
A003557,L00995,email_open,2026-08-07
A003558,L00995,email_click,2026-06-26
A003559,L00995,email_open,2026-05-04
A003560,L00995,email_open,2026-02-10
A003561,L00996,email_click,2026-09-10
A003562,L00996,email_click,2026-09-12
A003563,L00996,email_open,2026-09-21
A003564,L00996,pricing_page_visit,2026-08-29
A003565,L00996,email_open,2026-09-07
A003566,L00996,meeting,2026-09-20
A003567,L00996,pricing_page_visit,2026-09-04
A003568,L00996,email_click,2026-09-17
A003569,L00996,email_open,2026-08-27
A003570,L00996,email_click,2026-09-11
A003571,L00996,email_open,2026-08-29
A003572,L00996,call,2026-09-25
A003573,L00997,demo_request,2026-05-11
A003574,L00998,email_open,2026-09-24
A003575,L00998,email_click,2026-09-17
A003576,L00998,email_open,2026-09-06
A003577,L00998,call,2026-09-13
A003578,L00998,email_open,2026-09-21
A003579,L00998,pricing_page_visit,2026-09-06
A003580,L00998,email_click,2026-09-20
A003581,L00998,email_open,2026-09-11
A003582,L00998,meeting,2026-09-09
A003583,L00999,pricing_page_visit,2026-08-03
A003584,L00999,email_open,2026-05-06
A003585,L00999,meeting,2026-01-01
A003586,L00999,pricing_page_visit,2026-02-07
A003587,L00999,email_click,2026-01-15
A003588,L00999,call,2026-01-17
A003589,L01000,email_open,2026-01-16
A003590,L01000,email_open,2026-03-08
A003591,L01000,email_open,2026-03-21
A003592,L01002,email_open,2026-03-21
A003593,L01002,call,2026-05-01
A003594,L01002,email_open,2026-07-12
A003595,L01002,email_open,2026-08-12
A003596,L01003,email_open,2026-09-16
A003597,L01003,email_open,2026-09-19
A003598,L01003,call,2026-09-09
A003599,L01003,email_click,2026-09-02
A003600,L01003,email_open,2026-09-04
A003601,L01003,email_open,2026-09-06
A003602,L01003,meeting,2026-09-24
A003603,L01003,email_open,2026-09-05
A003604,L01003,pricing_page_visit,2026-09-24
A003605,L01003,email_open,2026-09-06
A003606,L01003,email_click,2026-09-16
A003607,L01003,pricing_page_visit,2026-09-26
A003608,L01003,email_click,2026-09-22
A003609,L01005,email_open,2026-01-24
A003610,L01005,email_open,2026-07-14
A003611,L01005,email_open,2026-07-05
A003612,L01006,email_open,2025-12-21
A003613,L01006,email_click,2026-06-18
A003614,L01007,demo_request,2026-09-09
A003615,L01007,demo_request,2026-09-03
A003616,L01007,demo_request,2026-09-05
A003617,L01007,email_open,2026-09-04
A003618,L01007,meeting,2026-08-29
A003619,L01007,email_click,2026-09-19
A003620,L01007,email_open,2026-09-08
A003621,L01007,email_open,2026-09-13
A003622,L01007,email_click,2026-08-31
A003623,L01007,email_click,2026-09-21
A003624,L01008,email_open,2026-05-12
A003625,L01008,pricing_page_visit,2026-03-06
A003626,L01008,email_click,2026-05-24
A003627,L01008,email_click,2026-07-11
A003628,L01008,email_open,2025-12-01
A003629,L01009,email_click,2025-11-24
A003630,L01009,email_click,2026-07-25
A003631,L01010,email_click,2026-04-06
A003632,L01010,call,2026-03-07
A003633,L01010,demo_request,2026-02-22
A003634,L01010,pricing_page_visit,2026-03-20
A003635,L01010,email_click,2026-08-03
A003636,L01011,email_click,2026-03-30
A003637,L01011,call,2026-02-17
A003638,L01011,pricing_page_visit,2026-04-09
A003639,L01011,demo_request,2026-01-28
A003640,L01011,email_open,2026-03-26
A003641,L01012,email_open,2026-09-18
A003642,L01012,email_open,2026-09-15
A003643,L01012,email_open,2026-08-30
A003644,L01012,email_open,2026-08-29
A003645,L01012,meeting,2026-09-03
A003646,L01012,email_click,2026-09-11
A003647,L01012,email_click,2026-09-16
A003648,L01012,email_open,2026-08-29
A003649,L01012,email_open,2026-09-24
A003650,L01012,email_click,2026-09-11
A003651,L01012,call,2026-09-07
A003652,L01012,pricing_page_visit,2026-09-02
A003653,L01012,email_open,2026-08-29
A003654,L01013,email_click,2026-08-15
A003655,L01013,pricing_page_visit,2025-10-26
A003656,L01013,pricing_page_visit,2026-05-13
A003657,L01014,call,2026-03-15
A003658,L01015,email_open,2025-12-23
A003659,L01015,pricing_page_visit,2026-08-08
A003660,L01015,call,2026-04-01
A003661,L01015,pricing_page_visit,2026-01-13
A003662,L01015,email_click,2026-08-21
A003663,L01016,email_open,2026-02-02
A003664,L01016,email_open,2026-05-02
A003665,L01016,email_open,2026-07-18
A003666,L01017,email_open,2025-12-31
A003667,L01017,email_click,2026-07-03
A003668,L01018,email_open,2026-04-22
A003669,L01018,email_open,2026-03-25
A003670,L01018,call,2025-12-31
A003671,L01018,email_open,2025-10-10
A003672,L01018,email_open,2025-12-23
A003673,L01019,meeting,2026-07-04
A003674,L01019,call,2026-02-14
A003675,L01019,email_click,2025-12-23
A003676,L01019,email_open,2026-07-22
A003677,L01019,demo_request,2026-08-11
A003678,L01020,email_click,2025-12-20
A003679,L01020,email_open,2026-03-07
A003680,L01020,pricing_page_visit,2026-07-12
A003681,L01021,call,2026-02-05
A003682,L01021,email_open,2026-02-03
A003683,L01022,meeting,2026-08-15
A003684,L01022,email_click,2026-02-03
A003685,L01022,meeting,2026-05-07
A003686,L01022,email_open,2026-02-10
A003687,L01023,email_click,2026-03-01
A003688,L01023,email_open,2026-02-07
A003689,L01024,email_open,2026-09-08
A003690,L01024,email_open,2026-09-20
A003691,L01024,email_open,2026-09-18
A003692,L01024,meeting,2026-08-28
A003693,L01024,email_open,2026-09-22
A003694,L01025,email_open,2025-11-07
A003695,L01025,email_open,2026-06-24
A003696,L01025,pricing_page_visit,2026-01-30
A003697,L01025,meeting,2026-01-19
A003698,L01026,email_click,2026-02-20
A003699,L01026,email_click,2025-11-27
A003700,L01027,email_click,2025-12-21
A003701,L01027,email_click,2026-02-09
A003702,L01027,pricing_page_visit,2026-07-25
A003703,L01028,email_open,2026-06-16
A003704,L01030,email_open,2026-06-05
A003705,L01031,call,2026-07-28
A003706,L01031,email_open,2026-06-30
A003707,L01033,email_open,2026-08-28
A003708,L01033,pricing_page_visit,2026-09-26
A003709,L01033,email_open,2026-09-14
A003710,L01033,email_open,2026-09-23
A003711,L01033,call,2026-09-24
A003712,L01033,email_click,2026-09-10
A003713,L01033,call,2026-09-19
A003714,L01033,email_click,2026-09-05
A003715,L01034,email_open,2026-03-13
A003716,L01034,email_open,2026-02-20
A003717,L01034,email_open,2026-06-22
A003718,L01034,email_open,2026-08-31
A003719,L01035,email_open,2026-05-24
A003720,L01035,pricing_page_visit,2026-03-10
A003721,L01036,email_open,2026-04-11
A003722,L01036,email_open,2025-10-30
A003723,L01038,meeting,2026-08-31
A003724,L01038,demo_request,2026-09-25
A003725,L01038,email_open,2026-09-03
A003726,L01038,email_open,2026-09-20
A003727,L01038,email_open,2026-09-02
A003728,L01038,email_open,2026-09-02
A003729,L01038,email_click,2026-09-04
A003730,L01038,email_open,2026-08-30
A003731,L01039,email_open,2026-03-24
A003732,L01039,email_open,2026-05-12
A003733,L01039,call,2026-02-07
A003734,L01040,email_click,2026-09-02
A003735,L01040,email_open,2026-08-27
A003736,L01040,email_open,2026-09-09
A003737,L01040,email_open,2026-08-31
A003738,L01040,email_open,2026-08-31
A003739,L01040,pricing_page_visit,2026-09-03
A003740,L01040,email_click,2026-09-10
A003741,L01040,pricing_page_visit,2026-09-13
A003742,L01040,demo_request,2026-09-05
A003743,L01040,email_open,2026-09-16
A003744,L01040,email_open,2026-09-06
A003745,L01040,demo_request,2026-08-30
A003746,L01041,email_open,2026-08-28
A003747,L01041,email_open,2026-09-02
A003748,L01041,email_open,2026-09-11
A003749,L01041,call,2026-09-26
A003750,L01041,call,2026-09-20
A003751,L01042,email_open,2026-05-12
A003752,L01042,email_open,2025-10-26
A003753,L01042,email_open,2026-06-09
A003754,L01043,email_open,2026-02-06
A003755,L01043,demo_request,2026-03-23
A003756,L01043,email_click,2026-04-16
A003757,L01043,email_open,2026-05-31
A003758,L01043,email_open,2025-12-29
A003759,L01044,email_open,2025-10-02
A003760,L01044,email_click,2026-08-22
A003761,L01044,call,2025-12-29
A003762,L01044,email_open,2026-03-14
A003763,L01044,pricing_page_visit,2026-05-28
A003764,L01046,pricing_page_visit,2026-03-15
A003765,L01047,demo_request,2026-03-22
A003766,L01047,email_open,2026-07-18
A003767,L01047,email_click,2026-03-15
A003768,L01047,email_open,2026-05-02
A003769,L01047,email_open,2026-02-12
A003770,L01047,email_click,2025-11-26
A003771,L01047,email_open,2026-08-03
A003772,L01047,email_open,2026-02-15
A003773,L01047,email_open,2026-04-14
A003774,L01047,call,2025-10-23
A003775,L01047,email_open,2025-12-03
A003776,L01048,email_open,2025-11-04
A003777,L01048,demo_request,2026-05-08
A003778,L01048,email_click,2026-06-12
A003779,L01048,meeting,2026-07-31
A003780,L01049,email_click,2026-01-23
A003781,L01049,email_click,2026-04-22
A003782,L01050,email_open,2026-07-25
A003783,L01051,email_open,2026-03-13
A003784,L01051,email_open,2026-06-13
A003785,L01052,meeting,2026-02-20
A003786,L01052,email_open,2025-11-20
A003787,L01052,pricing_page_visit,2025-10-05
A003788,L01052,email_open,2025-11-22
A003789,L01052,pricing_page_visit,2026-08-25
A003790,L01053,email_click,2025-11-23
A003791,L01054,call,2026-06-01
A003792,L01054,pricing_page_visit,2026-04-28
A003793,L01054,pricing_page_visit,2026-03-27
A003794,L01054,email_click,2026-02-09
A003795,L01056,meeting,2025-12-06
A003796,L01057,email_click,2026-08-29
A003797,L01057,call,2026-08-20
A003798,L01058,call,2026-03-02
A003799,L01058,email_click,2026-02-14
A003800,L01058,pricing_page_visit,2025-12-17
A003801,L01058,email_open,2026-05-23
A003802,L01059,demo_request,2026-03-04
A003803,L01059,demo_request,2025-11-08
A003804,L01059,call,2026-02-22
A003805,L01059,call,2026-07-09
A003806,L01059,email_click,2026-04-14
A003807,L01060,email_click,2026-09-13
A003808,L01060,email_open,2026-09-09
A003809,L01060,call,2026-09-05
A003810,L01060,email_open,2026-09-25
A003811,L01060,pricing_page_visit,2026-09-11
A003812,L01060,email_click,2026-08-28
A003813,L01060,email_open,2026-09-26
A003814,L01060,pricing_page_visit,2026-09-26
A003815,L01060,meeting,2026-08-29
A003816,L01060,email_open,2026-09-06
A003817,L01060,pricing_page_visit,2026-09-09
A003818,L01060,meeting,2026-09-23
A003819,L01060,meeting,2026-09-21
A003820,L01060,email_open,2026-08-28
A003821,L01061,email_open,2026-01-05
A003822,L01061,email_open,2026-05-17
A003823,L01061,email_open,2026-08-29
A003824,L01062,email_open,2026-05-01
A003825,L01062,email_click,2026-02-26
A003826,L01062,email_open,2026-01-02
A003827,L01063,email_open,2026-09-06
A003828,L01063,pricing_page_visit,2026-09-15
A003829,L01063,email_open,2026-08-30
A003830,L01063,email_open,2026-09-01
A003831,L01063,email_open,2026-08-30
A003832,L01063,call,2026-09-08
A003833,L01063,email_open,2026-09-11
A003834,L01063,email_open,2026-09-18
A003835,L01063,email_open,2026-09-12
A003836,L01063,email_open,2026-09-19
A003837,L01063,email_open,2026-09-18
A003838,L01063,pricing_page_visit,2026-09-26
A003839,L01063,email_click,2026-09-03
A003840,L01063,demo_request,2026-09-18
A003841,L01064,pricing_page_visit,2025-12-27
A003842,L01064,pricing_page_visit,2026-05-06
A003843,L01064,pricing_page_visit,2026-08-12
A003844,L01064,call,2025-12-16
A003845,L01065,email_click,2026-08-08
A003846,L01065,call,2026-03-21
A003847,L01065,email_open,2026-07-20
A003848,L01066,call,2026-09-13
A003849,L01066,call,2026-09-13
A003850,L01066,email_open,2026-09-18
A003851,L01066,demo_request,2026-09-02
A003852,L01066,email_click,2026-09-25
A003853,L01066,pricing_page_visit,2026-09-08
A003854,L01066,email_open,2026-09-25
A003855,L01066,email_open,2026-08-30
A003856,L01066,email_open,2026-09-17
A003857,L01066,email_open,2026-08-31
A003858,L01066,email_open,2026-09-01
A003859,L01066,email_click,2026-09-03
A003860,L01066,email_open,2026-09-26
A003861,L01067,pricing_page_visit,2026-08-27
A003862,L01067,meeting,2026-09-25
A003863,L01067,email_click,2026-09-10
A003864,L01067,email_click,2026-09-16
A003865,L01067,email_open,2026-09-12
A003866,L01067,meeting,2026-09-04
A003867,L01067,email_open,2026-09-17
A003868,L01067,pricing_page_visit,2026-09-17
A003869,L01067,email_open,2026-09-14
A003870,L01067,call,2026-09-19
A003871,L01067,call,2026-09-06
A003872,L01067,demo_request,2026-09-09
A003873,L01067,email_click,2026-09-23
A003874,L01068,email_click,2025-11-16
A003875,L01068,email_open,2026-08-03
A003876,L01068,email_click,2026-06-25
A003877,L01068,email_open,2026-08-31
A003878,L01069,meeting,2025-12-03
A003879,L01070,call,2026-06-09
A003880,L01070,email_open,2026-08-03
A003881,L01070,email_open,2025-11-12
A003882,L01070,pricing_page_visit,2026-05-29
A003883,L01070,call,2025-11-03
A003884,L01071,email_open,2026-04-09
A003885,L01071,email_open,2025-11-15
A003886,L01071,email_open,2026-06-06
A003887,L01071,email_open,2026-01-20
A003888,L01071,email_click,2025-11-09
A003889,L01072,email_open,2026-06-27
A003890,L01072,email_open,2025-12-03
A003891,L01072,pricing_page_visit,2026-02-04
A003892,L01072,demo_request,2026-02-19
A003893,L01072,call,2026-08-19
A003894,L01072,demo_request,2026-02-20
A003895,L01072,call,2025-12-12
A003896,L01072,email_click,2026-03-27
A003897,L01072,meeting,2026-08-01
A003898,L01072,meeting,2026-04-01
A003899,L01072,email_open,2026-05-21
A003900,L01072,email_click,2026-01-09
A003901,L01072,email_click,2025-12-07
A003902,L01072,email_click,2026-04-11
A003903,L01073,email_open,2025-12-10
A003904,L01073,email_open,2026-05-29
A003905,L01073,email_open,2026-06-16
A003906,L01073,pricing_page_visit,2025-11-19
A003907,L01073,pricing_page_visit,2025-10-17
A003908,L01074,call,2026-09-02
A003909,L01074,email_open,2026-02-23
A003910,L01074,email_open,2026-06-13
A003911,L01074,meeting,2026-01-08
A003912,L01074,email_open,2026-04-01
A003913,L01075,email_open,2026-05-16
A003914,L01075,email_open,2026-07-15
A003915,L01075,email_open,2026-01-09
A003916,L01075,email_click,2026-08-09
A003917,L01076,email_open,2026-01-18
A003918,L01076,email_click,2025-11-07
A003919,L01076,email_open,2025-10-01
A003920,L01077,email_open,2026-08-20
A003921,L01077,meeting,2026-08-07
A003922,L01077,meeting,2025-12-09
A003923,L01077,demo_request,2026-01-22
A003924,L01078,email_open,2026-03-07
A003925,L01078,email_click,2026-06-03
A003926,L01078,email_open,2026-08-31
A003927,L01080,email_click,2026-07-12
A003928,L01080,email_click,2025-10-12
A003929,L01080,email_open,2025-11-05
A003930,L01081,email_open,2026-03-16
A003931,L01082,email_open,2026-02-11
A003932,L01082,email_open,2026-02-06
A003933,L01082,email_click,2026-04-27
A003934,L01084,email_open,2026-01-18
A003935,L01084,email_open,2026-06-08
A003936,L01085,email_open,2026-04-07
A003937,L01085,pricing_page_visit,2025-12-15
A003938,L01085,email_click,2026-03-25
A003939,L01085,email_open,2026-02-04
A003940,L01085,pricing_page_visit,2025-11-01
A003941,L01087,email_open,2026-07-15
A003942,L01087,call,2026-07-16
A003943,L01087,call,2026-03-29
A003944,L01087,pricing_page_visit,2026-01-06
A003945,L01088,email_click,2026-03-14
A003946,L01089,email_open,2026-09-03
A003947,L01089,email_open,2026-09-25
A003948,L01089,pricing_page_visit,2026-09-25
A003949,L01089,pricing_page_visit,2026-09-02
A003950,L01089,call,2026-09-09
A003951,L01089,email_open,2026-09-07
A003952,L01089,email_click,2026-09-10
A003953,L01089,pricing_page_visit,2026-09-24
A003954,L01089,call,2026-09-19
A003955,L01089,email_open,2026-09-16
A003956,L01089,pricing_page_visit,2026-09-21
A003957,L01090,email_click,2026-01-30
A003958,L01090,email_open,2025-10-21
A003959,L01091,meeting,2026-02-26
A003960,L01091,email_open,2026-05-06
A003961,L01091,call,2025-12-04
A003962,L01091,email_click,2026-05-04
A003963,L01091,email_open,2026-03-06
A003964,L01092,email_click,2026-09-16
A003965,L01092,email_open,2026-08-30
A003966,L01092,meeting,2026-09-16
A003967,L01092,pricing_page_visit,2026-08-30
A003968,L01092,email_click,2026-08-27
A003969,L01092,pricing_page_visit,2026-09-14
A003970,L01092,email_open,2026-09-09
A003971,L01092,email_open,2026-09-06
A003972,L01092,email_open,2026-09-21
A003973,L01093,pricing_page_visit,2026-06-24
A003974,L01093,email_click,2026-02-25
A003975,L01093,email_open,2025-12-12
A003976,L01093,pricing_page_visit,2026-02-19
A003977,L01093,call,2025-12-19
A003978,L01094,email_click,2026-01-13
A003979,L01094,demo_request,2026-05-01
A003980,L01094,email_click,2026-06-06
A003981,L01095,pricing_page_visit,2026-08-25
A003982,L01096,email_open,2026-04-17
A003983,L01096,email_click,2026-01-22
A003984,L01096,call,2026-06-04
A003985,L01096,email_open,2026-07-19
A003986,L01097,meeting,2025-10-29
A003987,L01098,email_click,2026-04-16
A003988,L01098,email_open,2026-06-09
A003989,L01098,meeting,2026-05-15
A003990,L01098,email_open,2026-09-06
A003991,L01098,call,2026-02-18
A003992,L01099,pricing_page_visit,2026-05-01
A003993,L01101,email_open,2026-03-02
A003994,L01101,email_open,2025-12-04
A003995,L01102,email_click,2025-12-09
A003996,L01102,meeting,2026-05-07
A003997,L01103,email_open,2026-05-11
A003998,L01103,email_open,2026-05-14
A003999,L01103,email_open,2026-06-17
A004000,L01103,email_click,2026-01-29
A004001,L01104,pricing_page_visit,2025-10-28
A004002,L01104,email_open,2026-01-21
A004003,L01105,demo_request,2026-03-06
A004004,L01105,email_open,2026-01-31
A004005,L01105,call,2025-12-23
A004006,L01105,email_click,2026-01-26
A004007,L01107,call,2026-08-07
A004008,L01107,email_click,2026-06-10
A004009,L01107,call,2026-02-10
A004010,L01107,meeting,2026-03-30
A004011,L01107,email_open,2025-10-21
A004012,L01108,email_open,2025-12-12
A004013,L01108,call,2025-12-05
A004014,L01108,email_open,2026-08-27
A004015,L01109,email_click,2026-06-08
A004016,L01109,email_click,2025-10-08
A004017,L01110,email_click,2025-10-01
A004018,L01110,email_open,2026-05-22
A004019,L01110,email_open,2026-05-26
A004020,L01111,email_open,2026-08-16
A004021,L01111,email_open,2026-06-18
A004022,L01111,pricing_page_visit,2026-06-21
A004023,L01111,email_click,2026-08-30
A004024,L01112,pricing_page_visit,2026-02-11
A004025,L01114,call,2025-09-30
A004026,L01114,email_click,2025-11-18
A004027,L01115,email_open,2026-05-07
A004028,L01115,email_open,2025-10-08
A004029,L01115,pricing_page_visit,2026-08-20
A004030,L01115,email_open,2026-07-20
A004031,L01115,email_open,2026-07-18
A004032,L01116,call,2026-01-29
A004033,L01117,email_click,2026-03-05
A004034,L01118,email_open,2026-09-05
A004035,L01118,email_click,2026-03-21
A004036,L01119,email_open,2025-11-16
A004037,L01119,email_open,2026-07-15
A004038,L01119,pricing_page_visit,2025-12-19
A004039,L01120,email_open,2026-02-23
A004040,L01120,pricing_page_visit,2026-02-06
A004041,L01120,pricing_page_visit,2025-10-04
A004042,L01121,call,2026-09-03
A004043,L01122,email_open,2026-07-15
A004044,L01122,email_open,2025-10-28
A004045,L01122,pricing_page_visit,2026-05-27
A004046,L01122,email_click,2025-10-17
A004047,L01123,email_open,2026-06-30
A004048,L01123,meeting,2026-04-17
A004049,L01123,email_open,2026-08-25
A004050,L01123,email_open,2025-10-21
A004051,L01123,email_click,2025-12-02
A004052,L01124,meeting,2026-05-16
A004053,L01124,call,2026-06-23
A004054,L01124,meeting,2026-01-29
A004055,L01125,meeting,2026-04-19
A004056,L01126,call,2025-11-18
A004057,L01127,pricing_page_visit,2026-08-30
A004058,L01127,email_click,2026-08-03
A004059,L01129,email_click,2026-02-27
A004060,L01130,pricing_page_visit,2026-09-26
A004061,L01130,demo_request,2026-09-06
A004062,L01130,meeting,2026-09-26
A004063,L01130,call,2026-09-13
A004064,L01130,email_open,2026-09-18
A004065,L01130,email_click,2026-09-19
A004066,L01130,meeting,2026-09-05
A004067,L01133,call,2026-03-08
A004068,L01133,email_open,2026-08-04
A004069,L01133,email_open,2025-11-28
A004070,L01133,pricing_page_visit,2026-04-10
A004071,L01134,email_open,2026-09-04
A004072,L01134,call,2026-06-06
A004073,L01134,email_click,2025-09-28
A004074,L01134,meeting,2026-08-01
A004075,L01135,email_open,2025-12-20
A004076,L01135,email_click,2026-03-09
A004077,L01135,email_open,2026-01-24
A004078,L01135,meeting,2025-11-30
A004079,L01135,email_open,2026-06-18
A004080,L01136,email_open,2026-08-14
A004081,L01136,call,2026-08-08
A004082,L01136,email_click,2026-05-13
A004083,L01137,email_open,2025-11-03
A004084,L01138,email_open,2026-09-25
A004085,L01138,email_open,2026-08-27
A004086,L01138,pricing_page_visit,2026-09-21
A004087,L01138,email_open,2026-09-03
A004088,L01138,call,2026-09-11
A004089,L01138,email_open,2026-09-14
A004090,L01138,call,2026-09-01
A004091,L01138,demo_request,2026-09-09
A004092,L01138,email_open,2026-08-27
A004093,L01138,email_open,2026-09-25
A004094,L01138,call,2026-08-28
A004095,L01138,meeting,2026-09-05
A004096,L01138,call,2026-09-11
A004097,L01139,email_open,2025-11-05
A004098,L01139,email_click,2026-04-23
A004099,L01140,email_click,2026-03-08
A004100,L01140,pricing_page_visit,2026-08-28
A004101,L01140,email_open,2026-08-24
A004102,L01140,email_click,2025-10-14
A004103,L01140,email_open,2026-07-19
A004104,L01141,pricing_page_visit,2026-07-03
A004105,L01141,email_click,2026-08-14
A004106,L01141,email_click,2026-08-27
A004107,L01143,meeting,2025-12-19
A004108,L01143,call,2025-10-03
A004109,L01144,email_open,2026-09-16
A004110,L01144,email_open,2026-09-22
A004111,L01144,meeting,2026-09-12
A004112,L01144,email_click,2026-09-23
A004113,L01144,email_open,2026-09-25
A004114,L01144,email_click,2026-09-17
A004115,L01144,email_open,2026-09-08
A004116,L01144,pricing_page_visit,2026-09-08
A004117,L01144,email_open,2026-09-24
A004118,L01144,email_click,2026-09-11
A004119,L01144,meeting,2026-08-30
A004120,L01144,pricing_page_visit,2026-09-26
A004121,L01144,email_open,2026-09-18
A004122,L01145,pricing_page_visit,2025-12-22
A004123,L01145,pricing_page_visit,2025-12-09
A004124,L01145,email_open,2025-09-26
A004125,L01145,meeting,2026-05-23
A004126,L01146,email_click,2026-02-11
A004127,L01146,email_open,2026-09-04
A004128,L01147,email_open,2026-08-08
A004129,L01148,email_open,2026-06-23
A004130,L01148,email_open,2026-07-14
A004131,L01148,email_click,2026-05-31
A004132,L01149,email_open,2025-10-14
A004133,L01149,email_open,2026-07-01
A004134,L01149,call,2025-11-11
A004135,L01149,email_click,2026-09-04
A004136,L01150,email_open,2026-03-04
A004137,L01150,email_open,2026-08-28
A004138,L01150,email_open,2025-10-30
A004139,L01150,call,2026-03-22
A004140,L01151,email_open,2026-01-29
A004141,L01151,email_open,2026-04-11
A004142,L01151,meeting,2026-08-11
A004143,L01152,email_open,2026-05-29
A004144,L01152,email_open,2025-12-13
A004145,L01152,email_open,2026-03-29
A004146,L01152,email_open,2025-10-10
A004147,L01152,email_click,2026-05-02
A004148,L01153,email_open,2026-04-22
A004149,L01153,email_open,2025-12-17
A004150,L01153,email_open,2025-10-28
A004151,L01154,demo_request,2026-03-07
A004152,L01155,email_open,2026-02-15
A004153,L01155,email_open,2025-10-07
A004154,L01156,email_open,2025-11-03
A004155,L01156,call,2026-01-10
A004156,L01157,pricing_page_visit,2026-08-22
A004157,L01157,email_open,2026-04-29
A004158,L01158,email_click,2026-04-04
A004159,L01158,email_click,2026-03-22
A004160,L01158,email_open,2025-12-30
A004161,L01158,email_open,2025-10-07
A004162,L01159,email_open,2025-11-09
A004163,L01159,demo_request,2026-08-17
A004164,L01159,email_click,2026-02-05
A004165,L01161,call,2026-02-19
A004166,L01161,demo_request,2026-03-18
A004167,L01162,email_open,2026-02-21
A004168,L01162,email_open,2026-08-21
A004169,L01162,pricing_page_visit,2026-05-01
A004170,L01163,email_open,2026-08-29
A004171,L01163,email_open,2026-08-29
A004172,L01163,call,2026-09-08
A004173,L01163,email_open,2026-09-25
A004174,L01163,email_click,2026-09-03
A004175,L01163,email_open,2026-09-01
A004176,L01163,email_open,2026-09-05
A004177,L01163,email_click,2026-08-29
A004178,L01163,email_open,2026-09-07
A004179,L01163,pricing_page_visit,2026-08-29
A004180,L01163,email_open,2026-09-11
A004181,L01164,call,2025-12-23
A004182,L01165,email_click,2026-01-17
A004183,L01165,call,2026-02-01
A004184,L01165,demo_request,2025-11-15
A004185,L01165,email_click,2026-02-20
A004186,L01166,email_open,2026-02-08
A004187,L01166,email_open,2026-08-02
A004188,L01166,email_open,2026-04-24
A004189,L01167,email_open,2025-11-26
A004190,L01167,meeting,2026-02-04
A004191,L01169,email_open,2026-01-05
A004192,L01169,pricing_page_visit,2025-11-29
A004193,L01169,call,2025-11-27
A004194,L01170,call,2026-06-13
A004195,L01170,call,2025-11-23
A004196,L01170,email_click,2025-12-07
A004197,L01170,email_click,2025-10-09
A004198,L01171,demo_request,2025-11-12
A004199,L01171,email_open,2026-02-11
A004200,L01171,email_open,2025-12-09
A004201,L01171,email_open,2026-03-12
A004202,L01172,call,2026-03-02
A004203,L01172,email_open,2026-05-13
A004204,L01172,email_open,2026-04-17
A004205,L01172,email_open,2026-02-05
A004206,L01173,email_open,2025-11-21
A004207,L01173,email_open,2025-12-28
A004208,L01173,email_open,2026-07-05
A004209,L01173,email_open,2025-10-23
A004210,L01174,email_click,2026-07-20
A004211,L01174,email_open,2026-04-03
A004212,L01175,pricing_page_visit,2026-09-18
A004213,L01175,email_open,2026-09-12
A004214,L01175,email_open,2026-09-25
A004215,L01175,email_open,2026-09-02
A004216,L01177,email_open,2026-09-02
A004217,L01177,email_open,2026-09-02
A004218,L01177,demo_request,2026-09-11
A004219,L01177,email_open,2026-09-13
A004220,L01177,email_click,2026-09-21
A004221,L01177,email_open,2026-09-09
A004222,L01177,email_click,2026-08-29
A004223,L01177,email_open,2026-09-01
A004224,L01177,email_open,2026-09-12
A004225,L01177,meeting,2026-09-03
A004226,L01178,pricing_page_visit,2025-11-16
A004227,L01178,call,2025-11-04
A004228,L01178,email_open,2026-02-27
A004229,L01178,email_open,2025-10-13
A004230,L01179,pricing_page_visit,2026-02-08
A004231,L01179,email_open,2026-03-26
A004232,L01179,demo_request,2026-01-21
A004233,L01180,email_click,2026-01-13
A004234,L01180,call,2025-09-30
A004235,L01181,demo_request,2026-01-02
A004236,L01183,email_open,2025-11-10
A004237,L01183,pricing_page_visit,2026-06-25
A004238,L01184,email_click,2026-01-29
A004239,L01184,pricing_page_visit,2025-12-27
A004240,L01184,email_click,2025-11-25
A004241,L01184,email_open,2026-02-13
A004242,L01184,email_open,2025-10-16
A004243,L01185,meeting,2026-09-04
A004244,L01185,email_open,2026-09-25
A004245,L01185,demo_request,2026-09-21
A004246,L01185,email_open,2026-08-27
A004247,L01185,call,2026-09-25
A004248,L01185,email_open,2026-09-20
A004249,L01185,meeting,2026-09-13
A004250,L01185,pricing_page_visit,2026-08-30
A004251,L01186,email_open,2026-09-06
A004252,L01186,email_open,2026-06-19
A004253,L01187,demo_request,2026-01-10
A004254,L01187,email_open,2026-01-29
A004255,L01187,email_open,2026-03-24
A004256,L01187,email_open,2026-04-08
A004257,L01188,email_click,2025-11-19
A004258,L01188,pricing_page_visit,2026-08-25
A004259,L01188,pricing_page_visit,2026-05-22
A004260,L01188,email_click,2025-10-19
A004261,L01188,email_open,2026-02-10
A004262,L01189,meeting,2026-06-13
A004263,L01190,email_open,2026-03-12
A004264,L01190,email_open,2026-08-01
A004265,L01190,email_open,2026-05-11
A004266,L01191,email_click,2026-02-03
A004267,L01191,email_open,2026-01-02
A004268,L01192,email_open,2026-09-17
A004269,L01192,email_open,2026-09-12
A004270,L01192,demo_request,2026-09-10
A004271,L01192,email_open,2026-09-06
A004272,L01192,email_open,2026-09-20
A004273,L01192,email_open,2026-09-26
A004274,L01192,email_open,2026-08-28
A004275,L01192,email_open,2026-09-04
A004276,L01192,call,2026-09-15
A004277,L01192,email_open,2026-08-31
A004278,L01195,email_open,2026-06-29
A004279,L01195,email_open,2025-09-27
A004280,L01195,email_open,2026-01-28
A004281,L01196,email_open,2026-03-25
A004282,L01196,email_open,2026-09-04
A004283,L01196,email_open,2025-10-16
A004284,L01197,email_click,2025-10-08
A004285,L01198,demo_request,2026-09-18
A004286,L01198,email_open,2026-09-19
A004287,L01198,pricing_page_visit,2026-08-27
A004288,L01198,demo_request,2026-09-03
A004289,L01198,email_open,2026-09-24
A004290,L01198,email_click,2026-09-05
A004291,L01198,email_open,2026-09-09
A004292,L01198,meeting,2026-09-19
A004293,L01198,demo_request,2026-09-10
A004294,L01198,email_open,2026-09-16
A004295,L01199,email_open,2026-02-25
A004296,L01200,call,2025-10-07
A004297,L01200,email_click,2026-04-08
A004298,L01200,email_open,2026-02-28
A004299,L01201,email_open,2026-09-26
A004300,L01201,email_open,2026-09-03
A004301,L01201,email_open,2026-09-15
A004302,L01201,demo_request,2026-09-26
A004303,L01201,email_open,2026-08-27
A004304,L01202,email_open,2026-02-14
A004305,L01202,email_click,2026-04-23
A004306,L01203,call,2026-03-15
A004307,L01204,email_click,2025-12-01
A004308,L01204,email_click,2025-10-06
A004309,L01204,email_open,2026-03-28
A004310,L01204,email_click,2025-11-05
A004311,L01205,email_open,2026-01-29
A004312,L01205,email_open,2026-02-22
A004313,L01205,pricing_page_visit,2026-03-19
A004314,L01207,call,2025-11-10
A004315,L01207,meeting,2026-01-21
A004316,L01207,pricing_page_visit,2026-03-05
A004317,L01208,email_open,2026-08-29
A004318,L01208,email_click,2026-09-08
A004319,L01208,email_open,2026-09-24
A004320,L01208,call,2026-09-21
A004321,L01208,email_click,2026-09-20
A004322,L01208,email_open,2026-08-30
A004323,L01208,email_open,2026-08-30
A004324,L01208,email_open,2026-09-06
A004325,L01208,email_open,2026-09-24
A004326,L01208,email_click,2026-09-11
A004327,L01208,email_open,2026-09-21
A004328,L01208,email_open,2026-08-27
A004329,L01208,email_open,2026-09-02
A004330,L01209,pricing_page_visit,2026-09-24
A004331,L01209,email_open,2026-08-27
A004332,L01209,pricing_page_visit,2026-08-28
A004333,L01209,email_open,2026-09-16
A004334,L01209,email_open,2026-09-01
A004335,L01209,email_open,2026-08-30
A004336,L01209,pricing_page_visit,2026-09-18
A004337,L01209,meeting,2026-09-02
A004338,L01210,pricing_page_visit,2026-07-20
A004339,L01210,demo_request,2026-09-05
A004340,L01210,email_open,2025-12-10
A004341,L01210,pricing_page_visit,2026-06-13
A004342,L01210,email_click,2026-01-23
A004343,L01211,email_click,2026-09-25
A004344,L01211,call,2026-09-09
A004345,L01211,email_click,2026-08-27
A004346,L01211,pricing_page_visit,2026-09-19
A004347,L01211,email_open,2026-09-01
A004348,L01211,meeting,2026-09-09
A004349,L01211,pricing_page_visit,2026-08-28
A004350,L01211,call,2026-09-03
A004351,L01211,call,2026-08-29
A004352,L01211,email_open,2026-09-22
A004353,L01211,meeting,2026-09-10
A004354,L01211,email_open,2026-09-02
A004355,L01212,email_open,2026-08-30
A004356,L01214,call,2025-10-30
A004357,L01214,meeting,2026-03-22
A004358,L01214,call,2025-12-20
A004359,L01214,email_open,2026-07-07
A004360,L01215,email_open,2026-08-25
A004361,L01217,email_open,2026-08-13
A004362,L01217,email_open,2026-05-16
A004363,L01217,email_open,2025-10-13
A004364,L01217,email_click,2025-10-05
A004365,L01217,email_open,2025-11-08
A004366,L01218,email_open,2026-07-14
A004367,L01218,call,2026-08-02
A004368,L01218,email_open,2026-02-06
A004369,L01218,email_click,2026-02-04
A004370,L01218,email_open,2026-06-28
A004371,L01220,meeting,2026-01-20
A004372,L01220,call,2026-04-27
A004373,L01221,email_open,2026-09-05
A004374,L01221,pricing_page_visit,2026-09-15
A004375,L01221,email_click,2026-08-30
A004376,L01221,email_open,2026-09-02
A004377,L01221,email_open,2026-09-12
A004378,L01222,email_click,2025-11-24
A004379,L01222,call,2026-04-25
A004380,L01223,pricing_page_visit,2025-11-04
A004381,L01223,email_open,2026-06-10
A004382,L01223,email_open,2025-11-14
A004383,L01223,email_open,2026-05-04
A004384,L01223,email_open,2026-04-27
A004385,L01224,email_open,2026-03-09
A004386,L01224,email_click,2026-07-07
A004387,L01225,email_open,2025-12-18
A004388,L01225,pricing_page_visit,2026-05-21
A004389,L01225,email_open,2025-11-16
A004390,L01227,email_click,2026-02-16
A004391,L01227,email_open,2026-07-17
A004392,L01227,email_open,2026-03-10
A004393,L01227,email_open,2026-02-21
A004394,L01228,meeting,2026-09-20
A004395,L01228,call,2026-09-22
A004396,L01228,call,2026-08-30
A004397,L01228,email_open,2026-09-11
A004398,L01228,demo_request,2026-09-18
A004399,L01228,meeting,2026-09-09
A004400,L01228,meeting,2026-09-14
A004401,L01228,email_open,2026-08-28
A004402,L01228,email_open,2026-09-23
A004403,L01228,meeting,2026-09-05
A004404,L01228,call,2026-09-15
A004405,L01228,call,2026-08-28
A004406,L01228,call,2026-09-11
A004407,L01229,email_open,2025-12-22
A004408,L01229,pricing_page_visit,2026-03-25
A004409,L01229,call,2026-05-27
A004410,L01229,email_click,2026-03-31
A004411,L01231,email_open,2026-04-17
A004412,L01231,call,2025-09-26
A004413,L01232,email_click,2025-11-21
A004414,L01232,email_click,2025-12-19
A004415,L01232,email_open,2026-06-10
A004416,L01232,email_open,2025-10-28
A004417,L01233,email_click,2026-06-07
A004418,L01233,email_open,2025-11-04
A004419,L01233,email_open,2026-06-26
A004420,L01234,pricing_page_visit,2026-06-27
A004421,L01234,email_open,2025-12-05
A004422,L01234,email_open,2026-06-09
A004423,L01235,meeting,2026-07-06
A004424,L01236,pricing_page_visit,2026-03-14
A004425,L01236,demo_request,2025-10-16
A004426,L01236,demo_request,2025-11-23
A004427,L01236,call,2026-08-21
A004428,L01237,meeting,2026-08-28
A004429,L01238,email_click,2026-09-05
A004430,L01238,demo_request,2026-09-13
A004431,L01238,email_open,2026-09-17
A004432,L01238,email_open,2026-08-28
A004433,L01238,email_open,2026-09-03
A004434,L01238,email_open,2026-09-02
A004435,L01238,email_click,2026-09-18
A004436,L01238,email_click,2026-09-02
A004437,L01238,email_open,2026-09-20
A004438,L01238,email_open,2026-08-29
A004439,L01238,call,2026-09-17
A004440,L01239,email_open,2026-05-18
A004441,L01239,email_open,2026-05-07
A004442,L01239,pricing_page_visit,2026-07-05
A004443,L01239,call,2026-01-29
A004444,L01240,email_open,2026-01-10
A004445,L01240,call,2025-10-15
A004446,L01240,email_open,2026-02-01
A004447,L01240,email_open,2025-12-31
A004448,L01240,demo_request,2026-04-28
A004449,L01241,pricing_page_visit,2026-08-11
A004450,L01241,pricing_page_visit,2026-07-19
A004451,L01241,email_open,2026-08-06
A004452,L01241,email_open,2025-11-28
A004453,L01241,email_open,2026-05-01
A004454,L01242,call,2026-06-10
A004455,L01242,email_open,2026-07-25
A004456,L01242,pricing_page_visit,2026-01-21
A004457,L01243,call,2026-03-13
A004458,L01243,pricing_page_visit,2026-06-02
A004459,L01243,call,2026-04-15
A004460,L01244,email_open,2026-09-19
A004461,L01244,meeting,2026-09-22
A004462,L01244,email_open,2026-09-22
A004463,L01244,email_open,2026-09-02
A004464,L01244,email_click,2026-09-12
A004465,L01244,call,2026-09-12
A004466,L01244,email_click,2026-09-15
A004467,L01244,email_open,2026-09-16
A004468,L01244,email_open,2026-09-23
A004469,L01245,email_click,2026-03-14
A004470,L01245,email_open,2026-07-17
A004471,L01245,meeting,2026-04-15
A004472,L01245,email_click,2026-01-28
A004473,L01246,pricing_page_visit,2026-06-01
A004474,L01247,call,2025-12-07
A004475,L01247,email_click,2025-12-22
A004476,L01247,meeting,2026-06-08
A004477,L01247,call,2026-08-29
A004478,L01248,email_open,2026-03-21
A004479,L01248,meeting,2025-10-21
A004480,L01248,pricing_page_visit,2025-11-10
A004481,L01248,call,2026-05-03
A004482,L01248,email_open,2025-12-23
A004483,L01249,email_open,2026-01-06
A004484,L01249,email_open,2026-02-22
A004485,L01250,call,2025-11-09
A004486,L01250,email_open,2026-03-16
A004487,L01250,email_open,2025-10-11
A004488,L01250,pricing_page_visit,2026-06-22
A004489,L01250,demo_request,2026-03-28
A004490,L01252,pricing_page_visit,2025-10-11
A004491,L01252,email_click,2026-04-11
A004492,L01252,email_open,2026-01-22
A004493,L01252,pricing_page_visit,2025-12-12
A004494,L01252,pricing_page_visit,2026-08-03
A004495,L01253,email_click,2026-01-27
A004496,L01253,email_open,2026-02-06
A004497,L01253,pricing_page_visit,2026-07-28
A004498,L01253,meeting,2025-11-17
A004499,L01254,email_open,2025-10-15
A004500,L01254,email_open,2025-11-11
A004501,L01254,email_open,2026-08-04
A004502,L01254,email_open,2025-11-24
A004503,L01254,email_open,2026-01-25
A004504,L01255,email_open,2025-10-19
A004505,L01255,email_open,2025-10-25
A004506,L01255,email_open,2026-05-20
A004507,L01255,email_click,2025-11-18
A004508,L01255,email_open,2026-02-13
A004509,L01256,meeting,2025-11-12
A004510,L01256,email_open,2026-03-10
A004511,L01256,email_open,2025-11-22
A004512,L01256,meeting,2025-12-28
A004513,L01257,email_open,2026-01-04
A004514,L01257,email_click,2025-10-18
A004515,L01257,email_open,2026-06-29
A004516,L01257,email_open,2025-11-29
A004517,L01259,email_open,2026-09-18
A004518,L01259,email_open,2026-08-31
A004519,L01259,email_open,2026-09-13
A004520,L01259,email_click,2026-09-14
A004521,L01261,email_click,2026-07-13
A004522,L01261,email_open,2025-11-12
A004523,L01263,email_open,2025-10-18
A004524,L01263,pricing_page_visit,2025-09-28
A004525,L01263,demo_request,2026-08-30
A004526,L01265,pricing_page_visit,2026-09-15
A004527,L01265,email_click,2026-09-11
A004528,L01265,meeting,2026-09-18
A004529,L01265,email_open,2026-09-21
A004530,L01265,email_click,2026-09-05
A004531,L01265,meeting,2026-09-17
A004532,L01265,meeting,2026-09-03
A004533,L01265,pricing_page_visit,2026-08-27
A004534,L01266,pricing_page_visit,2026-07-03
A004535,L01266,email_click,2025-12-16
A004536,L01268,email_open,2026-07-05
A004537,L01268,email_click,2026-06-19
A004538,L01270,call,2026-04-28
A004539,L01271,email_open,2026-01-28
A004540,L01272,email_open,2026-01-02
A004541,L01272,email_click,2026-05-21
A004542,L01272,email_open,2026-07-02
A004543,L01272,email_open,2026-03-19
A004544,L01272,email_click,2026-01-03
A004545,L01273,pricing_page_visit,2026-09-02
A004546,L01274,email_click,2025-11-04
A004547,L01274,email_open,2026-09-06
A004548,L01274,email_click,2026-01-05
A004549,L01274,email_open,2025-10-20
A004550,L01274,email_open,2025-12-19
A004551,L01275,email_open,2026-09-05
A004552,L01275,demo_request,2026-09-07
A004553,L01275,email_open,2026-08-31
A004554,L01275,email_open,2026-09-14
A004555,L01275,email_open,2026-09-04
A004556,L01275,demo_request,2026-09-07
A004557,L01275,call,2026-08-31
A004558,L01275,pricing_page_visit,2026-09-11
A004559,L01275,email_open,2026-08-30
A004560,L01275,meeting,2026-09-03
A004561,L01276,call,2026-09-21
A004562,L01276,email_open,2026-09-19
A004563,L01276,email_open,2026-09-13
A004564,L01276,email_click,2026-09-01
A004565,L01276,email_open,2026-09-03
A004566,L01277,email_open,2026-09-20
A004567,L01277,email_open,2026-08-30
A004568,L01277,meeting,2026-09-15
A004569,L01277,pricing_page_visit,2026-08-29
A004570,L01277,email_open,2026-09-09
A004571,L01277,email_open,2026-09-03
A004572,L01278,email_open,2026-09-01
A004573,L01278,email_click,2025-11-24
A004574,L01278,call,2026-08-09
A004575,L01279,email_click,2026-05-15
A004576,L01280,call,2026-02-21
A004577,L01280,email_open,2026-02-06
A004578,L01282,email_open,2025-10-29
A004579,L01282,pricing_page_visit,2025-10-30
A004580,L01282,email_open,2026-02-11
A004581,L01283,email_open,2025-11-17
A004582,L01284,email_open,2026-04-07
A004583,L01284,email_open,2025-11-13
A004584,L01284,call,2026-08-18
A004585,L01286,email_open,2026-02-13
A004586,L01286,email_open,2026-08-29
A004587,L01287,email_open,2026-06-24
A004588,L01287,pricing_page_visit,2026-07-08
A004589,L01287,call,2026-08-10
A004590,L01287,email_open,2026-07-29
A004591,L01287,email_open,2026-08-09
A004592,L01287,email_open,2026-01-13
A004593,L01287,meeting,2025-10-10
A004594,L01287,email_open,2026-04-06
A004595,L01287,call,2025-12-24
A004596,L01287,email_open,2026-05-25
A004597,L01288,call,2026-05-29
A004598,L01288,meeting,2026-01-06
A004599,L01289,pricing_page_visit,2025-11-01
A004600,L01289,email_open,2026-06-17
A004601,L01289,email_click,2025-10-20
A004602,L01289,meeting,2025-11-06
A004603,L01289,email_open,2025-12-02
A004604,L01290,email_click,2026-08-06
A004605,L01290,email_open,2026-04-07
A004606,L01290,email_click,2025-11-11
A004607,L01292,pricing_page_visit,2025-11-01
A004608,L01293,meeting,2026-03-24
A004609,L01293,email_open,2025-11-29
A004610,L01293,email_open,2026-01-05
A004611,L01293,email_open,2025-10-05
A004612,L01294,email_open,2026-09-04
A004613,L01294,call,2026-09-20
A004614,L01294,demo_request,2026-09-14
A004615,L01294,email_click,2026-09-20
A004616,L01294,email_click,2026-09-18
A004617,L01294,email_open,2026-09-21
A004618,L01294,email_open,2026-09-13
A004619,L01295,email_open,2026-03-06
A004620,L01295,email_click,2026-07-26
A004621,L01295,pricing_page_visit,2025-10-30
A004622,L01295,demo_request,2025-12-11
A004623,L01296,email_click,2026-02-27
A004624,L01296,email_open,2025-11-08
A004625,L01296,email_open,2026-02-07
A004626,L01296,call,2026-01-07
A004627,L01296,email_open,2026-03-04
A004628,L01297,email_open,2026-05-17
A004629,L01297,pricing_page_visit,2026-03-05
A004630,L01297,meeting,2025-12-01
A004631,L01297,email_open,2025-12-29
A004632,L01298,email_open,2025-09-30
A004633,L01298,email_open,2026-06-23
A004634,L01298,email_click,2026-06-08
A004635,L01299,call,2026-03-08
A004636,L01300,call,2025-12-11
A004637,L01300,email_click,2026-07-15
A004638,L01300,email_open,2026-05-30
A004639,L01300,email_open,2025-11-04
A004640,L01301,email_click,2026-06-18
A004641,L01301,email_open,2025-10-01
A004642,L01302,email_click,2026-02-07
A004643,L01302,email_open,2026-03-06
A004644,L01302,email_open,2026-01-17
A004645,L01302,pricing_page_visit,2025-12-14
A004646,L01302,email_open,2026-09-01
A004647,L01304,pricing_page_visit,2026-08-12
A004648,L01304,email_click,2026-08-12
A004649,L01305,email_open,2026-04-01
A004650,L01305,call,2026-03-11
A004651,L01305,call,2026-03-17
A004652,L01306,email_open,2025-12-09
A004653,L01306,email_open,2026-09-06
A004654,L01306,email_click,2025-10-13
A004655,L01306,email_click,2026-02-03
A004656,L01306,email_click,2025-12-29
A004657,L01307,email_open,2026-01-27
A004658,L01307,email_open,2026-05-21
A004659,L01308,email_click,2026-01-31
A004660,L01308,email_open,2026-02-22
A004661,L01308,call,2026-04-08
A004662,L01308,email_open,2026-03-21
A004663,L01308,email_open,2026-05-17
A004664,L01309,email_open,2025-11-17
A004665,L01309,email_open,2026-05-12
A004666,L01309,email_open,2026-01-04
A004667,L01310,email_open,2026-01-29
A004668,L01311,email_click,2025-10-26
A004669,L01312,email_open,2026-05-18
A004670,L01312,email_click,2026-05-24
A004671,L01313,email_click,2026-04-12
A004672,L01313,demo_request,2026-08-12
A004673,L01313,email_open,2026-06-14
A004674,L01313,email_open,2026-04-11
A004675,L01313,email_open,2025-10-17
A004676,L01314,email_open,2026-09-13
A004677,L01314,email_open,2026-09-11
A004678,L01314,call,2026-09-06
A004679,L01314,email_click,2026-09-21
A004680,L01314,email_click,2026-09-18
A004681,L01314,email_open,2026-09-08
A004682,L01314,email_click,2026-09-19
A004683,L01314,demo_request,2026-09-13
A004684,L01314,email_open,2026-09-08
A004685,L01314,email_click,2026-09-03
A004686,L01314,meeting,2026-09-08
A004687,L01315,email_open,2026-04-07
A004688,L01315,email_click,2026-05-11
A004689,L01315,email_open,2026-03-04
A004690,L01315,email_open,2026-01-24
A004691,L01315,pricing_page_visit,2025-12-11
A004692,L01315,email_open,2026-01-19
A004693,L01315,call,2025-12-21
A004694,L01315,pricing_page_visit,2026-03-13
A004695,L01315,meeting,2026-03-05
A004696,L01315,email_click,2026-05-04
A004697,L01315,email_open,2025-10-18
A004698,L01315,email_click,2026-04-30
A004699,L01316,demo_request,2025-11-03
A004700,L01316,meeting,2026-08-04
A004701,L01317,call,2026-03-27
A004702,L01318,email_open,2026-01-05
A004703,L01318,email_click,2026-05-08
A004704,L01318,email_open,2026-06-18
A004705,L01319,email_click,2025-12-17
A004706,L01319,email_click,2026-03-01
A004707,L01319,email_open,2026-07-31
A004708,L01319,call,2025-10-24
A004709,L01319,email_open,2025-11-30
A004710,L01319,call,2025-12-15
A004711,L01319,email_click,2026-02-27
A004712,L01320,email_click,2026-05-16
A004713,L01320,email_open,2026-06-03
A004714,L01320,call,2026-08-17
A004715,L01320,pricing_page_visit,2026-08-23
A004716,L01320,meeting,2026-03-25
A004717,L01321,email_open,2026-07-10
A004718,L01321,email_open,2026-02-24
A004719,L01322,email_open,2026-03-25
A004720,L01322,pricing_page_visit,2026-08-03
A004721,L01323,email_open,2026-06-04
A004722,L01323,email_open,2026-07-04
A004723,L01324,call,2026-07-16
A004724,L01324,demo_request,2026-06-02
A004725,L01324,email_click,2026-05-03
A004726,L01324,meeting,2026-08-09
A004727,L01324,call,2026-02-10
A004728,L01325,email_open,2026-05-30
A004729,L01326,email_click,2026-01-08
A004730,L01326,email_open,2025-11-11
A004731,L01328,email_click,2026-07-07
A004732,L01330,email_click,2025-10-19
A004733,L01330,email_open,2026-01-09
A004734,L01330,email_click,2025-11-28
A004735,L01330,email_open,2026-01-06
A004736,L01331,call,2026-02-01
A004737,L01331,email_open,2025-11-09
A004738,L01331,meeting,2026-01-16
A004739,L01332,call,2026-05-03
A004740,L01332,call,2026-02-21
A004741,L01332,email_open,2025-11-19
A004742,L01332,email_click,2025-11-19
A004743,L01332,demo_request,2025-12-23
A004744,L01333,demo_request,2026-08-09
A004745,L01333,pricing_page_visit,2026-04-10
A004746,L01334,pricing_page_visit,2026-01-22
A004747,L01334,pricing_page_visit,2025-11-03
A004748,L01335,meeting,2026-08-24
A004749,L01335,pricing_page_visit,2026-08-29
A004750,L01335,meeting,2025-10-28
A004751,L01335,email_open,2026-06-05
A004752,L01336,email_open,2026-06-23
A004753,L01337,email_open,2026-02-21
A004754,L01338,email_click,2025-09-28
A004755,L01338,email_open,2026-03-11
A004756,L01340,email_open,2026-09-08
A004757,L01340,email_click,2026-09-02
A004758,L01340,demo_request,2026-08-27
A004759,L01340,call,2026-09-21
A004760,L01340,email_open,2026-09-06
A004761,L01340,email_open,2026-09-24
A004762,L01340,pricing_page_visit,2026-09-08
A004763,L01340,call,2026-08-30
A004764,L01340,email_click,2026-09-05
A004765,L01340,email_open,2026-09-10
A004766,L01340,pricing_page_visit,2026-09-17
A004767,L01341,pricing_page_visit,2026-09-02
A004768,L01341,email_open,2026-09-09
A004769,L01341,call,2026-09-15
A004770,L01341,email_open,2026-09-14
A004771,L01341,email_open,2026-09-06
A004772,L01341,email_click,2026-09-13
A004773,L01341,email_click,2026-08-30
A004774,L01341,email_click,2026-09-15
A004775,L01341,email_open,2026-09-12
A004776,L01343,call,2026-02-09
A004777,L01344,email_open,2026-07-03
A004778,L01344,email_click,2026-03-28
A004779,L01344,email_open,2026-05-05
A004780,L01346,email_click,2025-12-14
A004781,L01347,email_open,2025-11-25
A004782,L01349,email_click,2026-04-01
A004783,L01349,email_open,2026-01-07
A004784,L01349,email_open,2026-05-06
A004785,L01349,email_open,2026-01-31
A004786,L01349,pricing_page_visit,2025-11-21
A004787,L01350,email_open,2026-09-20
A004788,L01350,email_open,2026-09-09
A004789,L01350,email_open,2026-08-28
A004790,L01350,email_click,2026-08-30
A004791,L01350,email_open,2026-08-28
A004792,L01350,call,2026-08-28
A004793,L01350,email_open,2026-09-12
A004794,L01350,email_open,2026-09-09
A004795,L01350,email_open,2026-09-16
A004796,L01350,pricing_page_visit,2026-09-25
A004797,L01350,meeting,2026-09-11
A004798,L01350,email_click,2026-08-28
A004799,L01351,email_open,2026-05-05
A004800,L01351,pricing_page_visit,2026-03-23
A004801,L01353,call,2025-09-29
A004802,L01353,meeting,2026-01-03
A004803,L01353,meeting,2026-07-02
A004804,L01353,email_open,2026-08-31
A004805,L01353,email_open,2026-06-07
A004806,L01354,email_click,2025-10-27
A004807,L01354,pricing_page_visit,2025-11-30
A004808,L01354,email_open,2025-10-20
A004809,L01354,email_click,2026-03-27
A004810,L01354,call,2025-12-10
A004811,L01355,email_open,2025-12-23
A004812,L01356,call,2025-10-19
A004813,L01356,email_open,2025-12-11
A004814,L01357,meeting,2026-09-26
A004815,L01357,call,2026-09-24
A004816,L01357,email_open,2026-09-01
A004817,L01357,email_click,2026-08-27
A004818,L01357,meeting,2026-09-17
A004819,L01357,email_click,2026-09-23
A004820,L01357,email_open,2026-09-26
A004821,L01357,email_click,2026-09-23
A004822,L01358,call,2026-07-24
A004823,L01358,email_open,2026-03-03
A004824,L01358,email_click,2026-01-26
A004825,L01358,email_open,2025-10-10
A004826,L01358,email_open,2026-04-18
A004827,L01359,email_open,2026-08-16
A004828,L01359,email_open,2026-03-31
A004829,L01359,email_open,2026-04-05
A004830,L01359,email_open,2025-10-13
A004831,L01359,email_click,2026-06-28
A004832,L01360,email_open,2025-11-18
A004833,L01360,email_click,2026-08-18
A004834,L01360,meeting,2026-02-22
A004835,L01360,email_open,2026-04-02
A004836,L01360,email_click,2026-03-20
A004837,L01360,email_open,2026-03-12
A004838,L01360,pricing_page_visit,2025-10-09
A004839,L01360,call,2026-08-17
A004840,L01360,meeting,2026-05-14
A004841,L01360,call,2026-02-17
A004842,L01360,email_open,2026-05-18
A004843,L01361,email_open,2026-06-14
A004844,L01361,email_open,2026-03-24
A004845,L01361,call,2026-07-19
A004846,L01362,pricing_page_visit,2026-05-09
A004847,L01362,email_open,2026-04-08
A004848,L01362,meeting,2025-09-30
A004849,L01362,email_open,2026-04-20
A004850,L01363,pricing_page_visit,2026-02-10
A004851,L01363,email_open,2026-05-03
A004852,L01363,pricing_page_visit,2026-08-19
A004853,L01363,call,2026-08-20
A004854,L01364,email_click,2025-11-30
A004855,L01365,call,2025-12-02
A004856,L01365,call,2026-02-05
A004857,L01365,email_click,2026-06-14
A004858,L01365,call,2026-07-15
A004859,L01365,email_open,2025-11-16
A004860,L01365,email_open,2026-01-25
A004861,L01365,email_open,2025-11-14
A004862,L01365,email_click,2026-01-20
A004863,L01365,email_open,2025-12-26
A004864,L01365,call,2025-11-08
A004865,L01365,email_click,2026-07-09
A004866,L01365,meeting,2026-02-10
A004867,L01366,email_open,2026-08-28
A004868,L01366,email_open,2025-10-21
A004869,L01366,email_click,2026-02-24
A004870,L01366,email_click,2026-06-06
A004871,L01367,email_open,2026-02-23
A004872,L01367,email_open,2026-04-26
A004873,L01368,demo_request,2026-03-01
A004874,L01368,email_open,2026-07-11
A004875,L01368,email_open,2026-03-12
A004876,L01370,email_click,2026-09-12
A004877,L01370,email_open,2026-09-02
A004878,L01370,call,2026-09-01
A004879,L01370,call,2026-08-29
A004880,L01370,email_click,2026-08-28
A004881,L01370,email_click,2026-09-03
A004882,L01370,pricing_page_visit,2026-08-27
A004883,L01370,email_open,2026-09-18
A004884,L01370,email_open,2026-09-09
A004885,L01370,email_open,2026-09-08
A004886,L01371,call,2026-07-07
A004887,L01371,email_click,2026-05-11
A004888,L01371,pricing_page_visit,2026-07-23
A004889,L01371,call,2025-12-27
A004890,L01372,email_open,2026-09-18
A004891,L01372,email_open,2026-08-27
A004892,L01372,meeting,2026-09-24
A004893,L01372,email_open,2026-08-28
A004894,L01372,call,2026-09-12
A004895,L01372,email_open,2026-09-13
A004896,L01372,email_open,2026-08-30
A004897,L01372,email_open,2026-09-02
A004898,L01372,email_open,2026-09-21
A004899,L01372,email_open,2026-09-17
A004900,L01373,pricing_page_visit,2025-10-17
A004901,L01373,email_open,2026-02-06
A004902,L01373,pricing_page_visit,2026-04-13
A004903,L01373,pricing_page_visit,2026-03-02
A004904,L01373,email_open,2025-10-04
A004905,L01374,call,2026-07-10
A004906,L01374,call,2026-01-12
A004907,L01374,email_click,2026-04-29
A004908,L01374,email_click,2026-01-01
A004909,L01375,email_open,2026-06-02
A004910,L01376,email_open,2025-11-06
A004911,L01377,pricing_page_visit,2026-03-31
A004912,L01377,meeting,2026-01-06
A004913,L01379,email_open,2026-07-07
A004914,L01379,email_open,2026-04-26
A004915,L01379,call,2026-04-21
A004916,L01380,email_open,2026-09-23
A004917,L01380,email_open,2026-09-20
A004918,L01380,email_open,2026-09-16
A004919,L01380,email_open,2026-09-14
A004920,L01380,email_open,2026-09-20
A004921,L01380,email_open,2026-08-27
A004922,L01381,call,2026-05-23
A004923,L01383,email_open,2026-09-02
A004924,L01383,email_click,2026-03-10
A004925,L01384,meeting,2025-10-20
A004926,L01385,call,2026-03-17
A004927,L01386,meeting,2026-09-10
A004928,L01386,pricing_page_visit,2026-09-10
A004929,L01386,meeting,2026-09-06
A004930,L01386,meeting,2026-08-28
A004931,L01386,email_open,2026-09-26
A004932,L01386,email_open,2026-09-11
A004933,L01386,email_open,2026-09-14
A004934,L01386,email_open,2026-09-17
A004935,L01386,email_open,2026-09-05
A004936,L01386,email_open,2026-09-07
A004937,L01387,meeting,2026-05-02
A004938,L01387,email_open,2026-01-09
A004939,L01387,email_open,2026-05-03
A004940,L01387,email_open,2026-02-09
A004941,L01388,meeting,2026-01-30
A004942,L01388,email_open,2026-01-27
A004943,L01388,meeting,2026-03-19
A004944,L01388,meeting,2025-12-20
A004945,L01388,call,2025-11-13
A004946,L01388,pricing_page_visit,2026-04-10
A004947,L01388,call,2025-12-05
A004948,L01388,demo_request,2025-10-14
A004949,L01388,pricing_page_visit,2026-04-09
A004950,L01388,email_click,2026-06-21
A004951,L01388,demo_request,2026-04-11
A004952,L01389,email_open,2026-07-31
A004953,L01389,email_open,2025-12-30
A004954,L01389,email_open,2025-12-27
A004955,L01389,email_open,2026-02-12
A004956,L01390,pricing_page_visit,2025-11-01
A004957,L01390,demo_request,2026-09-04
A004958,L01391,email_open,2025-10-09
A004959,L01391,email_open,2026-01-25
A004960,L01392,call,2026-08-21
A004961,L01393,email_open,2026-05-24
A004962,L01393,meeting,2026-01-02
A004963,L01393,email_click,2026-08-30
A004964,L01394,email_open,2026-05-23
A004965,L01394,email_click,2025-12-07
A004966,L01395,email_open,2026-03-27
A004967,L01396,meeting,2026-07-19
A004968,L01396,email_click,2026-07-15
A004969,L01396,email_open,2026-04-16
A004970,L01396,email_click,2026-09-01
A004971,L01396,email_open,2026-02-02
A004972,L01397,call,2026-08-30
A004973,L01397,email_click,2026-09-10
A004974,L01397,email_click,2026-09-04
A004975,L01397,pricing_page_visit,2026-09-07
A004976,L01398,demo_request,2026-08-01
A004977,L01398,email_open,2026-04-18
A004978,L01399,meeting,2025-11-22
A004979,L01399,email_click,2026-07-20
A004980,L01399,email_open,2026-05-04
A004981,L01399,email_open,2026-07-24
A004982,L01399,call,2025-11-14
A004983,L01401,email_open,2026-02-03
A004984,L01401,call,2026-05-09
A004985,L01401,pricing_page_visit,2026-03-10
A004986,L01402,email_open,2026-06-26
A004987,L01402,email_open,2025-10-07
A004988,L01402,email_open,2026-06-25
A004989,L01402,email_open,2025-12-27
A004990,L01402,email_click,2025-11-01
A004991,L01402,email_open,2026-03-18
A004992,L01402,email_open,2025-11-29
A004993,L01402,demo_request,2026-06-24
A004994,L01402,call,2026-01-31
A004995,L01402,demo_request,2026-07-18
A004996,L01403,email_open,2026-02-06
A004997,L01404,email_click,2026-09-25
A004998,L01404,email_open,2026-08-30
A004999,L01404,email_click,2026-09-07
A005000,L01404,meeting,2026-09-11
A005001,L01406,email_click,2025-12-12
A005002,L01406,email_open,2025-11-22
A005003,L01406,demo_request,2026-01-05
A005004,L01406,pricing_page_visit,2026-06-04
A005005,L01406,call,2026-02-02
A005006,L01407,meeting,2026-08-12
A005007,L01407,demo_request,2026-05-20
A005008,L01407,email_open,2026-07-21
A005009,L01408,meeting,2025-09-27
A005010,L01408,meeting,2026-07-10
A005011,L01408,email_open,2026-01-23
A005012,L01408,demo_request,2026-01-08
A005013,L01410,email_open,2026-04-16
A005014,L01410,call,2025-11-14
A005015,L01410,email_open,2025-10-25
A005016,L01411,email_open,2026-08-11
A005017,L01411,email_open,2025-10-01
A005018,L01411,email_open,2026-02-15
A005019,L01411,call,2026-01-03
A005020,L01411,email_open,2026-06-08
A005021,L01411,demo_request,2026-04-14
A005022,L01412,call,2025-10-07
A005023,L01412,email_open,2025-12-13
A005024,L01412,pricing_page_visit,2025-12-09
A005025,L01412,email_click,2026-08-05
A005026,L01413,email_open,2026-07-08
A005027,L01413,meeting,2026-06-09
A005028,L01413,email_open,2026-05-23
A005029,L01414,email_click,2026-06-09
A005030,L01414,demo_request,2026-03-23
A005031,L01414,email_open,2026-07-11
A005032,L01414,email_open,2025-09-28
A005033,L01415,email_click,2026-04-08
A005034,L01416,email_open,2025-10-13
A005035,L01416,email_open,2025-12-06
A005036,L01417,email_open,2026-04-22
A005037,L01417,email_click,2026-08-11
A005038,L01418,call,2026-09-08
A005039,L01418,email_open,2026-09-18
A005040,L01418,call,2026-09-20
A005041,L01418,email_open,2026-09-07
A005042,L01418,call,2026-09-19
A005043,L01418,email_click,2026-09-15
A005044,L01418,email_open,2026-09-06
A005045,L01418,pricing_page_visit,2026-09-06
A005046,L01418,email_open,2026-08-31
A005047,L01418,meeting,2026-09-09
A005048,L01418,email_open,2026-09-11
A005049,L01418,email_open,2026-09-26
A005050,L01418,meeting,2026-09-11
A005051,L01418,pricing_page_visit,2026-09-25
A005052,L01421,email_open,2026-07-29
A005053,L01422,demo_request,2025-12-24
A005054,L01422,email_open,2026-05-31
A005055,L01424,pricing_page_visit,2025-11-13
A005056,L01424,email_open,2026-08-28
A005057,L01425,email_open,2026-09-26
A005058,L01425,email_open,2026-09-07
A005059,L01425,pricing_page_visit,2026-08-28
A005060,L01425,meeting,2026-09-16
A005061,L01425,email_open,2026-08-30
A005062,L01426,demo_request,2026-02-22
A005063,L01427,email_open,2026-09-14
A005064,L01427,pricing_page_visit,2026-09-22
A005065,L01427,call,2026-09-14
A005066,L01427,call,2026-09-19
A005067,L01427,email_open,2026-09-14
A005068,L01427,email_open,2026-09-25
A005069,L01427,meeting,2026-08-27
A005070,L01427,email_open,2026-09-23
A005071,L01427,email_open,2026-09-11
A005072,L01427,email_open,2026-09-12
A005073,L01427,email_open,2026-09-01
A005074,L01427,email_click,2026-09-16
A005075,L01427,email_click,2026-09-03
A005076,L01428,call,2025-11-01
A005077,L01428,pricing_page_visit,2025-11-17
A005078,L01429,email_open,2026-09-01
A005079,L01429,email_open,2026-03-20
A005080,L01429,email_open,2026-01-24
A005081,L01429,call,2026-05-10
A005082,L01430,call,2026-05-14
A005083,L01431,email_open,2026-01-28
A005084,L01431,email_open,2026-06-05
A005085,L01432,pricing_page_visit,2026-08-23
A005086,L01433,call,2025-12-11
A005087,L01434,email_click,2026-07-18
A005088,L01434,email_open,2026-02-06
A005089,L01434,email_open,2026-02-02
A005090,L01435,email_click,2026-08-27
A005091,L01435,email_open,2026-08-29
A005092,L01435,email_open,2026-09-12
A005093,L01435,email_open,2026-09-05
A005094,L01435,email_open,2026-09-25
A005095,L01435,email_open,2026-09-24
A005096,L01435,email_click,2026-09-20
A005097,L01435,email_open,2026-09-04
A005098,L01436,email_click,2025-10-25
A005099,L01436,call,2025-12-28
A005100,L01436,pricing_page_visit,2026-03-12
A005101,L01436,email_open,2026-07-06
A005102,L01436,email_open,2026-01-12
A005103,L01437,email_click,2025-12-12
A005104,L01437,email_click,2026-07-09
A005105,L01437,email_open,2025-11-27
A005106,L01437,call,2026-07-18
A005107,L01440,email_open,2026-09-18
A005108,L01440,email_open,2026-09-17
A005109,L01440,pricing_page_visit,2026-09-10
A005110,L01440,email_open,2026-09-15
A005111,L01440,meeting,2026-08-27
A005112,L01440,email_open,2026-09-20
A005113,L01440,email_open,2026-09-05
A005114,L01440,meeting,2026-09-12
A005115,L01441,meeting,2026-04-24
A005116,L01441,email_open,2026-09-06
A005117,L01441,pricing_page_visit,2026-02-13
A005118,L01441,email_click,2026-04-01
A005119,L01441,meeting,2026-03-28
A005120,L01441,pricing_page_visit,2025-12-03
A005121,L01441,email_open,2026-09-04
A005122,L01441,email_open,2026-09-03
A005123,L01441,meeting,2025-10-09
A005124,L01441,demo_request,2026-07-22
A005125,L01441,meeting,2026-02-12
A005126,L01443,email_open,2025-10-09
A005127,L01443,meeting,2026-07-10
A005128,L01443,email_open,2026-07-04
A005129,L01444,email_open,2026-07-22
A005130,L01444,pricing_page_visit,2025-12-13
A005131,L01444,pricing_page_visit,2025-10-09
A005132,L01444,email_open,2026-06-15
A005133,L01445,demo_request,2026-09-11
A005134,L01445,email_click,2026-09-15
A005135,L01445,demo_request,2026-09-13
A005136,L01445,email_open,2026-09-26
A005137,L01445,email_open,2026-09-24
A005138,L01445,pricing_page_visit,2026-08-30
A005139,L01445,pricing_page_visit,2026-09-03
A005140,L01446,call,2026-02-14
A005141,L01446,pricing_page_visit,2026-01-25
A005142,L01447,call,2026-07-30
A005143,L01448,email_open,2026-09-02
A005144,L01448,pricing_page_visit,2026-09-17
A005145,L01448,demo_request,2026-09-04
A005146,L01448,demo_request,2026-09-24
A005147,L01448,call,2026-09-18
A005148,L01448,meeting,2026-09-11
A005149,L01448,email_open,2026-09-17
A005150,L01448,pricing_page_visit,2026-08-27
A005151,L01449,meeting,2025-12-10
A005152,L01449,email_open,2026-05-12
A005153,L01451,email_open,2026-07-31
A005154,L01451,call,2026-02-02
A005155,L01452,email_open,2026-05-15
A005156,L01452,email_click,2025-11-05
A005157,L01454,email_click,2026-05-08
A005158,L01454,email_open,2026-02-02
A005159,L01455,email_open,2025-12-27
A005160,L01456,email_open,2026-05-10
A005161,L01456,email_open,2026-01-28
A005162,L01457,email_click,2026-03-29
A005163,L01457,email_open,2026-08-20
A005164,L01458,call,2026-07-16
A005165,L01458,email_open,2026-05-20
A005166,L01458,email_click,2025-10-07
A005167,L01458,email_open,2026-05-15
A005168,L01458,pricing_page_visit,2026-04-11
A005169,L01459,meeting,2026-05-06
A005170,L01459,pricing_page_visit,2026-08-31
A005171,L01459,meeting,2025-12-02
A005172,L01459,email_click,2026-08-14
A005173,L01459,pricing_page_visit,2025-12-06
A005174,L01460,pricing_page_visit,2026-01-18
A005175,L01460,pricing_page_visit,2026-08-10
A005176,L01460,email_open,2025-12-11
A005177,L01460,email_open,2026-08-30
A005178,L01460,email_open,2025-09-27
A005179,L01461,pricing_page_visit,2025-12-30
A005180,L01461,email_open,2025-12-25
A005181,L01462,pricing_page_visit,2026-02-28
A005182,L01462,demo_request,2025-10-07
A005183,L01463,email_open,2025-11-02
A005184,L01463,email_click,2026-07-20
A005185,L01463,pricing_page_visit,2025-12-23
A005186,L01464,call,2026-03-05
A005187,L01466,email_click,2026-03-27
A005188,L01466,email_open,2026-09-04
A005189,L01466,call,2026-05-20
A005190,L01466,email_click,2026-07-26
A005191,L01466,meeting,2026-07-09
A005192,L01467,email_open,2025-11-17
A005193,L01467,pricing_page_visit,2026-04-22
A005194,L01467,pricing_page_visit,2025-10-24
A005195,L01467,email_open,2025-11-21
A005196,L01468,meeting,2026-08-21
A005197,L01468,email_click,2026-01-02
A005198,L01468,meeting,2026-06-20
A005199,L01468,email_click,2025-12-09
A005200,L01468,email_open,2026-06-20
A005201,L01468,email_open,2025-12-22
A005202,L01468,email_open,2026-05-24
A005203,L01468,pricing_page_visit,2025-10-31
A005204,L01468,email_click,2026-06-10
A005205,L01468,email_open,2026-01-31
A005206,L01468,meeting,2026-07-20
A005207,L01468,email_open,2026-03-13
A005208,L01468,call,2026-08-19
A005209,L01468,call,2025-10-16
A005210,L01469,email_open,2025-12-31
A005211,L01469,email_click,2025-10-28
A005212,L01469,email_open,2025-12-08
A005213,L01470,pricing_page_visit,2026-02-17
A005214,L01470,email_click,2026-05-26
A005215,L01470,email_open,2026-07-06
A005216,L01470,email_open,2025-09-30
A005217,L01470,call,2026-01-14
A005218,L01471,email_click,2025-11-27
A005219,L01471,email_open,2026-06-16
A005220,L01473,email_click,2026-06-28
A005221,L01473,email_open,2026-05-20
A005222,L01473,email_click,2026-03-14
A005223,L01474,email_open,2026-06-09
A005224,L01474,pricing_page_visit,2026-07-09
A005225,L01474,demo_request,2026-04-26
A005226,L01475,call,2026-09-11
A005227,L01475,pricing_page_visit,2026-09-11
A005228,L01475,email_open,2026-09-20
A005229,L01475,email_open,2026-09-11
A005230,L01475,email_open,2026-09-11
A005231,L01475,call,2026-09-21
A005232,L01475,meeting,2026-09-23
A005233,L01475,pricing_page_visit,2026-09-17
A005234,L01477,email_open,2025-11-06
A005235,L01478,email_open,2026-03-01
A005236,L01478,pricing_page_visit,2026-01-16
A005237,L01478,email_open,2025-10-26
A005238,L01479,email_open,2025-10-02
A005239,L01479,email_open,2025-11-20
A005240,L01480,email_open,2026-08-30
A005241,L01480,meeting,2026-09-01
A005242,L01480,meeting,2026-08-30
A005243,L01480,call,2026-09-15
A005244,L01480,email_open,2026-08-30
A005245,L01480,pricing_page_visit,2026-09-09
A005246,L01480,email_click,2026-09-07
A005247,L01480,call,2026-09-04
A005248,L01480,email_click,2026-09-14
A005249,L01481,email_click,2026-01-14
A005250,L01482,email_open,2025-12-14
A005251,L01482,pricing_page_visit,2026-07-18
A005252,L01482,email_open,2026-08-01
A005253,L01483,email_open,2026-09-16
A005254,L01483,email_open,2026-09-05
A005255,L01483,meeting,2026-09-24
A005256,L01483,email_open,2026-09-20
A005257,L01483,email_open,2026-09-26
A005258,L01483,email_click,2026-09-20
A005259,L01484,email_open,2026-04-26
A005260,L01484,email_open,2025-11-15
A005261,L01484,email_open,2025-12-12
A005262,L01484,call,2026-04-12
A005263,L01484,pricing_page_visit,2026-07-15
A005264,L01485,call,2026-07-04
A005265,L01486,meeting,2025-11-25
A005266,L01487,email_click,2026-03-26
A005267,L01488,email_open,2025-11-16
A005268,L01488,email_open,2025-11-11
A005269,L01488,call,2026-07-15
A005270,L01490,email_click,2026-01-24
A005271,L01490,demo_request,2026-05-24
A005272,L01491,email_open,2026-07-11
A005273,L01492,email_click,2026-06-27
A005274,L01492,email_open,2026-08-10
A005275,L01492,email_click,2025-10-25
A005276,L01492,demo_request,2025-11-05
A005277,L01492,email_open,2026-08-03
A005278,L01493,email_open,2026-01-20
A005279,L01493,call,2026-04-05
A005280,L01493,email_open,2025-11-04
A005281,L01493,email_click,2026-05-03
A005282,L01494,email_open,2026-04-17
A005283,L01495,meeting,2026-05-11
A005284,L01495,email_click,2026-07-19
A005285,L01495,email_open,2026-05-23
A005286,L01496,email_open,2026-04-23
A005287,L01496,email_open,2026-04-03
A005288,L01496,call,2026-03-30
A005289,L01496,email_open,2026-01-24
A005290,L01496,call,2026-08-30
A005291,L01497,meeting,2026-09-16
A005292,L01497,pricing_page_visit,2026-09-10
A005293,L01497,email_click,2026-08-30
A005294,L01497,email_open,2026-09-18
A005295,L01497,email_click,2026-09-23
A005296,L01497,pricing_page_visit,2026-09-02
A005297,L01497,email_click,2026-09-05
A005298,L01498,email_click,2026-05-11
A005299,L01499,email_open,2026-06-29
A005300,L01499,pricing_page_visit,2025-12-07
A005301,L01500,email_click,2025-11-27
A005302,L01500,call,2026-03-16
A005303,L01500,email_click,2026-03-09
A005304,L01502,call,2026-07-17
A005305,L01502,email_open,2026-05-09
A005306,L01502,email_open,2026-08-20
A005307,L01504,pricing_page_visit,2025-12-28
A005308,L01504,email_open,2025-10-02
A005309,L01504,pricing_page_visit,2026-05-20
A005310,L01505,email_open,2025-11-17
A005311,L01507,email_open,2026-07-15
A005312,L01507,demo_request,2025-11-08
A005313,L01507,email_open,2026-05-17
A005314,L01507,email_open,2026-05-04
A005315,L01507,email_click,2026-07-10
A005316,L01508,pricing_page_visit,2026-05-12
A005317,L01508,email_click,2025-10-23
A005318,L01509,email_open,2026-05-19
A005319,L01509,email_click,2025-10-18
A005320,L01509,pricing_page_visit,2026-08-23
A005321,L01509,email_open,2025-12-05
A005322,L01509,email_click,2026-08-11
A005323,L01509,meeting,2026-04-13
A005324,L01509,demo_request,2026-03-01
A005325,L01509,email_click,2026-08-14
A005326,L01509,email_click,2026-07-19
A005327,L01509,email_open,2026-04-21
A005328,L01509,email_open,2026-04-07
A005329,L01510,email_click,2026-08-28
A005330,L01510,email_click,2026-09-22
A005331,L01510,email_open,2026-09-01
A005332,L01510,meeting,2026-09-25
A005333,L01510,call,2026-08-27
A005334,L01510,email_open,2026-09-22
A005335,L01510,email_click,2026-09-07
A005336,L01510,email_open,2026-09-04
A005337,L01510,meeting,2026-09-14
A005338,L01510,call,2026-08-27
A005339,L01511,email_open,2026-08-25
A005340,L01511,call,2026-06-17
A005341,L01511,meeting,2026-08-20
A005342,L01511,email_click,2026-01-05
A005343,L01511,email_click,2025-10-03
A005344,L01513,pricing_page_visit,2026-03-26
A005345,L01513,email_open,2025-12-05
A005346,L01514,call,2026-02-06
A005347,L01514,email_click,2026-04-25
A005348,L01514,email_open,2026-01-27
A005349,L01514,email_open,2026-01-21
A005350,L01514,demo_request,2025-12-05
A005351,L01514,call,2026-01-21
A005352,L01514,email_open,2026-06-04
A005353,L01514,email_open,2026-03-29
A005354,L01514,email_open,2025-10-16
A005355,L01514,email_open,2026-07-25
A005356,L01514,demo_request,2026-03-01
A005357,L01514,meeting,2025-10-01
A005358,L01514,email_open,2026-01-02
A005359,L01515,email_open,2026-06-09
A005360,L01515,email_open,2026-02-17
A005361,L01516,email_click,2025-11-05
A005362,L01516,pricing_page_visit,2026-08-19
A005363,L01518,call,2026-09-24
A005364,L01518,email_open,2026-09-25
A005365,L01518,email_open,2026-09-06
A005366,L01518,email_click,2026-09-14
A005367,L01518,pricing_page_visit,2026-09-26
A005368,L01518,email_click,2026-08-31
A005369,L01518,email_open,2026-09-01
A005370,L01518,email_open,2026-09-13
A005371,L01519,email_open,2026-08-12
A005372,L01519,email_open,2026-04-09
A005373,L01519,email_open,2026-04-10
A005374,L01519,pricing_page_visit,2026-04-29
A005375,L01520,email_click,2026-02-21
A005376,L01520,email_click,2026-05-21
A005377,L01521,call,2026-03-11
A005378,L01521,email_open,2026-02-10
A005379,L01521,email_open,2025-11-28
A005380,L01521,email_click,2026-06-26
A005381,L01522,email_open,2026-03-29
A005382,L01522,email_open,2026-08-07
A005383,L01522,email_open,2026-05-31
A005384,L01523,email_click,2026-03-21
A005385,L01523,pricing_page_visit,2026-07-23
A005386,L01523,demo_request,2026-07-11
A005387,L01523,email_open,2026-07-14
A005388,L01523,call,2026-02-22
A005389,L01524,pricing_page_visit,2026-08-07
A005390,L01524,email_click,2026-07-08
A005391,L01524,email_open,2026-03-22
A005392,L01524,email_click,2026-04-02
A005393,L01524,email_open,2026-03-17
A005394,L01525,call,2026-08-01
A005395,L01525,call,2026-04-28
A005396,L01525,email_open,2026-01-28
A005397,L01526,meeting,2026-01-02
A005398,L01526,call,2025-10-03
A005399,L01526,email_open,2026-06-02
A005400,L01528,demo_request,2026-05-12
A005401,L01528,call,2026-06-18
A005402,L01528,pricing_page_visit,2026-07-06
A005403,L01528,email_click,2026-02-13
A005404,L01528,email_click,2026-06-15
A005405,L01529,email_open,2025-12-19
A005406,L01529,email_open,2026-04-10
A005407,L01529,email_open,2025-11-07
A005408,L01530,call,2025-10-12
A005409,L01530,email_click,2026-06-06
A005410,L01531,email_open,2025-10-01
A005411,L01531,email_click,2026-06-04
A005412,L01533,call,2025-10-18
A005413,L01534,pricing_page_visit,2025-12-28
A005414,L01534,meeting,2025-11-06
A005415,L01534,call,2026-06-18
A005416,L01534,call,2026-01-15
A005417,L01534,pricing_page_visit,2026-03-24
A005418,L01534,demo_request,2026-07-21
A005419,L01534,pricing_page_visit,2026-04-23
A005420,L01534,meeting,2026-04-06
A005421,L01534,demo_request,2025-11-16
A005422,L01534,demo_request,2026-08-27
A005423,L01534,meeting,2025-11-16
A005424,L01534,pricing_page_visit,2026-02-22
A005425,L01534,email_open,2025-12-02
A005426,L01534,email_open,2026-02-11
A005427,L01535,email_open,2026-04-11
A005428,L01535,email_click,2025-12-23
A005429,L01535,email_click,2026-08-28
A005430,L01535,pricing_page_visit,2026-01-05
A005431,L01536,email_open,2025-10-15
A005432,L01536,pricing_page_visit,2026-01-05
A005433,L01536,email_open,2026-04-29
A005434,L01537,meeting,2026-01-18
A005435,L01537,email_click,2026-03-26
A005436,L01537,email_open,2026-06-23
A005437,L01538,email_open,2025-12-05
A005438,L01538,email_click,2026-02-02
A005439,L01538,email_open,2025-12-05
A005440,L01538,email_click,2026-04-03
A005441,L01539,email_open,2026-02-14
A005442,L01539,call,2025-10-29
A005443,L01539,email_open,2026-07-07
A005444,L01540,email_open,2026-04-30
A005445,L01540,email_open,2025-11-15
A005446,L01541,email_open,2026-01-20
A005447,L01541,email_open,2025-11-14
A005448,L01541,email_click,2026-08-30
A005449,L01541,email_click,2026-03-09
A005450,L01542,email_open,2026-07-09
A005451,L01542,email_open,2026-02-27
A005452,L01542,call,2026-01-26
A005453,L01543,call,2025-11-08
A005454,L01544,email_click,2025-10-03
A005455,L01544,email_open,2026-04-17
A005456,L01544,call,2026-01-05
A005457,L01546,call,2026-01-10
A005458,L01546,meeting,2026-08-09
A005459,L01547,demo_request,2026-09-03
A005460,L01547,email_open,2026-09-24
A005461,L01547,email_open,2026-08-27
A005462,L01547,email_open,2026-09-07
A005463,L01547,email_open,2026-09-06
A005464,L01547,call,2026-09-07
A005465,L01547,pricing_page_visit,2026-08-29
A005466,L01547,email_click,2026-09-12
A005467,L01547,call,2026-09-22
A005468,L01548,email_open,2026-04-27
A005469,L01548,meeting,2026-04-23
A005470,L01548,meeting,2025-11-29
A005471,L01548,email_open,2026-03-18
A005472,L01548,pricing_page_visit,2025-09-29
A005473,L01549,meeting,2025-09-27
A005474,L01549,email_open,2026-05-06
A005475,L01549,call,2026-04-20
A005476,L01551,email_open,2025-11-21
A005477,L01551,meeting,2026-05-19
A005478,L01552,email_open,2026-01-09
A005479,L01552,meeting,2026-01-09
A005480,L01552,email_open,2025-10-21
A005481,L01552,pricing_page_visit,2026-06-25
A005482,L01552,email_click,2025-11-18
A005483,L01553,meeting,2025-12-26
A005484,L01553,email_open,2025-11-26
A005485,L01553,email_click,2026-04-20
A005486,L01553,call,2026-06-18
A005487,L01554,demo_request,2026-02-12
A005488,L01554,email_open,2026-02-09
A005489,L01554,meeting,2025-10-29
A005490,L01554,email_click,2025-10-16
A005491,L01554,email_open,2026-01-12
A005492,L01555,email_open,2026-06-10
A005493,L01555,pricing_page_visit,2025-11-03
A005494,L01556,email_open,2026-03-06
A005495,L01556,email_open,2026-01-03
A005496,L01557,call,2026-01-28
A005497,L01557,email_open,2026-01-05
A005498,L01557,email_click,2026-01-10
A005499,L01558,email_open,2025-12-29
A005500,L01558,email_open,2026-04-12
A005501,L01560,email_open,2026-01-30
A005502,L01560,email_click,2026-08-26
A005503,L01560,call,2026-01-08
A005504,L01561,email_click,2026-03-14
A005505,L01561,email_open,2026-02-20
A005506,L01562,email_open,2026-01-06
A005507,L01562,email_click,2026-01-04
A005508,L01563,email_open,2026-01-05
A005509,L01565,email_open,2026-04-02
A005510,L01566,email_open,2026-05-23
A005511,L01566,meeting,2026-01-04
A005512,L01566,email_open,2026-06-07
A005513,L01566,call,2026-01-28
A005514,L01567,email_open,2026-04-17
A005515,L01567,email_click,2026-07-18
A005516,L01567,email_click,2026-07-22
A005517,L01567,pricing_page_visit,2025-09-27
A005518,L01567,email_click,2026-03-10
A005519,L01568,email_open,2025-10-11
A005520,L01568,pricing_page_visit,2025-11-17
A005521,L01568,call,2026-02-03
A005522,L01568,meeting,2026-08-17
A005523,L01570,email_click,2025-11-04
A005524,L01570,meeting,2026-04-25
A005525,L01570,email_open,2026-03-08
A005526,L01570,email_click,2026-07-19
A005527,L01571,email_open,2026-06-02
A005528,L01571,call,2025-11-22
A005529,L01571,call,2026-08-07
A005530,L01571,demo_request,2025-11-02
A005531,L01571,demo_request,2026-01-28
A005532,L01572,email_click,2026-06-20
A005533,L01572,email_open,2026-04-11
A005534,L01572,call,2025-11-25
A005535,L01572,pricing_page_visit,2026-01-03
A005536,L01572,email_open,2026-04-13
A005537,L01573,email_click,2026-02-21
A005538,L01573,email_open,2026-01-04
A005539,L01573,email_open,2025-10-20
A005540,L01573,email_click,2026-03-24
A005541,L01574,email_open,2026-09-03
A005542,L01574,email_open,2026-09-12
A005543,L01574,email_click,2026-09-22
A005544,L01574,pricing_page_visit,2026-09-24
A005545,L01574,demo_request,2026-09-08
A005546,L01574,email_open,2026-09-24
A005547,L01574,email_open,2026-09-15
A005548,L01575,email_open,2026-09-21
A005549,L01575,email_open,2026-09-07
A005550,L01575,email_click,2026-09-18
A005551,L01575,call,2026-09-06
A005552,L01575,pricing_page_visit,2026-09-05
A005553,L01575,call,2026-09-10
A005554,L01575,email_open,2026-09-12
A005555,L01575,email_open,2026-08-27
A005556,L01575,email_click,2026-09-12
A005557,L01576,email_click,2026-05-06
A005558,L01576,pricing_page_visit,2025-10-01
A005559,L01576,email_click,2026-04-22
A005560,L01578,demo_request,2026-01-23
A005561,L01578,email_open,2025-12-31
A005562,L01578,email_click,2025-12-26
A005563,L01578,call,2026-02-22
A005564,L01580,email_open,2026-09-04
A005565,L01580,meeting,2026-09-01
A005566,L01580,email_open,2026-09-14
A005567,L01580,call,2026-08-27
A005568,L01581,email_open,2026-04-15
A005569,L01581,email_open,2026-03-28
A005570,L01584,email_open,2026-09-24
A005571,L01584,pricing_page_visit,2026-09-26
A005572,L01584,email_click,2026-09-23
A005573,L01584,email_click,2026-09-22
A005574,L01584,email_click,2026-09-01
A005575,L01584,email_open,2026-09-01
A005576,L01584,pricing_page_visit,2026-09-12
A005577,L01584,email_open,2026-08-28
A005578,L01585,email_open,2026-07-17
A005579,L01585,email_open,2026-02-16
A005580,L01586,email_open,2026-07-28
A005581,L01586,email_click,2026-03-01
A005582,L01589,email_open,2026-04-05
A005583,L01589,email_open,2026-01-23
A005584,L01589,call,2026-07-22
A005585,L01589,call,2026-01-05
A005586,L01589,email_open,2026-08-14
A005587,L01590,email_open,2025-10-01
A005588,L01590,pricing_page_visit,2026-04-19
A005589,L01590,email_click,2026-07-21
A005590,L01590,meeting,2026-01-19
A005591,L01590,email_open,2026-08-23
A005592,L01591,email_open,2026-07-15
A005593,L01592,demo_request,2026-01-22
A005594,L01592,email_open,2026-05-20
A005595,L01592,email_open,2025-11-06
A005596,L01592,email_click,2025-10-17
A005597,L01592,pricing_page_visit,2026-07-26
A005598,L01594,email_click,2026-02-07
A005599,L01594,email_open,2025-11-28
A005600,L01594,email_click,2026-06-18
A005601,L01594,meeting,2026-06-17
A005602,L01594,meeting,2026-04-26
A005603,L01594,email_open,2026-09-06
A005604,L01594,email_open,2026-05-23
A005605,L01594,email_click,2026-03-19
A005606,L01595,email_click,2026-02-12
A005607,L01595,email_open,2025-10-09
A005608,L01595,email_open,2026-07-25
A005609,L01595,demo_request,2026-04-21
A005610,L01595,email_open,2025-12-03
A005611,L01596,call,2026-07-26
A005612,L01596,email_open,2025-11-25
A005613,L01599,email_open,2026-03-29
A005614,L01599,pricing_page_visit,2026-08-02
A005615,L01600,meeting,2025-10-29
A005616,L01600,demo_request,2025-10-20
A005617,L01600,email_open,2026-06-21
A005618,L01600,email_click,2025-11-03
A005619,L01601,call,2025-12-27
A005620,L01601,demo_request,2025-10-31
A005621,L01601,email_open,2026-08-12
A005622,L01601,call,2026-04-28
A005623,L01601,meeting,2026-03-20
A005624,L01602,email_click,2026-09-02
A005625,L01602,call,2026-06-12
A005626,L01603,call,2026-08-08
A005627,L01603,email_open,2026-04-25
A005628,L01603,pricing_page_visit,2025-12-24
A005629,L01605,email_open,2026-04-27
A005630,L01605,meeting,2025-12-15
A005631,L01605,email_open,2025-12-25
A005632,L01606,email_open,2026-09-09
A005633,L01606,call,2026-09-23
A005634,L01606,email_open,2026-09-15
A005635,L01606,demo_request,2026-09-26
A005636,L01606,meeting,2026-09-08
A005637,L01607,email_open,2025-12-30
A005638,L01607,email_open,2026-06-11
A005639,L01608,email_click,2026-03-24
A005640,L01608,meeting,2026-04-25
A005641,L01608,email_open,2026-04-11
A005642,L01608,email_open,2026-04-06
A005643,L01608,meeting,2026-04-17
A005644,L01609,demo_request,2026-04-26
A005645,L01609,call,2026-02-11
A005646,L01609,email_click,2025-10-19
A005647,L01609,email_open,2025-12-05
A005648,L01610,call,2026-09-24
A005649,L01610,email_open,2026-09-23
A005650,L01610,email_open,2026-09-05
A005651,L01610,email_click,2026-09-13
A005652,L01610,demo_request,2026-08-29
A005653,L01610,email_open,2026-09-10
A005654,L01610,email_open,2026-09-07
A005655,L01610,meeting,2026-09-12
A005656,L01610,email_open,2026-09-22
A005657,L01611,pricing_page_visit,2025-10-01
A005658,L01611,email_click,2026-04-09
A005659,L01611,email_open,2026-09-04
A005660,L01612,pricing_page_visit,2026-07-28
A005661,L01612,email_open,2026-09-01
A005662,L01612,email_open,2025-12-07
A005663,L01613,email_open,2026-03-06
A005664,L01613,email_click,2026-06-20
A005665,L01613,pricing_page_visit,2026-05-14
A005666,L01613,email_click,2025-10-08
A005667,L01613,call,2026-02-18
A005668,L01613,email_open,2026-07-15
A005669,L01613,pricing_page_visit,2026-03-30
A005670,L01613,email_open,2026-01-14
A005671,L01614,email_open,2025-12-27
A005672,L01614,email_open,2026-07-27
A005673,L01615,email_open,2026-07-12
A005674,L01615,pricing_page_visit,2025-12-06
A005675,L01615,meeting,2026-09-04
A005676,L01616,email_click,2026-06-07
A005677,L01616,email_click,2026-03-02
A005678,L01616,email_open,2026-01-26
A005679,L01617,email_open,2026-09-11
A005680,L01617,email_click,2026-09-25
A005681,L01617,email_open,2026-09-11
A005682,L01617,email_open,2026-09-24
A005683,L01617,email_click,2026-09-21
A005684,L01617,call,2026-09-21
A005685,L01617,email_click,2026-09-19
A005686,L01617,email_open,2026-08-30
A005687,L01617,email_open,2026-09-20
A005688,L01617,email_open,2026-09-06
A005689,L01617,email_click,2026-09-22
A005690,L01617,email_open,2026-09-21
A005691,L01617,email_click,2026-09-21
A005692,L01617,pricing_page_visit,2026-09-07
A005693,L01618,email_open,2026-01-12
A005694,L01619,call,2026-08-10
A005695,L01619,meeting,2025-11-15
A005696,L01620,call,2026-09-15
A005697,L01620,email_click,2026-09-01
A005698,L01620,email_open,2026-09-17
A005699,L01620,pricing_page_visit,2026-09-06
A005700,L01620,meeting,2026-09-14
A005701,L01620,email_click,2026-08-30
A005702,L01620,email_click,2026-08-30
A005703,L01620,email_click,2026-09-24
A005704,L01620,email_open,2026-09-02
A005705,L01620,email_open,2026-09-02
A005706,L01620,email_open,2026-09-22
A005707,L01620,email_open,2026-09-20
A005708,L01620,email_open,2026-09-03
A005709,L01620,email_open,2026-09-09
A005710,L01621,email_open,2025-10-05
A005711,L01622,call,2026-08-30
A005712,L01622,pricing_page_visit,2026-09-04
A005713,L01622,email_open,2026-09-06
A005714,L01622,email_open,2026-09-19
A005715,L01622,email_click,2026-09-19
A005716,L01623,email_click,2025-10-23
A005717,L01623,email_open,2026-07-05
A005718,L01624,call,2026-01-26
A005719,L01624,pricing_page_visit,2026-06-21
A005720,L01624,demo_request,2026-02-11
A005721,L01625,email_click,2026-02-15
A005722,L01625,meeting,2026-05-31
A005723,L01627,email_open,2026-08-30
A005724,L01627,email_open,2026-09-11
A005725,L01627,email_open,2026-09-22
A005726,L01627,call,2026-09-07
A005727,L01627,email_open,2026-09-16
A005728,L01627,meeting,2026-09-15
A005729,L01627,email_open,2026-09-09
A005730,L01627,demo_request,2026-08-28
A005731,L01627,email_open,2026-09-07
A005732,L01628,email_open,2026-01-12
A005733,L01628,call,2025-10-09
A005734,L01628,call,2025-12-26
A005735,L01628,meeting,2025-12-06
A005736,L01629,meeting,2026-07-08
A005737,L01629,call,2026-08-11
A005738,L01629,pricing_page_visit,2026-01-26
A005739,L01629,email_open,2025-12-04
A005740,L01629,email_open,2026-04-12
A005741,L01630,call,2025-11-22
A005742,L01632,email_open,2026-05-14
A005743,L01632,pricing_page_visit,2026-03-30
A005744,L01633,email_open,2025-12-07
A005745,L01633,email_click,2025-10-20
A005746,L01633,email_click,2026-08-18
A005747,L01633,email_open,2025-11-21
A005748,L01633,call,2026-05-04
A005749,L01634,call,2026-04-14
A005750,L01634,email_open,2025-10-29
A005751,L01634,demo_request,2025-10-16
A005752,L01634,call,2026-03-29
A005753,L01635,email_open,2026-01-09
A005754,L01636,pricing_page_visit,2026-09-08
A005755,L01636,email_open,2026-08-30
A005756,L01636,email_click,2026-09-18
A005757,L01636,email_open,2026-09-20
A005758,L01636,email_open,2026-08-27
A005759,L01636,call,2026-09-16
A005760,L01636,meeting,2026-09-01
A005761,L01636,email_open,2026-08-30
A005762,L01636,email_open,2026-09-07
A005763,L01636,email_click,2026-08-27
A005764,L01636,email_open,2026-09-11
A005765,L01637,email_open,2025-12-03
A005766,L01637,email_click,2026-09-06
A005767,L01637,email_click,2026-06-06
A005768,L01639,email_open,2026-03-24
A005769,L01639,call,2026-01-22
A005770,L01639,email_open,2026-03-29
A005771,L01639,email_open,2026-08-31
A005772,L01640,demo_request,2026-03-06
A005773,L01641,meeting,2026-09-23
A005774,L01641,email_open,2026-09-21
A005775,L01641,email_open,2026-09-24
A005776,L01641,email_open,2026-09-12
A005777,L01641,email_click,2026-09-11
A005778,L01641,pricing_page_visit,2026-09-02
A005779,L01641,email_open,2026-09-03
A005780,L01641,email_open,2026-09-20
A005781,L01641,demo_request,2026-09-07
A005782,L01643,email_open,2025-12-18
A005783,L01643,email_open,2026-07-21
A005784,L01643,call,2026-07-16
A005785,L01643,email_open,2026-09-05
A005786,L01643,email_click,2025-10-18
A005787,L01644,pricing_page_visit,2026-02-27
A005788,L01644,email_open,2026-01-30
A005789,L01645,email_open,2026-06-20
A005790,L01646,email_click,2026-02-23
A005791,L01646,email_click,2025-11-12
A005792,L01646,email_open,2026-05-14
A005793,L01646,email_click,2025-10-28
A005794,L01646,email_open,2025-11-20
A005795,L01647,email_open,2026-05-25
A005796,L01647,email_click,2026-02-26
A005797,L01647,demo_request,2026-03-03
A005798,L01647,email_open,2026-02-08
A005799,L01647,call,2026-01-25
A005800,L01648,call,2026-08-30
A005801,L01648,email_open,2026-09-11
A005802,L01648,email_open,2026-08-30
A005803,L01648,email_open,2026-09-24
A005804,L01648,email_open,2026-09-16
A005805,L01648,email_click,2026-08-31
A005806,L01648,email_open,2026-09-19
A005807,L01648,meeting,2026-09-14
A005808,L01649,email_open,2026-05-23
A005809,L01650,pricing_page_visit,2026-05-30
A005810,L01650,email_open,2026-04-03
A005811,L01651,pricing_page_visit,2025-11-05
A005812,L01651,demo_request,2026-04-16
A005813,L01652,email_click,2026-07-08
A005814,L01652,email_open,2025-12-02
A005815,L01652,email_click,2026-07-13
A005816,L01653,pricing_page_visit,2025-10-07
A005817,L01653,meeting,2026-07-13
A005818,L01653,email_click,2025-10-25
A005819,L01654,meeting,2026-05-13
A005820,L01654,email_open,2025-09-27
A005821,L01654,call,2026-07-03
A005822,L01655,email_open,2026-05-22
A005823,L01655,email_open,2026-05-16
A005824,L01656,pricing_page_visit,2026-05-07
A005825,L01656,email_open,2025-11-19
A005826,L01656,email_open,2026-06-24
A005827,L01656,email_open,2025-10-29
A005828,L01657,email_open,2026-08-29
A005829,L01657,email_open,2026-08-25
A005830,L01657,call,2026-05-04
A005831,L01657,call,2025-12-01
A005832,L01657,meeting,2026-02-24
A005833,L01658,email_click,2025-12-25
A005834,L01658,pricing_page_visit,2026-02-19
A005835,L01659,email_click,2026-01-05
A005836,L01659,pricing_page_visit,2025-10-31
A005837,L01659,email_open,2026-01-31
A005838,L01659,email_open,2025-12-23
A005839,L01659,email_open,2026-05-24
A005840,L01659,demo_request,2026-01-01
A005841,L01661,demo_request,2026-06-23
A005842,L01661,email_open,2026-08-15
A005843,L01661,email_click,2026-08-22
A005844,L01661,email_open,2025-11-13
A005845,L01662,email_click,2026-08-12
A005846,L01662,pricing_page_visit,2026-01-11
A005847,L01663,pricing_page_visit,2026-02-16
A005848,L01663,email_open,2026-09-05
A005849,L01663,email_click,2025-10-03
A005850,L01663,email_click,2025-10-06
A005851,L01664,call,2026-02-12
A005852,L01664,email_click,2026-06-09
A005853,L01664,email_click,2025-10-09
A005854,L01665,email_click,2026-09-08
A005855,L01665,email_open,2026-09-26
A005856,L01665,email_open,2026-08-29
A005857,L01665,meeting,2026-08-30
A005858,L01665,call,2026-09-05
A005859,L01665,meeting,2026-09-24
A005860,L01665,meeting,2026-09-21
A005861,L01665,email_click,2026-09-25
A005862,L01665,email_open,2026-08-30
A005863,L01665,email_open,2026-09-21
A005864,L01666,email_open,2025-12-23
A005865,L01666,meeting,2026-02-02
A005866,L01668,email_open,2025-10-18
A005867,L01668,email_open,2025-10-01
A005868,L01668,email_click,2026-01-16
A005869,L01668,demo_request,2026-01-23
A005870,L01669,email_open,2026-08-06
A005871,L01669,email_click,2026-04-24
A005872,L01669,email_click,2026-09-04
A005873,L01669,email_click,2026-03-13
A005874,L01669,meeting,2026-04-27
A005875,L01670,demo_request,2025-11-28
A005876,L01670,email_click,2026-04-20
A005877,L01670,meeting,2025-12-07
A005878,L01670,email_open,2026-04-29
A005879,L01671,email_click,2026-01-15
A005880,L01671,meeting,2025-10-17
A005881,L01672,email_open,2026-05-19
A005882,L01672,email_open,2025-12-22
A005883,L01672,pricing_page_visit,2026-02-02
A005884,L01672,pricing_page_visit,2026-02-06
A005885,L01673,meeting,2025-10-31
A005886,L01673,meeting,2026-01-06
A005887,L01674,email_open,2026-08-25
A005888,L01674,email_click,2025-11-26
A005889,L01675,email_open,2026-09-21
A005890,L01675,meeting,2026-09-06
A005891,L01675,call,2026-09-04
A005892,L01675,meeting,2026-09-19
A005893,L01675,email_open,2026-09-22
A005894,L01675,email_open,2026-08-29
A005895,L01675,meeting,2026-09-10
A005896,L01676,demo_request,2026-07-27
A005897,L01676,email_open,2026-03-27
A005898,L01677,email_open,2025-10-18
A005899,L01677,pricing_page_visit,2026-05-27
A005900,L01677,pricing_page_visit,2026-04-14
A005901,L01677,call,2026-07-07
A005902,L01677,call,2025-09-29
A005903,L01678,email_open,2025-11-06
A005904,L01679,email_open,2026-05-29
A005905,L01679,call,2025-12-26
A005906,L01679,demo_request,2026-06-17
A005907,L01679,email_open,2026-08-18
A005908,L01679,email_open,2025-10-26
A005909,L01680,email_open,2025-12-10
A005910,L01680,email_open,2026-08-30
A005911,L01680,meeting,2026-01-24
A005912,L01681,meeting,2026-04-30
A005913,L01681,meeting,2026-07-10
A005914,L01681,email_open,2026-01-20
A005915,L01681,email_open,2026-02-21
A005916,L01681,email_open,2025-11-03
A005917,L01682,email_click,2026-03-28
A005918,L01682,call,2026-03-15
A005919,L01682,pricing_page_visit,2026-03-29
A005920,L01683,call,2026-06-22
A005921,L01683,email_open,2025-11-23
A005922,L01683,call,2026-02-13
A005923,L01683,email_click,2025-10-29
A005924,L01683,email_open,2025-10-31
A005925,L01684,email_open,2026-09-04
A005926,L01684,email_open,2026-09-07
A005927,L01684,email_open,2026-09-13
A005928,L01684,pricing_page_visit,2026-09-23
A005929,L01684,email_open,2026-09-02
A005930,L01684,email_open,2026-09-19
A005931,L01684,email_click,2026-09-12
A005932,L01684,pricing_page_visit,2026-08-28
A005933,L01684,email_open,2026-09-13
A005934,L01684,pricing_page_visit,2026-09-10
A005935,L01684,email_open,2026-09-19
A005936,L01685,call,2025-09-30
A005937,L01686,email_open,2026-06-19
A005938,L01686,email_open,2026-04-30
A005939,L01686,email_open,2025-12-24
A005940,L01686,pricing_page_visit,2026-06-03
A005941,L01687,demo_request,2026-08-07
A005942,L01687,email_open,2026-02-13
A005943,L01687,email_open,2026-04-22
A005944,L01689,email_open,2025-10-08
A005945,L01689,meeting,2026-04-03
A005946,L01690,email_open,2026-06-24
A005947,L01690,email_click,2025-10-21
A005948,L01690,email_open,2025-10-10
A005949,L01690,email_open,2026-08-11
A005950,L01691,call,2026-02-07
A005951,L01692,pricing_page_visit,2026-08-19
A005952,L01692,email_click,2026-01-27
A005953,L01692,email_open,2025-11-01
A005954,L01693,meeting,2026-07-26
A005955,L01693,email_open,2025-11-05
A005956,L01693,email_open,2026-02-18
A005957,L01693,email_open,2025-10-01
A005958,L01694,email_open,2026-03-31
A005959,L01694,meeting,2026-05-02
A005960,L01695,email_click,2025-12-15
A005961,L01695,call,2026-02-14
A005962,L01695,email_open,2025-12-29
A005963,L01695,pricing_page_visit,2025-10-08
A005964,L01695,pricing_page_visit,2026-09-04
A005965,L01696,email_open,2026-07-02
A005966,L01696,email_open,2025-09-26
A005967,L01697,meeting,2026-01-15
A005968,L01697,pricing_page_visit,2026-05-28
A005969,L01697,email_open,2026-05-28
A005970,L01697,email_open,2026-02-08
A005971,L01698,call,2026-02-14
A005972,L01698,email_click,2026-07-14
A005973,L01699,email_open,2026-09-09
A005974,L01699,pricing_page_visit,2026-09-14
A005975,L01699,call,2026-09-24
A005976,L01699,call,2026-08-31
A005977,L01699,email_click,2026-09-20
A005978,L01699,pricing_page_visit,2026-09-18
A005979,L01699,email_open,2026-09-22
A005980,L01699,email_open,2026-08-27
A005981,L01699,email_open,2026-09-18
A005982,L01699,email_open,2026-09-12
A005983,L01699,demo_request,2026-08-28
A005984,L01700,email_open,2025-11-16
A005985,L01701,email_open,2026-06-27
A005986,L01701,meeting,2025-09-27
A005987,L01701,pricing_page_visit,2026-03-08
A005988,L01701,email_open,2026-03-27
A005989,L01701,demo_request,2026-04-14
A005990,L01702,pricing_page_visit,2026-04-25
A005991,L01702,email_open,2026-02-08
A005992,L01702,email_open,2025-12-20
A005993,L01703,meeting,2026-05-31
A005994,L01703,pricing_page_visit,2025-11-29
A005995,L01703,email_click,2025-12-25
A005996,L01703,email_open,2025-11-04
A005997,L01704,email_click,2026-03-28
A005998,L01704,email_click,2026-06-03
A005999,L01704,email_open,2026-08-02
A006000,L01704,pricing_page_visit,2026-03-25
A006001,L01705,pricing_page_visit,2026-06-14
A006002,L01705,call,2026-08-12
A006003,L01705,call,2026-07-18
A006004,L01705,email_open,2026-04-19
A006005,L01707,email_click,2026-06-30
A006006,L01708,email_click,2026-04-17
A006007,L01708,email_open,2026-04-12
A006008,L01708,email_open,2026-06-24
A006009,L01709,email_open,2026-01-16
A006010,L01709,email_click,2025-12-25
A006011,L01710,email_open,2026-08-10
A006012,L01710,email_open,2026-01-08
A006013,L01710,meeting,2026-07-02
A006014,L01710,email_open,2025-10-16
A006015,L01710,call,2026-04-19
A006016,L01711,email_open,2025-12-19
A006017,L01711,email_open,2026-04-08
A006018,L01711,email_open,2026-09-01
A006019,L01712,meeting,2025-10-04
A006020,L01712,meeting,2026-08-26
A006021,L01712,email_open,2025-11-17
A006022,L01712,email_open,2026-04-10
A006023,L01712,email_open,2026-06-10
A006024,L01713,email_click,2026-05-03
A006025,L01714,email_open,2026-09-23
A006026,L01714,email_open,2026-09-22
A006027,L01714,email_open,2026-09-10
A006028,L01714,email_open,2026-09-07
A006029,L01714,email_click,2026-09-02
A006030,L01714,email_open,2026-08-28
A006031,L01714,call,2026-09-21
A006032,L01714,email_open,2026-09-08
A006033,L01714,email_open,2026-09-16
A006034,L01714,pricing_page_visit,2026-09-11
A006035,L01714,email_click,2026-09-08
A006036,L01714,email_open,2026-09-02
A006037,L01714,call,2026-09-10
A006038,L01714,pricing_page_visit,2026-09-19
A006039,L01715,meeting,2026-03-11
A006040,L01715,demo_request,2025-10-08
A006041,L01716,email_open,2026-08-28
A006042,L01716,email_open,2026-09-25
A006043,L01716,pricing_page_visit,2026-09-12
A006044,L01716,pricing_page_visit,2026-09-10
A006045,L01716,call,2026-09-13
A006046,L01716,call,2026-09-20
A006047,L01716,email_open,2026-09-03
A006048,L01717,email_click,2026-04-10
A006049,L01717,email_open,2026-01-19
A006050,L01718,meeting,2026-03-24
A006051,L01718,email_click,2026-01-08
A006052,L01718,email_open,2026-07-05
A006053,L01718,email_open,2026-06-15
A006054,L01718,email_open,2026-07-17
A006055,L01719,email_open,2025-10-15
A006056,L01720,email_click,2026-03-27
A006057,L01720,email_open,2025-12-27
A006058,L01720,demo_request,2025-12-22
A006059,L01720,email_click,2026-01-12
A006060,L01720,pricing_page_visit,2026-01-16
A006061,L01721,email_open,2026-09-26
A006062,L01721,email_open,2026-09-07
A006063,L01721,email_open,2026-09-06
A006064,L01721,pricing_page_visit,2026-09-06
A006065,L01722,email_open,2026-05-18
A006066,L01723,email_open,2026-04-29
A006067,L01723,pricing_page_visit,2026-05-26
A006068,L01723,email_open,2026-03-19
A006069,L01725,email_click,2026-08-11
A006070,L01725,email_open,2025-12-29
A006071,L01725,email_open,2025-12-18
A006072,L01726,call,2026-05-06
A006073,L01726,email_open,2025-12-16
A006074,L01726,email_click,2025-10-02
A006075,L01726,email_open,2025-10-08
A006076,L01726,email_open,2025-11-09
A006077,L01727,email_open,2026-07-13
A006078,L01728,email_open,2026-04-22
A006079,L01728,email_open,2025-11-10
A006080,L01729,demo_request,2026-03-05
A006081,L01730,meeting,2026-06-20
A006082,L01730,email_click,2026-02-14
A006083,L01730,call,2025-11-01
A006084,L01730,email_open,2026-02-04
A006085,L01730,call,2026-03-10
A006086,L01731,pricing_page_visit,2026-03-30
A006087,L01731,email_open,2026-04-14
A006088,L01731,email_open,2025-12-02
A006089,L01731,call,2025-12-28
A006090,L01731,demo_request,2026-03-06
A006091,L01731,pricing_page_visit,2026-05-15
A006092,L01731,email_open,2026-05-25
A006093,L01731,email_open,2025-10-10
A006094,L01731,email_open,2026-05-13
A006095,L01731,email_open,2025-10-01
A006096,L01731,email_open,2026-04-07
A006097,L01731,call,2026-03-22
A006098,L01731,meeting,2026-08-05
A006099,L01732,pricing_page_visit,2026-01-12
A006100,L01732,email_open,2025-10-19
A006101,L01732,email_open,2026-07-11
A006102,L01734,email_click,2026-02-01
A006103,L01735,call,2026-03-08
A006104,L01735,meeting,2025-12-13
A006105,L01735,pricing_page_visit,2026-01-12
A006106,L01735,email_open,2026-09-04
A006107,L01736,email_open,2026-03-24
A006108,L01736,email_open,2025-10-08
A006109,L01736,email_open,2025-10-09
A006110,L01736,call,2026-05-31
A006111,L01736,email_open,2026-09-05
A006112,L01737,meeting,2026-02-22
A006113,L01738,email_open,2025-11-26
A006114,L01739,meeting,2026-06-13
A006115,L01739,pricing_page_visit,2025-12-26
A006116,L01739,email_open,2026-02-21
A006117,L01739,call,2026-06-07
A006118,L01740,pricing_page_visit,2026-01-06
A006119,L01740,email_open,2026-07-23
A006120,L01740,email_open,2026-03-12
A006121,L01740,email_open,2026-04-26
A006122,L01741,email_click,2026-06-30
A006123,L01743,email_click,2026-07-19
A006124,L01743,email_open,2025-10-08
A006125,L01743,email_open,2025-10-07
A006126,L01745,email_open,2026-04-21
A006127,L01745,email_open,2025-11-16
A006128,L01745,demo_request,2025-10-08
A006129,L01745,email_open,2025-10-17
A006130,L01746,email_click,2026-09-03
A006131,L01747,call,2025-12-28
A006132,L01747,email_open,2025-10-01
A006133,L01747,email_open,2026-03-09
A006134,L01747,email_click,2026-05-12
A006135,L01747,pricing_page_visit,2026-02-07
A006136,L01751,email_open,2025-10-11
A006137,L01754,email_click,2026-08-28
A006138,L01754,email_click,2025-11-14
A006139,L01754,email_open,2026-04-17
A006140,L01755,email_open,2026-07-29
A006141,L01755,email_click,2026-02-12
A006142,L01756,email_open,2026-09-02
A006143,L01756,demo_request,2026-03-20
A006144,L01756,email_open,2026-04-21
A006145,L01756,email_open,2026-09-06
A006146,L01756,call,2026-09-06
A006147,L01757,pricing_page_visit,2026-03-15
A006148,L01757,email_click,2026-04-04
A006149,L01757,email_click,2026-02-04
A006150,L01758,email_open,2026-01-15
A006151,L01758,meeting,2026-06-27
A006152,L01758,email_click,2026-01-05
A006153,L01759,email_open,2026-08-07
A006154,L01759,email_open,2026-01-28
A006155,L01760,email_open,2026-06-21
A006156,L01760,email_open,2026-08-10
A006157,L01760,email_click,2026-04-07
A006158,L01760,meeting,2026-01-31
A006159,L01761,email_open,2026-01-01
A006160,L01762,call,2026-02-26
A006161,L01762,demo_request,2026-03-19
A006162,L01762,email_open,2026-01-13
A006163,L01764,email_open,2025-11-05
A006164,L01764,email_open,2025-12-29
A006165,L01766,email_open,2026-05-26
A006166,L01766,email_open,2025-11-16
A006167,L01766,call,2026-02-25
A006168,L01767,email_click,2026-08-30
A006169,L01767,call,2026-09-13
A006170,L01767,email_open,2026-09-14
A006171,L01767,email_click,2026-09-19
A006172,L01768,email_open,2025-11-15
A006173,L01768,email_open,2026-07-08
A006174,L01768,email_open,2025-10-05
A006175,L01769,call,2026-01-09
A006176,L01769,email_open,2026-01-29
A006177,L01769,pricing_page_visit,2026-07-15
A006178,L01769,email_click,2026-04-14
A006179,L01769,email_open,2026-08-21
A006180,L01770,email_open,2026-08-13
A006181,L01770,email_click,2026-04-21
A006182,L01770,email_click,2026-08-02
A006183,L01770,call,2026-06-22
A006184,L01771,email_open,2025-12-18
A006185,L01771,pricing_page_visit,2025-12-30
A006186,L01771,email_click,2026-03-31
A006187,L01771,pricing_page_visit,2026-01-18
A006188,L01772,email_click,2025-12-22
A006189,L01772,email_open,2026-05-19
A006190,L01772,email_click,2025-10-23
A006191,L01772,email_open,2025-12-09
A006192,L01773,pricing_page_visit,2026-06-08
A006193,L01773,email_open,2026-04-30
A006194,L01773,meeting,2026-06-03
A006195,L01773,meeting,2026-05-10
A006196,L01774,email_click,2026-09-12
A006197,L01774,email_open,2026-09-16
A006198,L01774,email_open,2026-08-31
A006199,L01774,email_open,2026-09-15
A006200,L01775,call,2026-09-01
A006201,L01775,meeting,2026-09-14
A006202,L01775,email_click,2026-09-22
A006203,L01775,pricing_page_visit,2026-09-24
A006204,L01775,email_open,2026-09-16
A006205,L01775,email_open,2026-09-02
A006206,L01775,pricing_page_visit,2026-08-27
A006207,L01776,email_click,2026-08-28
A006208,L01776,email_click,2026-08-27
A006209,L01776,email_open,2026-08-31
A006210,L01776,email_open,2026-08-27
A006211,L01778,email_open,2026-03-24
A006212,L01778,email_open,2026-04-17
A006213,L01778,pricing_page_visit,2026-06-13
A006214,L01779,pricing_page_visit,2026-02-27
A006215,L01780,pricing_page_visit,2026-01-09
A006216,L01780,demo_request,2026-07-25
A006217,L01780,call,2026-07-08
A006218,L01781,email_open,2026-07-14
A006219,L01781,email_click,2026-07-30
A006220,L01781,pricing_page_visit,2026-02-23
A006221,L01781,call,2026-08-26
A006222,L01782,email_click,2026-09-17
A006223,L01782,email_open,2026-09-17
A006224,L01782,email_open,2026-09-18
A006225,L01782,email_open,2026-09-15
A006226,L01782,pricing_page_visit,2026-09-09
A006227,L01782,email_open,2026-09-23
A006228,L01782,email_click,2026-09-19
A006229,L01782,email_click,2026-08-28
A006230,L01782,email_open,2026-09-09
A006231,L01782,email_click,2026-09-24
A006232,L01782,demo_request,2026-09-04
A006233,L01784,email_open,2025-12-07
A006234,L01784,email_click,2026-08-27
A006235,L01784,email_click,2026-01-31
A006236,L01784,demo_request,2026-08-12
A006237,L01784,pricing_page_visit,2025-12-13
A006238,L01785,email_open,2026-09-24
A006239,L01785,email_open,2026-09-06
A006240,L01785,email_open,2026-09-03
A006241,L01785,email_open,2026-09-23
A006242,L01785,email_click,2026-09-12
A006243,L01785,pricing_page_visit,2026-08-31
A006244,L01785,email_click,2026-09-21
A006245,L01785,demo_request,2026-09-13
A006246,L01786,email_open,2026-08-22
A006247,L01786,email_open,2025-12-15
A006248,L01786,pricing_page_visit,2026-03-14
A006249,L01787,demo_request,2026-09-01
A006250,L01787,email_open,2025-10-10
A006251,L01788,pricing_page_visit,2026-03-25
A006252,L01788,pricing_page_visit,2026-06-08
A006253,L01788,email_open,2026-09-03
A006254,L01788,email_open,2026-08-07
A006255,L01788,email_open,2026-03-03
A006256,L01789,call,2026-09-24
A006257,L01789,email_open,2026-09-08
A006258,L01789,email_click,2026-09-13
A006259,L01789,email_open,2026-09-22
A006260,L01789,pricing_page_visit,2026-09-07
A006261,L01789,email_open,2026-08-28
A006262,L01789,email_click,2026-09-18
A006263,L01789,pricing_page_visit,2026-09-23
A006264,L01789,email_click,2026-09-08
A006265,L01789,demo_request,2026-09-15
A006266,L01789,call,2026-08-28
A006267,L01789,email_open,2026-09-15
A006268,L01790,email_open,2026-09-26
A006269,L01790,email_open,2026-08-30
A006270,L01790,call,2026-09-19
A006271,L01790,email_open,2026-08-28
A006272,L01790,email_click,2026-09-22
A006273,L01790,demo_request,2026-09-12
A006274,L01790,meeting,2026-09-11
A006275,L01790,pricing_page_visit,2026-09-11
A006276,L01790,email_open,2026-09-16
A006277,L01790,email_click,2026-08-30
A006278,L01790,pricing_page_visit,2026-09-13
A006279,L01790,email_click,2026-09-19
A006280,L01790,email_click,2026-09-03
A006281,L01791,email_open,2026-04-17
A006282,L01791,email_open,2026-06-05
A006283,L01792,pricing_page_visit,2026-07-08
A006284,L01792,email_open,2025-10-10
A006285,L01792,call,2026-01-05
A006286,L01792,email_open,2026-04-18
A006287,L01792,call,2025-09-27
A006288,L01792,demo_request,2026-07-16
A006289,L01792,email_open,2025-12-01
A006290,L01792,call,2026-03-05
A006291,L01792,demo_request,2026-05-02
A006292,L01792,email_open,2026-05-25
A006293,L01792,email_click,2026-08-30
A006294,L01792,email_click,2026-05-19
A006295,L01793,email_open,2026-03-27
A006296,L01794,email_open,2026-05-17
A006297,L01794,email_open,2026-05-09
A006298,L01795,email_open,2026-05-25
A006299,L01796,email_click,2025-11-16
A006300,L01796,meeting,2026-03-24
A006301,L01796,meeting,2026-06-14
A006302,L01796,email_click,2025-12-29
A006303,L01796,email_open,2026-05-15
A006304,L01798,call,2026-03-24
A006305,L01798,call,2025-12-13
A006306,L01799,call,2026-09-21
A006307,L01799,email_click,2026-09-17
A006308,L01799,email_open,2026-08-30
A006309,L01799,pricing_page_visit,2026-09-21
A006310,L01799,email_click,2026-09-21
A006311,L01799,email_open,2026-09-15
A006312,L01799,email_click,2026-09-03
A006313,L01799,email_open,2026-09-20
A006314,L01800,email_click,2026-01-30
A006315,L01800,meeting,2026-06-18
A006316,L01800,pricing_page_visit,2026-03-06
A006317,L01800,call,2026-01-12
A006318,L01800,pricing_page_visit,2026-02-24
A006319,L01801,email_open,2026-09-09
A006320,L01801,email_open,2026-09-05
A006321,L01801,email_open,2026-09-22
A006322,L01801,call,2026-08-28
A006323,L01803,email_open,2026-08-27
A006324,L01803,email_open,2026-03-01
A006325,L01803,email_open,2026-06-29
A006326,L01804,pricing_page_visit,2026-05-19
A006327,L01804,call,2026-07-20
A006328,L01804,call,2026-04-13
A006329,L01805,email_click,2026-03-18
A006330,L01805,call,2025-12-02
A006331,L01805,email_click,2025-09-26
A006332,L01806,email_click,2026-05-08
A006333,L01806,demo_request,2025-11-08
A006334,L01806,email_click,2026-01-08
A006335,L01806,email_open,2026-08-22
A006336,L01806,call,2026-03-20
A006337,L01807,email_click,2025-11-12
A006338,L01809,email_open,2026-05-15
A006339,L01809,demo_request,2025-10-28
A006340,L01809,email_open,2026-03-21
A006341,L01809,email_click,2026-03-04
A006342,L01809,call,2025-10-11
A006343,L01810,email_open,2026-04-12
A006344,L01810,email_open,2026-06-17
A006345,L01810,email_click,2026-02-22
A006346,L01811,email_open,2025-12-03
A006347,L01812,email_open,2026-04-16
A006348,L01812,call,2026-04-28
A006349,L01812,pricing_page_visit,2026-07-01
A006350,L01812,email_click,2026-02-21
A006351,L01812,email_open,2025-12-15
A006352,L01813,email_click,2026-02-26
A006353,L01813,email_open,2026-01-28
A006354,L01813,email_click,2025-10-08
A006355,L01813,email_open,2025-11-04
A006356,L01813,email_open,2026-07-30
A006357,L01814,pricing_page_visit,2025-12-10
A006358,L01814,email_open,2026-06-21
A006359,L01814,email_click,2026-08-01
A006360,L01814,email_open,2025-11-12
A006361,L01814,email_click,2026-02-25
A006362,L01814,email_open,2026-06-04
A006363,L01814,email_click,2026-02-27
A006364,L01814,pricing_page_visit,2026-07-14
A006365,L01814,call,2026-05-04
A006366,L01814,email_open,2026-06-01
A006367,L01815,email_open,2026-03-20
A006368,L01815,pricing_page_visit,2025-10-08
A006369,L01816,email_open,2026-08-20
A006370,L01817,email_click,2026-07-31
A006371,L01817,email_open,2026-03-27
A006372,L01817,email_open,2025-12-10
A006373,L01818,pricing_page_visit,2026-09-06
A006374,L01818,pricing_page_visit,2025-11-30
A006375,L01818,meeting,2025-12-15
A006376,L01818,meeting,2026-08-22
A006377,L01821,email_click,2026-06-09
A006378,L01821,meeting,2026-05-25
A006379,L01823,email_click,2025-12-21
A006380,L01823,pricing_page_visit,2025-11-25
A006381,L01823,pricing_page_visit,2026-04-13
A006382,L01824,email_open,2025-12-31
A006383,L01824,email_open,2026-07-11
A006384,L01825,email_open,2025-12-27
A006385,L01826,email_open,2025-11-24
A006386,L01826,call,2026-05-15
A006387,L01826,call,2026-07-31
A006388,L01828,email_open,2026-04-04
A006389,L01828,email_open,2026-04-07
A006390,L01828,pricing_page_visit,2026-08-14
A006391,L01828,call,2026-01-09
A006392,L01829,email_open,2026-02-26
A006393,L01829,email_click,2026-04-26
A006394,L01829,email_open,2025-11-26
A006395,L01830,email_open,2026-09-10
A006396,L01830,call,2026-09-11
A006397,L01830,email_open,2026-09-21
A006398,L01830,email_click,2026-09-04
A006399,L01831,email_open,2026-06-17
A006400,L01832,email_click,2026-01-24
A006401,L01832,email_open,2026-09-03
A006402,L01833,pricing_page_visit,2026-07-14
A006403,L01834,email_click,2026-01-20
A006404,L01834,call,2026-08-29
A006405,L01834,email_open,2026-05-04
A006406,L01834,call,2025-12-28
A006407,L01834,call,2025-12-11
A006408,L01834,email_click,2026-07-21
A006409,L01834,meeting,2025-12-08
A006410,L01834,email_open,2026-06-13
A006411,L01834,email_open,2026-05-18
A006412,L01834,email_open,2026-04-26
A006413,L01834,email_open,2026-03-14
A006414,L01835,email_open,2026-09-14
A006415,L01835,email_open,2026-08-29
A006416,L01835,email_click,2026-09-26
A006417,L01835,email_click,2026-09-19
A006418,L01835,email_open,2026-09-25
A006419,L01835,email_open,2026-08-29
A006420,L01835,call,2026-09-12
A006421,L01835,email_click,2026-08-31
A006422,L01835,email_open,2026-09-16
A006423,L01835,email_open,2026-09-14
A006424,L01835,call,2026-09-21
A006425,L01836,pricing_page_visit,2026-07-30
A006426,L01836,email_open,2026-01-20
A006427,L01836,demo_request,2026-06-08
A006428,L01836,email_open,2025-11-21
A006429,L01837,meeting,2026-07-22
A006430,L01837,call,2026-03-31
A006431,L01837,email_open,2026-04-18
A006432,L01837,email_open,2026-02-20
A006433,L01838,call,2026-09-25
A006434,L01838,meeting,2026-09-11
A006435,L01838,email_open,2026-09-11
A006436,L01838,email_open,2026-09-06
A006437,L01838,pricing_page_visit,2026-09-15
A006438,L01838,email_open,2026-09-04
A006439,L01838,email_click,2026-09-09
A006440,L01839,pricing_page_visit,2026-08-29
A006441,L01839,meeting,2026-09-19
A006442,L01839,email_open,2026-09-20
A006443,L01839,email_open,2026-09-23
A006444,L01839,demo_request,2026-09-04
A006445,L01839,email_open,2026-09-22
A006446,L01839,email_open,2026-09-24
A006447,L01840,email_open,2026-08-27
A006448,L01840,email_open,2026-09-19
A006449,L01840,email_open,2026-08-29
A006450,L01840,email_open,2026-09-24
A006451,L01840,call,2026-08-27
A006452,L01840,email_open,2026-09-20
A006453,L01840,email_open,2026-09-22
A006454,L01840,email_open,2026-09-14
A006455,L01840,email_open,2026-09-25
A006456,L01840,call,2026-08-28
A006457,L01840,email_click,2026-08-28
A006458,L01840,call,2026-09-22
A006459,L01840,email_open,2026-09-26
A006460,L01842,email_open,2025-10-18
A006461,L01843,email_open,2026-05-08
A006462,L01843,email_click,2026-05-16
A006463,L01843,call,2026-05-14
A006464,L01844,demo_request,2026-03-05
A006465,L01844,email_click,2026-05-27
A006466,L01844,email_open,2026-07-17
A006467,L01844,email_click,2025-12-22
A006468,L01845,email_open,2025-11-28
A006469,L01845,email_open,2026-02-18
A006470,L01845,email_open,2026-02-25
A006471,L01845,email_click,2026-08-15
A006472,L01846,email_open,2026-05-06
A006473,L01846,pricing_page_visit,2026-04-22
A006474,L01846,email_open,2026-09-04
A006475,L01846,demo_request,2026-08-28
A006476,L01846,email_open,2026-04-29
A006477,L01846,call,2026-03-01
A006478,L01846,call,2026-03-06
A006479,L01846,email_click,2025-09-26
A006480,L01847,email_open,2026-04-12
A006481,L01847,pricing_page_visit,2026-08-07
A006482,L01848,call,2025-11-04
A006483,L01848,email_open,2026-05-20
A006484,L01848,email_open,2026-07-20
A006485,L01848,email_open,2026-03-12
A006486,L01848,email_open,2025-12-13
A006487,L01849,email_open,2026-08-29
A006488,L01849,call,2026-07-11
A006489,L01849,call,2026-03-12
A006490,L01849,email_open,2026-03-15
A006491,L01850,meeting,2026-09-14
A006492,L01850,call,2026-09-12
A006493,L01850,email_click,2026-09-15
A006494,L01850,call,2026-09-18
A006495,L01850,email_open,2026-08-29
A006496,L01850,email_open,2026-09-21
A006497,L01850,pricing_page_visit,2026-09-05
A006498,L01850,pricing_page_visit,2026-09-10
A006499,L01850,email_click,2026-09-17
A006500,L01850,demo_request,2026-09-03
A006501,L01850,email_click,2026-09-13
A006502,L01850,email_open,2026-09-09
A006503,L01850,meeting,2026-08-30
A006504,L01851,email_click,2026-06-14
A006505,L01851,email_open,2026-09-05
A006506,L01851,email_open,2025-11-26
A006507,L01851,demo_request,2026-07-27
A006508,L01851,meeting,2026-05-13
A006509,L01852,email_open,2026-04-14
A006510,L01852,email_click,2026-04-08
A006511,L01852,email_open,2026-04-10
A006512,L01852,call,2026-01-09
A006513,L01852,email_open,2025-11-12
A006514,L01853,email_open,2026-08-05
A006515,L01853,call,2026-03-04
A006516,L01854,email_open,2025-11-24
A006517,L01854,demo_request,2026-08-12
A006518,L01855,meeting,2026-09-13
A006519,L01855,pricing_page_visit,2026-09-15
A006520,L01855,email_open,2026-09-20
A006521,L01855,demo_request,2026-09-13
A006522,L01855,meeting,2026-09-18
A006523,L01855,email_open,2026-09-12
A006524,L01855,pricing_page_visit,2026-09-08
A006525,L01855,email_open,2026-09-13
A006526,L01855,email_click,2026-09-25
A006527,L01855,demo_request,2026-09-07
A006528,L01855,email_open,2026-09-10
A006529,L01855,meeting,2026-09-18
A006530,L01855,email_open,2026-09-06
A006531,L01856,pricing_page_visit,2025-10-01
A006532,L01856,email_open,2026-08-16
A006533,L01857,email_open,2026-01-24
A006534,L01858,email_open,2026-01-30
A006535,L01858,email_open,2026-06-10
A006536,L01858,email_open,2026-03-19
A006537,L01859,pricing_page_visit,2026-07-27
A006538,L01860,email_open,2026-02-03
A006539,L01860,email_open,2026-06-03
A006540,L01860,email_click,2025-11-16
A006541,L01860,email_open,2026-08-02
A006542,L01860,email_click,2026-04-23
A006543,L01862,email_click,2026-03-11
A006544,L01862,call,2026-04-22
A006545,L01862,email_click,2025-11-27
A006546,L01863,email_click,2026-09-20
A006547,L01863,call,2026-09-07
A006548,L01863,pricing_page_visit,2026-09-07
A006549,L01863,pricing_page_visit,2026-09-23
A006550,L01863,email_open,2026-08-28
A006551,L01863,demo_request,2026-08-29
A006552,L01863,demo_request,2026-09-21
A006553,L01864,pricing_page_visit,2026-03-09
A006554,L01864,email_open,2026-07-13
A006555,L01864,email_open,2026-08-06
A006556,L01865,email_open,2026-04-17
A006557,L01865,pricing_page_visit,2026-01-04
A006558,L01865,email_open,2026-01-12
A006559,L01866,email_open,2026-03-21
A006560,L01866,meeting,2025-11-26
A006561,L01867,email_open,2026-07-29
A006562,L01867,pricing_page_visit,2026-04-03
A006563,L01868,email_click,2026-06-19
A006564,L01868,email_open,2026-08-30
A006565,L01868,meeting,2025-11-14
A006566,L01868,meeting,2025-12-17
A006567,L01870,email_click,2026-09-02
A006568,L01870,call,2026-09-18
A006569,L01870,email_open,2026-09-05
A006570,L01870,call,2026-09-16
A006571,L01870,pricing_page_visit,2026-09-22
A006572,L01870,email_open,2026-09-21
A006573,L01870,meeting,2026-09-05
A006574,L01870,call,2026-09-09
A006575,L01870,call,2026-09-16
A006576,L01873,call,2025-12-10
A006577,L01873,email_open,2026-03-12
A006578,L01873,email_open,2026-05-24
A006579,L01873,call,2026-08-16
A006580,L01874,email_open,2026-01-28
A006581,L01874,email_click,2026-08-30
A006582,L01875,email_open,2026-08-10
A006583,L01875,email_open,2025-12-11
A006584,L01875,email_open,2026-07-15
A006585,L01875,pricing_page_visit,2025-10-15
A006586,L01876,email_click,2026-08-04
A006587,L01876,email_click,2025-10-10
A006588,L01876,email_open,2026-08-29
A006589,L01877,meeting,2025-11-14
A006590,L01877,email_click,2025-11-02
A006591,L01877,email_open,2026-01-01
A006592,L01878,email_open,2026-04-17
A006593,L01878,email_open,2026-01-26
A006594,L01880,email_click,2026-01-27
A006595,L01881,pricing_page_visit,2026-05-04
A006596,L01881,email_open,2025-10-17
A006597,L01881,email_open,2026-02-28
A006598,L01881,email_open,2026-02-01
A006599,L01882,meeting,2025-10-22
A006600,L01882,email_open,2026-02-25
A006601,L01882,email_open,2026-02-09
A006602,L01882,email_open,2026-01-06
A006603,L01883,meeting,2025-12-30
A006604,L01883,call,2026-06-01
A006605,L01884,email_click,2025-11-18
A006606,L01884,pricing_page_visit,2026-08-17
A006607,L01884,email_open,2026-02-11
A006608,L01884,call,2026-07-13
A006609,L01884,meeting,2026-04-24
A006610,L01885,email_open,2026-09-26
A006611,L01885,meeting,2026-09-14
A006612,L01885,email_click,2026-08-30
A006613,L01885,email_open,2026-08-27
A006614,L01885,email_click,2026-09-10
A006615,L01885,email_open,2026-09-01
A006616,L01885,pricing_page_visit,2026-09-24
A006617,L01886,email_open,2026-03-09
A006618,L01886,call,2025-10-20
A006619,L01886,email_open,2026-07-16
A006620,L01886,email_click,2026-09-03
A006621,L01886,email_open,2026-04-22
A006622,L01887,email_open,2026-05-06
A006623,L01888,pricing_page_visit,2026-01-13
A006624,L01888,email_open,2026-08-14
A006625,L01888,email_open,2026-07-30
A006626,L01888,email_click,2026-04-25
A006627,L01888,email_open,2026-07-30
A006628,L01889,email_click,2026-07-07
A006629,L01889,call,2025-11-23
A006630,L01889,email_open,2026-07-05
A006631,L01889,email_open,2026-04-13
A006632,L01889,email_click,2026-06-11
A006633,L01890,email_open,2026-09-09
A006634,L01890,email_click,2026-09-01
A006635,L01890,call,2026-09-03
A006636,L01890,email_open,2026-09-23
A006637,L01890,email_open,2026-08-27
A006638,L01890,email_open,2026-09-15
A006639,L01890,call,2026-09-13
A006640,L01891,meeting,2026-05-30
A006641,L01891,email_open,2026-07-18
A006642,L01891,call,2025-12-18
A006643,L01892,email_open,2026-02-12
A006644,L01892,email_open,2025-10-15
A006645,L01892,pricing_page_visit,2026-08-30
A006646,L01892,email_click,2025-10-10
A006647,L01893,email_open,2025-11-30
A006648,L01893,email_open,2026-07-05
A006649,L01893,email_open,2025-09-30
A006650,L01893,email_open,2025-12-21
A006651,L01895,email_open,2025-12-09
A006652,L01895,demo_request,2026-04-24
A006653,L01895,meeting,2025-12-20
A006654,L01897,email_open,2026-04-14
A006655,L01897,meeting,2026-06-04
A006656,L01897,email_click,2026-06-11
A006657,L01897,email_open,2026-01-10
A006658,L01897,email_open,2026-02-25
A006659,L01898,email_click,2026-01-27
A006660,L01898,call,2026-07-28
A006661,L01898,email_open,2026-05-30
A006662,L01898,pricing_page_visit,2025-12-16
A006663,L01898,email_open,2026-01-18
A006664,L01898,meeting,2026-06-21
A006665,L01898,email_click,2026-05-26
A006666,L01898,email_click,2026-09-03
A006667,L01898,email_open,2026-09-03
A006668,L01898,pricing_page_visit,2026-09-05
A006669,L01898,call,2025-10-13
A006670,L01898,email_click,2026-05-12
A006671,L01900,email_open,2026-02-07
A006672,L01900,email_open,2026-06-04
A006673,L01900,pricing_page_visit,2026-05-28
A006674,L01901,email_click,2026-07-19
A006675,L01901,email_open,2026-05-10
A006676,L01901,meeting,2026-01-06
A006677,L01902,email_open,2025-12-31
A006678,L01902,call,2025-11-25
A006679,L01902,email_open,2026-07-30
A006680,L01902,email_open,2026-05-23
A006681,L01902,pricing_page_visit,2026-06-04
A006682,L01903,email_click,2026-08-20
A006683,L01903,meeting,2026-07-23
A006684,L01903,email_open,2025-12-31
A006685,L01903,email_open,2026-08-11
A006686,L01904,email_click,2026-07-31
A006687,L01905,call,2026-01-17
A006688,L01905,email_open,2026-06-19
A006689,L01905,email_click,2026-04-01
A006690,L01907,meeting,2026-05-01
A006691,L01907,email_click,2026-08-01
A006692,L01907,email_open,2026-08-22
A006693,L01909,email_open,2025-12-09
A006694,L01909,email_click,2026-05-05
A006695,L01909,email_open,2025-10-17
A006696,L01909,email_open,2025-10-10
A006697,L01910,email_click,2026-08-08
A006698,L01910,call,2026-06-19
A006699,L01910,demo_request,2026-06-04
A006700,L01910,call,2025-10-11
A006701,L01910,demo_request,2026-07-19
A006702,L01911,email_open,2025-11-07
A006703,L01911,email_open,2026-02-03
A006704,L01911,email_click,2026-06-22
A006705,L01911,email_open,2026-06-09
A006706,L01912,pricing_page_visit,2026-08-31
A006707,L01912,email_click,2026-09-23
A006708,L01912,call,2026-09-24
A006709,L01912,email_open,2026-09-01
A006710,L01912,meeting,2026-08-31
A006711,L01912,call,2026-09-02
A006712,L01914,email_click,2026-08-22
A006713,L01914,email_open,2025-11-16
A006714,L01914,email_open,2025-12-29
A006715,L01915,email_open,2026-09-24
A006716,L01915,call,2026-09-09
A006717,L01915,meeting,2026-09-26
A006718,L01915,email_open,2026-09-12
A006719,L01915,email_open,2026-08-29
A006720,L01917,call,2026-07-03
A006721,L01918,email_open,2026-03-22
A006722,L01918,email_open,2026-05-20
A006723,L01918,call,2025-12-02
A006724,L01919,email_open,2026-08-02
A006725,L01919,email_click,2026-05-16
A006726,L01919,call,2026-07-02
A006727,L01919,call,2026-01-14
A006728,L01921,email_click,2025-10-09
A006729,L01922,email_open,2026-05-07
A006730,L01922,email_open,2025-11-19
A006731,L01922,call,2026-08-12
A006732,L01922,email_open,2026-01-07
A006733,L01922,email_open,2026-02-07
A006734,L01923,pricing_page_visit,2026-02-06
A006735,L01923,email_open,2026-05-05
A006736,L01924,pricing_page_visit,2026-02-28
A006737,L01924,email_open,2026-07-25
A006738,L01924,meeting,2025-12-21
A006739,L01925,email_open,2026-01-18
A006740,L01926,meeting,2026-03-05
A006741,L01926,email_click,2025-10-29
A006742,L01926,email_open,2026-03-17
A006743,L01927,email_open,2025-12-18
A006744,L01927,meeting,2026-05-31
A006745,L01927,email_open,2026-03-31
A006746,L01928,meeting,2026-06-01
A006747,L01928,call,2026-02-25
A006748,L01928,email_open,2026-07-02
A006749,L01928,email_open,2026-03-24
A006750,L01929,call,2026-09-14
A006751,L01929,email_click,2026-09-25
A006752,L01929,email_open,2026-09-11
A006753,L01929,call,2026-09-21
A006754,L01929,email_click,2026-09-01
A006755,L01929,demo_request,2026-09-09
A006756,L01929,email_click,2026-09-24
A006757,L01929,meeting,2026-09-02
A006758,L01929,email_open,2026-09-26
A006759,L01930,pricing_page_visit,2026-05-23
A006760,L01930,call,2025-11-09
A006761,L01930,email_open,2026-05-15
A006762,L01931,demo_request,2026-08-22
A006763,L01931,email_open,2025-12-29
A006764,L01931,email_open,2025-10-21
A006765,L01931,email_open,2025-10-29
A006766,L01932,meeting,2025-12-18
A006767,L01932,pricing_page_visit,2026-03-27
A006768,L01932,email_open,2026-07-07
A006769,L01932,email_open,2026-02-07
A006770,L01934,email_click,2026-09-05
A006771,L01934,call,2025-12-23
A006772,L01934,email_open,2026-05-24
A006773,L01934,pricing_page_visit,2026-05-09
A006774,L01935,email_open,2026-09-05
A006775,L01935,email_click,2026-09-15
A006776,L01935,email_click,2026-09-21
A006777,L01935,email_open,2026-09-25
A006778,L01935,email_open,2026-08-27
A006779,L01935,email_open,2026-09-12
A006780,L01935,email_open,2026-09-16
A006781,L01935,email_click,2026-09-10
A006782,L01936,email_open,2026-08-01
A006783,L01936,demo_request,2025-09-30
A006784,L01936,email_click,2026-09-05
A006785,L01936,call,2026-02-17
A006786,L01936,email_open,2026-03-18
A006787,L01937,email_open,2025-10-21
A006788,L01937,call,2026-04-14
A006789,L01937,email_open,2025-11-18
A006790,L01939,call,2026-02-10
A006791,L01939,meeting,2025-09-26
A006792,L01939,call,2025-10-04
A006793,L01941,email_open,2026-06-14
A006794,L01941,email_open,2026-02-27
A006795,L01941,email_open,2026-01-12
A006796,L01943,email_open,2026-02-20
A006797,L01943,call,2026-01-18
A006798,L01944,call,2026-03-05
A006799,L01944,email_open,2026-08-29
A006800,L01945,email_open,2026-06-06
A006801,L01946,email_open,2025-12-12
A006802,L01946,email_click,2025-10-19
A006803,L01947,email_click,2026-01-27
A006804,L01947,email_click,2026-02-25
A006805,L01947,pricing_page_visit,2025-12-01
A006806,L01947,pricing_page_visit,2026-07-09
A006807,L01947,email_click,2026-03-27
A006808,L01949,pricing_page_visit,2026-05-31
A006809,L01949,email_open,2026-05-15
A006810,L01950,email_open,2026-03-20
A006811,L01950,email_open,2026-02-19
A006812,L01950,email_open,2025-11-22
A006813,L01950,meeting,2026-01-19
A006814,L01951,email_open,2025-10-31
A006815,L01953,email_open,2026-05-19
A006816,L01953,meeting,2026-08-02
A006817,L01953,pricing_page_visit,2026-07-25
A006818,L01953,call,2026-04-19
A006819,L01953,demo_request,2026-03-25
A006820,L01954,email_click,2025-11-05
A006821,L01954,email_open,2026-08-17
A006822,L01954,email_click,2026-03-15
A006823,L01955,email_click,2026-05-02
A006824,L01955,email_open,2025-10-13
A006825,L01955,email_open,2026-02-04
A006826,L01955,email_open,2025-12-11
A006827,L01956,pricing_page_visit,2025-10-10
A006828,L01956,pricing_page_visit,2026-07-13
A006829,L01956,demo_request,2026-08-11
A006830,L01957,email_open,2026-01-16
A006831,L01958,demo_request,2025-10-31
A006832,L01958,email_open,2025-11-14
A006833,L01958,pricing_page_visit,2025-10-12
A006834,L01959,pricing_page_visit,2026-07-01
A006835,L01960,email_open,2026-05-18
A006836,L01960,email_click,2025-11-09
A006837,L01960,email_open,2026-03-30
A006838,L01960,email_open,2026-01-18
A006839,L01963,email_open,2025-09-28
A006840,L01963,email_open,2026-06-15
A006841,L01964,meeting,2026-04-17
A006842,L01964,meeting,2026-05-25
A006843,L01964,email_click,2025-12-10
A006844,L01964,email_open,2025-11-09
A006845,L01965,email_open,2026-07-07
A006846,L01965,email_open,2026-02-20
A006847,L01965,email_open,2026-04-21
A006848,L01965,call,2025-12-14
A006849,L01966,email_click,2025-11-12
A006850,L01966,email_open,2026-09-02
A006851,L01966,email_click,2026-01-04
A006852,L01966,email_click,2026-05-11
A006853,L01968,email_open,2026-05-07
A006854,L01968,email_open,2026-08-18
A006855,L01969,email_open,2026-08-10
A006856,L01969,pricing_page_visit,2026-04-10
A006857,L01969,email_open,2026-04-17
A006858,L01969,email_open,2026-08-10
A006859,L01970,email_open,2026-03-15
A006860,L01970,pricing_page_visit,2026-01-04
A006861,L01972,email_open,2026-08-31
A006862,L01972,pricing_page_visit,2026-09-09
A006863,L01972,email_click,2026-08-29
A006864,L01972,email_open,2026-09-16
A006865,L01972,demo_request,2026-08-30
A006866,L01972,email_click,2026-09-07
A006867,L01972,email_open,2026-09-18
A006868,L01972,email_open,2026-09-26
A006869,L01972,email_open,2026-09-09
A006870,L01973,meeting,2026-08-22
A006871,L01973,email_open,2026-02-07
A006872,L01973,email_click,2025-11-04
A006873,L01973,email_click,2026-07-10
A006874,L01975,email_open,2025-12-27
A006875,L01975,email_click,2026-09-06
A006876,L01975,meeting,2026-01-09
A006877,L01975,email_open,2026-07-14
A006878,L01975,email_open,2025-10-07
A006879,L01976,call,2025-11-03
A006880,L01977,email_open,2026-01-18
A006881,L01977,call,2026-01-05
A006882,L01978,call,2026-02-17
A006883,L01978,call,2026-07-21
A006884,L01979,call,2026-08-03
A006885,L01979,email_click,2026-06-06
A006886,L01979,email_open,2026-01-24
A006887,L01980,email_open,2026-02-12
A006888,L01980,meeting,2026-05-14
A006889,L01980,call,2026-02-18
A006890,L01980,email_open,2025-12-07
A006891,L01981,meeting,2026-09-22
A006892,L01981,pricing_page_visit,2026-09-13
A006893,L01981,email_open,2026-09-05
A006894,L01981,call,2026-09-10
A006895,L01983,email_open,2026-04-18
A006896,L01983,email_click,2026-01-18
A006897,L01983,email_open,2026-03-30
A006898,L01984,email_open,2026-05-02
A006899,L01984,call,2025-11-22
A006900,L01985,email_open,2026-07-13
A006901,L01985,pricing_page_visit,2026-02-24
A006902,L01986,pricing_page_visit,2026-07-29
A006903,L01986,pricing_page_visit,2025-12-09
A006904,L01986,email_click,2026-04-29
A006905,L01986,meeting,2026-06-15
A006906,L01988,email_open,2026-08-28
A006907,L01988,email_open,2026-02-21
A006908,L01988,email_open,2026-04-12
A006909,L01988,pricing_page_visit,2026-02-14
A006910,L01989,email_open,2026-08-17
A006911,L01989,email_open,2026-07-28
A006912,L01989,email_click,2026-05-18
A006913,L01989,email_open,2026-03-29
A006914,L01990,email_open,2026-09-18
A006915,L01990,meeting,2026-09-23
A006916,L01990,meeting,2026-09-06
A006917,L01990,email_click,2026-09-10
A006918,L01990,pricing_page_visit,2026-09-04
A006919,L01990,call,2026-09-12
A006920,L01990,email_open,2026-09-13
A006921,L01990,demo_request,2026-09-24
A006922,L01991,email_click,2025-11-18
A006923,L01992,call,2026-05-14
A006924,L01993,email_open,2025-10-26
A006925,L01993,email_open,2026-06-19
A006926,L01994,email_open,2026-09-01
A006927,L01994,email_open,2026-09-14
A006928,L01994,demo_request,2026-09-24
A006929,L01994,email_open,2026-08-31
A006930,L01994,pricing_page_visit,2026-08-27
A006931,L01994,email_open,2026-09-08
A006932,L01994,call,2026-08-28
A006933,L01994,pricing_page_visit,2026-09-15
A006934,L01994,email_open,2026-09-13
A006935,L01994,email_open,2026-09-26
A006936,L01994,email_open,2026-09-09
A006937,L01994,email_open,2026-09-06
A006938,L01995,meeting,2025-09-29
A006939,L01995,email_open,2026-02-10
A006940,L01995,email_open,2026-06-27
A006941,L01996,demo_request,2026-03-01
A006942,L01996,pricing_page_visit,2026-03-05
A006943,L01996,email_open,2026-08-05
A006944,L01996,email_open,2025-10-04
A006945,L01996,call,2026-05-17
A006946,L01997,email_open,2026-02-08
A006947,L01997,email_click,2026-06-10
A006948,L01997,email_open,2026-04-05
A006949,L01997,pricing_page_visit,2026-07-30
A006950,L01998,email_click,2025-12-19
A006951,L01998,meeting,2026-07-10
A006952,L01998,meeting,2026-05-22
A006953,L01998,call,2026-05-21
A006954,L01999,email_open,2026-06-06
A006955,L01999,email_open,2026-01-29
A006956,L01999,email_open,2025-12-08
A006957,L01999,pricing_page_visit,2026-02-02
A006958,L01999,call,2025-10-10
A006959,L02000,email_open,2026-09-02
A006960,L02000,email_open,2026-08-27
A006961,L02000,demo_request,2026-09-17
A006962,L02000,demo_request,2026-09-12
A006963,L02000,call,2026-08-30
A006964,L02000,email_open,2026-09-03
A006965,L02000,call,2026-09-02
A006966,L02000,email_open,2026-09-05
A006967,L02000,email_open,2026-09-24
A006968,L02000,email_click,2026-09-03
A006969,L02000,email_open,2026-09-15
A006970,L02000,pricing_page_visit,2026-09-09
A006971,L02001,email_open,2026-08-23
A006972,L02001,email_click,2026-09-08
A006973,L02001,call,2026-09-06
A006974,L02001,pricing_page_visit,2026-09-11
A006975,L02002,email_open,2026-08-18
A006976,L02002,meeting,2026-08-18
A006977,L02002,email_click,2026-09-16
A006978,L02002,pricing_page_visit,2026-09-09
A006979,L02003,email_open,2026-09-09
A006980,L02003,email_click,2026-09-07
A006981,L02004,email_open,2026-08-12
A006982,L02004,email_open,2026-07-28
A006983,L02005,email_open,2026-09-14
A006984,L02005,email_open,2026-09-19
A006985,L02006,email_open,2026-08-04
A006986,L02006,email_click,2026-09-14
A006987,L02006,email_open,2026-08-10
A006988,L02007,meeting,2026-09-04
A006989,L02007,email_click,2026-09-05
A006990,L02008,email_open,2026-08-12
A006991,L02009,email_open,2026-09-25
A006992,L02009,call,2026-09-14
A006993,L02009,email_click,2026-09-17
A006994,L02010,email_open,2026-08-25
A006995,L02011,email_open,2026-09-06
A006996,L02011,email_open,2026-07-31
A006997,L02011,meeting,2026-09-18
A006998,L02012,email_click,2026-09-26
A006999,L02012,email_open,2026-08-30
A007000,L02012,call,2026-09-21
A007001,L02013,email_open,2026-09-06
A007002,L02014,email_open,2026-09-20
A007003,L02014,email_open,2026-07-28
A007004,L02014,pricing_page_visit,2026-09-02
A007005,L02015,email_open,2026-08-24
A007006,L02015,email_open,2026-08-11
A007007,L02015,email_click,2026-09-14
A007008,L02015,email_open,2026-08-17
A007009,L02016,pricing_page_visit,2026-09-07
A007010,L02017,email_open,2026-08-08
A007011,L02017,email_open,2026-08-26
A007012,L02017,call,2026-09-02
A007013,L02018,email_open,2026-08-24
A007014,L02018,email_click,2026-09-22
A007015,L02018,email_open,2026-08-23
A007016,L02019,email_click,2026-09-25
A007017,L02020,pricing_page_visit,2026-09-02
A007018,L02021,email_click,2026-08-04
A007019,L02022,call,2026-08-28
A007020,L02022,email_open,2026-09-13
A007021,L02023,email_open,2026-08-16
A007022,L02023,email_open,2026-09-24
A007023,L02024,call,2026-08-15
A007024,L02024,meeting,2026-09-10
A007025,L02024,email_click,2026-09-23
A007026,L02024,demo_request,2026-08-05
A007027,L02025,email_open,2026-08-14
A007028,L02025,pricing_page_visit,2026-08-06
A007029,L02025,email_click,2026-08-30
A007030,L02026,email_open,2026-09-10
A007031,L02026,meeting,2026-08-13
A007032,L02026,email_open,2026-09-10
A007033,L02026,pricing_page_visit,2026-09-11
A007034,L02027,email_open,2026-09-07
A007035,L02027,pricing_page_visit,2026-08-16
A007036,L02027,demo_request,2026-09-16
A007037,L02027,pricing_page_visit,2026-07-29
A007038,L02028,email_open,2026-08-24
A007039,L02028,email_open,2026-09-03
A007040,L02029,email_open,2026-09-22
A007041,L02029,pricing_page_visit,2026-09-09
A007042,L02030,email_open,2026-09-16
A007043,L02030,email_click,2026-08-08
A007044,L02030,call,2026-08-14
A007045,L02031,email_open,2026-08-28
A007046,L02031,email_open,2026-09-21
A007047,L02031,pricing_page_visit,2026-09-21
A007048,L02031,email_open,2026-08-17
A007049,L02032,call,2026-08-16
A007050,L02032,call,2026-08-07
A007051,L02032,email_open,2026-09-22
A007052,L02033,email_click,2026-08-24
A007053,L02033,pricing_page_visit,2026-09-12
A007054,L02033,email_click,2026-08-01
A007055,L02034,email_open,2026-08-18
A007056,L02034,call,2026-07-28
A007057,L02034,email_open,2026-09-11
A007058,L02035,email_open,2026-08-03
A007059,L02035,email_open,2026-08-07
A007060,L02035,email_open,2026-08-23
A007061,L02035,pricing_page_visit,2026-08-17
A007062,L02036,email_open,2026-09-20
A007063,L02036,email_open,2026-09-24
A007064,L02036,pricing_page_visit,2026-09-22
A007065,L02037,email_click,2026-09-03
A007066,L02037,email_open,2026-09-20
A007067,L02038,email_open,2026-09-18
A007068,L02038,meeting,2026-08-31
A007069,L02038,call,2026-08-17
A007070,L02039,pricing_page_visit,2026-09-09
A007071,L02039,email_open,2026-08-04
A007072,L02039,email_click,2026-08-26
A007073,L02040,call,2026-09-20
A007074,L02040,email_open,2026-08-30
A007075,L02040,email_click,2026-09-15
A007076,L02041,email_open,2026-08-12
A007077,L02042,email_open,2026-09-14
A007078,L02042,pricing_page_visit,2026-09-20
A007079,L02042,email_open,2026-09-05
A007080,L02042,email_open,2026-08-28
A007081,L02043,email_open,2026-09-08
A007082,L02043,email_open,2026-08-14
A007083,L02044,email_click,2026-09-03
A007084,L02045,pricing_page_visit,2026-07-28
A007085,L02045,email_open,2026-08-21
A007086,L02046,email_open,2026-09-15
A007087,L02046,email_open,2026-08-15
A007088,L02046,email_open,2026-08-13
A007089,L02047,email_click,2026-09-01
A007090,L02047,meeting,2026-07-31
A007091,L02047,meeting,2026-08-29
A007092,L02048,email_open,2026-08-30
A007093,L02048,email_click,2026-08-06
A007094,L02048,meeting,2026-08-23
A007095,L02048,email_open,2026-08-23
A007096,L02049,email_open,2026-08-03
A007097,L02049,call,2026-09-07
A007098,L02049,pricing_page_visit,2026-09-10
A007099,L02049,call,2026-09-13
A007100,L02050,email_open,2026-09-04
A007101,L02051,email_open,2026-08-31
A007102,L02051,email_open,2026-07-30
A007103,L02051,email_click,2026-08-20
A007104,L02051,call,2026-08-22
A007105,L02052,meeting,2026-09-14
A007106,L02052,email_open,2026-08-21
A007107,L02052,email_open,2026-09-05
A007108,L02053,email_open,2026-08-16
A007109,L02054,pricing_page_visit,2026-08-02
A007110,L02055,email_open,2026-09-23
A007111,L02056,pricing_page_visit,2026-08-19
A007112,L02056,pricing_page_visit,2026-07-30
A007113,L02056,email_open,2026-08-31
A007114,L02057,pricing_page_visit,2026-08-10
A007115,L02057,call,2026-09-08
A007116,L02058,email_open,2026-08-17
A007117,L02058,email_open,2026-09-03
A007118,L02058,pricing_page_visit,2026-07-29
A007119,L02058,email_click,2026-08-13
A007120,L02059,email_open,2026-09-20
A007121,L02059,email_click,2026-08-22
A007122,L02060,call,2026-08-23
A007123,L02060,email_open,2026-08-06
A007124,L02061,email_click,2026-08-14
A007125,L02062,pricing_page_visit,2026-09-11
A007126,L02062,email_open,2026-09-23
A007127,L02062,email_open,2026-08-03
A007128,L02063,meeting,2026-09-11
A007129,L02063,email_click,2026-08-27
A007130,L02063,meeting,2026-08-22
A007131,L02064,email_open,2026-09-12
A007132,L02064,email_open,2026-09-14
A007133,L02064,meeting,2026-09-15
A007134,L02065,meeting,2026-09-11
A007135,L02065,email_open,2026-09-20
A007136,L02066,email_open,2026-08-16
A007137,L02066,email_open,2026-09-21
A007138,L02067,pricing_page_visit,2026-09-19
A007139,L02067,email_open,2026-09-04
A007140,L02067,call,2026-08-17
A007141,L02068,email_open,2026-07-29
A007142,L02068,email_open,2026-09-16
A007143,L02068,email_open,2026-08-09
A007144,L02069,pricing_page_visit,2026-08-05
A007145,L02069,pricing_page_visit,2026-08-29
A007146,L02069,call,2026-08-21
A007147,L02070,demo_request,2026-09-12
A007148,L02070,email_open,2026-09-19
A007149,L02071,email_open,2026-09-14
A007150,L02071,meeting,2026-07-28
A007151,L02071,call,2026-08-16
A007152,L02072,meeting,2026-08-29
A007153,L02073,email_click,2026-09-10
A007154,L02073,email_open,2026-09-25
A007155,L02073,pricing_page_visit,2026-09-18
A007156,L02074,pricing_page_visit,2026-09-15
A007157,L02074,meeting,2026-09-01
A007158,L02075,email_click,2026-08-30
A007159,L02075,email_click,2026-09-07
A007160,L02075,email_open,2026-08-17
A007161,L02075,call,2026-09-15
A007162,L02076,email_open,2026-08-26
A007163,L02076,email_click,2026-08-22
A007164,L02077,email_open,2026-07-28
A007165,L02078,call,2026-09-04
A007166,L02079,email_click,2026-08-20
A007167,L02079,meeting,2026-08-13
A007168,L02080,email_click,2026-08-12
A007169,L02080,email_open,2026-09-07
A007170,L02080,call,2026-08-09
A007171,L02080,email_open,2026-07-30
A007172,L02081,demo_request,2026-08-29
A007173,L02081,email_click,2026-09-24
A007174,L02081,meeting,2026-08-25
A007175,L02082,pricing_page_visit,2026-08-27
A007176,L02082,pricing_page_visit,2026-08-05
A007177,L02082,pricing_page_visit,2026-08-09
A007178,L02083,meeting,2026-08-02
A007179,L02083,email_click,2026-08-05
A007180,L02084,demo_request,2026-09-24
A007181,L02084,email_click,2026-09-17
A007182,L02085,email_open,2026-08-13
A007183,L02085,email_open,2026-09-11
A007184,L02085,email_click,2026-08-18
A007185,L02086,email_open,2026-08-28
A007186,L02086,email_open,2026-08-29
A007187,L02087,email_click,2026-09-02
A007188,L02087,call,2026-08-09
A007189,L02088,email_click,2026-09-14
A007190,L02088,email_open,2026-09-01
A007191,L02088,email_open,2026-09-25
A007192,L02089,email_click,2026-08-13
A007193,L02090,email_click,2026-09-11
A007194,L02091,call,2026-09-22
A007195,L02092,demo_request,2026-08-28
A007196,L02092,call,2026-09-09
A007197,L02092,email_click,2026-09-05
A007198,L02093,email_click,2026-08-01
A007199,L02093,pricing_page_visit,2026-09-26
A007200,L02094,pricing_page_visit,2026-08-20
A007201,L02095,demo_request,2026-09-19
A007202,L02095,meeting,2026-08-16
A007203,L02095,pricing_page_visit,2026-09-12
A007204,L02096,email_open,2026-09-11
A007205,L02096,email_click,2026-07-29
A007206,L02096,email_open,2026-08-31
A007207,L02097,email_click,2026-09-21
A007208,L02097,call,2026-09-12
A007209,L02098,call,2026-09-09
A007210,L02098,call,2026-09-20
A007211,L02098,call,2026-09-16
A007212,L02098,pricing_page_visit,2026-08-18
A007213,L02099,email_click,2026-08-03
A007214,L02099,meeting,2026-08-14
A007215,L02099,call,2026-08-14
A007216,L02100,email_open,2026-09-18
A007217,L02100,email_open,2026-08-10
A007218,L02100,email_open,2026-08-01
A007219,L02101,call,2026-08-13
A007220,L02102,email_open,2026-09-20
A007221,L02103,demo_request,2026-08-23
A007222,L02103,email_open,2026-08-18
A007223,L02103,email_open,2026-08-23
A007224,L02103,email_open,2026-08-26
A007225,L02104,email_click,2026-09-26
A007226,L02104,demo_request,2026-08-22
A007227,L02104,email_open,2026-08-24
A007228,L02105,email_click,2026-08-03
A007229,L02105,email_open,2026-08-10
A007230,L02105,email_open,2026-09-12
A007231,L02106,call,2026-08-21
A007232,L02106,email_open,2026-09-07
A007233,L02107,email_open,2026-09-03
A007234,L02107,email_open,2026-09-10
A007235,L02108,call,2026-08-03
A007236,L02108,email_open,2026-08-27
A007237,L02108,email_open,2026-08-13
A007238,L02108,meeting,2026-09-02
A007239,L02109,call,2026-09-25
A007240,L02109,meeting,2026-08-24
A007241,L02110,email_click,2026-08-19
A007242,L02110,email_open,2026-08-08
A007243,L02110,email_open,2026-07-31
A007244,L02110,email_open,2026-09-06
A007245,L02111,call,2026-08-31
A007246,L02111,call,2026-08-16
A007247,L02112,email_click,2026-07-30
A007248,L02112,email_open,2026-09-19
A007249,L02112,email_click,2026-08-13
A007250,L02113,demo_request,2026-08-24
A007251,L02113,meeting,2026-09-11
A007252,L02113,call,2026-09-18
A007253,L02113,email_open,2026-08-23
A007254,L02114,call,2026-09-07
A007255,L02115,email_open,2026-09-04
A007256,L02115,email_open,2026-07-30
A007257,L02115,pricing_page_visit,2026-09-20
A007258,L02116,demo_request,2026-08-05
A007259,L02117,email_click,2026-08-08
A007260,L02117,email_click,2026-08-09
A007261,L02117,email_open,2026-08-30
A007262,L02118,email_open,2026-08-31
A007263,L02118,email_open,2026-09-25
A007264,L02119,email_click,2026-08-04
A007265,L02119,email_click,2026-09-22
A007266,L02119,email_click,2026-08-14
A007267,L02120,email_open,2026-09-17
A007268,L02120,email_open,2026-08-19
A007269,L02121,pricing_page_visit,2026-09-12
A007270,L02122,email_open,2026-09-07
A007271,L02122,call,2026-07-30
A007272,L02122,meeting,2026-08-21
A007273,L02122,pricing_page_visit,2026-09-25
A007274,L02123,email_click,2026-08-26
A007275,L02123,email_open,2026-08-10
A007276,L02123,call,2026-08-19
A007277,L02124,email_open,2026-09-14
A007278,L02125,meeting,2026-08-24
A007279,L02125,call,2026-09-14
A007280,L02125,email_open,2026-08-31
A007281,L02125,email_click,2026-07-28
A007282,L02126,meeting,2026-08-28
A007283,L02126,email_open,2026-08-19
A007284,L02126,email_open,2026-07-29
A007285,L02126,pricing_page_visit,2026-08-12
A007286,L02127,meeting,2026-08-23
A007287,L02127,pricing_page_visit,2026-08-15
A007288,L02127,pricing_page_visit,2026-09-20
A007289,L02127,pricing_page_visit,2026-09-10
A007290,L02128,email_open,2026-09-05
A007291,L02128,email_open,2026-08-30
A007292,L02128,email_open,2026-09-08
A007293,L02128,call,2026-08-23
A007294,L02129,meeting,2026-09-19
A007295,L02129,meeting,2026-09-14
A007296,L02130,email_open,2026-09-09
A007297,L02131,meeting,2026-09-07
A007298,L02132,call,2026-07-29
A007299,L02132,call,2026-09-13
A007300,L02132,email_open,2026-09-16
A007301,L02133,call,2026-09-07
A007302,L02133,email_open,2026-08-25
A007303,L02133,email_open,2026-07-31
A007304,L02134,email_open,2026-08-19
A007305,L02134,email_open,2026-08-31
A007306,L02134,email_open,2026-08-28
A007307,L02135,pricing_page_visit,2026-08-11
A007308,L02136,email_open,2026-08-09
A007309,L02136,email_open,2026-08-12
A007310,L02136,call,2026-09-01
A007311,L02137,email_open,2026-09-25
A007312,L02138,email_open,2026-08-30
A007313,L02138,call,2026-08-04
A007314,L02138,call,2026-08-14
A007315,L02139,email_open,2026-09-19
A007316,L02139,email_click,2026-08-23
A007317,L02140,pricing_page_visit,2026-08-12
A007318,L02140,email_open,2026-08-10
A007319,L02141,email_click,2026-08-13
A007320,L02141,email_open,2026-09-18
A007321,L02141,call,2026-08-08
A007322,L02142,email_open,2026-07-31
A007323,L02143,email_open,2026-09-21
A007324,L02143,meeting,2026-08-11
A007325,L02143,email_open,2026-08-06
A007326,L02144,email_open,2026-08-23
A007327,L02144,email_click,2026-07-29
A007328,L02144,call,2026-08-28
A007329,L02145,pricing_page_visit,2026-08-21
A007330,L02145,email_open,2026-08-19
A007331,L02146,pricing_page_visit,2026-09-07
A007332,L02147,email_open,2026-09-25
A007333,L02148,pricing_page_visit,2026-09-19
A007334,L02149,pricing_page_visit,2026-09-14
A007335,L02149,email_open,2026-09-21
A007336,L02150,email_open,2026-08-15
A007337,L02150,email_open,2026-08-11
A007338,L02151,email_click,2026-09-25
A007339,L02151,pricing_page_visit,2026-08-06
A007340,L02152,email_click,2026-08-28
A007341,L02152,email_open,2026-09-22
A007342,L02153,email_open,2026-08-07
A007343,L02153,email_open,2026-08-07
A007344,L02153,email_click,2026-09-03
A007345,L02154,pricing_page_visit,2026-08-16
A007346,L02154,email_click,2026-08-12
A007347,L02155,email_open,2026-08-04
A007348,L02155,email_open,2026-08-25
A007349,L02155,call,2026-09-10
A007350,L02156,email_click,2026-09-22
A007351,L02156,email_open,2026-08-15
A007352,L02156,pricing_page_visit,2026-08-29
A007353,L02156,pricing_page_visit,2026-08-14
A007354,L02157,email_click,2026-09-13
A007355,L02158,email_open,2026-08-08
A007356,L02158,email_open,2026-07-31
A007357,L02159,email_open,2026-08-19
A007358,L02159,email_open,2026-09-16
A007359,L02159,email_click,2026-09-06
A007360,L02160,email_click,2026-08-05
A007361,L02161,email_open,2026-08-05
A007362,L02162,email_open,2026-07-30
A007363,L02163,call,2026-09-25
A007364,L02163,email_open,2026-08-01
A007365,L02163,email_click,2026-09-03
A007366,L02163,email_open,2026-08-30
A007367,L02164,email_click,2026-09-24
A007368,L02164,email_open,2026-08-16
A007369,L02164,email_open,2026-08-07
A007370,L02165,email_click,2026-09-08
A007371,L02165,meeting,2026-08-26
A007372,L02165,email_open,2026-09-15
A007373,L02166,email_open,2026-09-20
A007374,L02166,call,2026-08-18
A007375,L02166,email_click,2026-08-12
A007376,L02167,email_open,2026-09-14
A007377,L02168,email_open,2026-08-17
A007378,L02169,email_click,2026-08-10
A007379,L02170,meeting,2026-09-21
A007380,L02171,pricing_page_visit,2026-08-05
A007381,L02171,email_open,2026-07-29
A007382,L02171,email_click,2026-09-22
A007383,L02171,call,2026-09-17
A007384,L02172,call,2026-08-13
A007385,L02172,email_click,2026-09-17
A007386,L02172,call,2026-07-31
A007387,L02173,email_click,2026-08-24
A007388,L02173,email_open,2026-09-05
A007389,L02173,email_open,2026-09-11
A007390,L02173,email_open,2026-08-26
A007391,L02174,email_open,2026-09-26
A007392,L02174,email_open,2026-08-03
A007393,L02174,email_open,2026-08-21
A007394,L02175,meeting,2026-08-11
A007395,L02176,call,2026-08-14
A007396,L02176,pricing_page_visit,2026-08-05
A007397,L02176,email_open,2026-09-03
A007398,L02176,demo_request,2026-09-21
A007399,L02177,email_open,2026-09-02
A007400,L02178,email_click,2026-08-16
A007401,L02179,call,2026-08-04
A007402,L02179,email_open,2026-09-26
A007403,L02179,meeting,2026-08-15
A007404,L02179,email_open,2026-08-09
A007405,L02180,pricing_page_visit,2026-08-24
A007406,L02180,call,2026-09-02
A007407,L02180,email_open,2026-08-01
A007408,L02181,demo_request,2026-09-16
A007409,L02182,email_open,2026-08-18
A007410,L02182,email_open,2026-09-13
A007411,L02183,email_open,2026-09-26
A007412,L02183,email_click,2026-09-24
A007413,L02183,email_open,2026-08-05
A007414,L02183,email_open,2026-08-05
A007415,L02184,meeting,2026-09-19
A007416,L02184,meeting,2026-09-05
A007417,L02185,email_open,2026-09-02
A007418,L02185,pricing_page_visit,2026-08-19
A007419,L02185,email_open,2026-08-02
A007420,L02186,email_click,2026-08-10
A007421,L02187,email_click,2026-08-09
A007422,L02188,demo_request,2026-09-09
A007423,L02188,pricing_page_visit,2026-09-11
A007424,L02189,email_click,2026-09-25
A007425,L02189,email_click,2026-08-12
A007426,L02190,call,2026-09-19
A007427,L02190,email_click,2026-08-11
A007428,L02190,email_open,2026-08-14
A007429,L02190,email_open,2026-08-29
A007430,L02191,call,2026-08-11
A007431,L02191,pricing_page_visit,2026-08-20
A007432,L02191,pricing_page_visit,2026-08-21
A007433,L02191,call,2026-08-20
A007434,L02192,email_click,2026-08-09
A007435,L02193,email_open,2026-08-07
A007436,L02193,demo_request,2026-08-14
A007437,L02193,email_open,2026-08-11
A007438,L02194,call,2026-07-29
A007439,L02195,call,2026-08-23
A007440,L02196,email_open,2026-09-25
A007441,L02196,email_click,2026-08-06
A007442,L02196,email_open,2026-09-16
A007443,L02196,email_open,2026-09-21
A007444,L02197,email_click,2026-09-06
A007445,L02197,email_open,2026-08-31
A007446,L02197,call,2026-08-03
A007447,L02198,email_click,2026-08-20
A007448,L02198,email_open,2026-09-09
A007449,L02198,meeting,2026-09-01
A007450,L02199,email_click,2026-09-04
A007451,L02200,email_click,2026-08-21
A007452,L02200,call,2026-08-01
A007453,L02201,demo_request,2026-09-13
A007454,L02201,call,2026-09-22
A007455,L02201,pricing_page_visit,2026-09-09
A007456,L02201,email_open,2026-09-23
A007457,L02201,email_open,2026-09-08
A007458,L02201,email_click,2026-09-17
A007459,L02201,email_open,2026-09-09
A007460,L02202,pricing_page_visit,2026-09-16
A007461,L02202,demo_request,2026-09-16
A007462,L02202,meeting,2026-09-15
A007463,L02202,email_open,2026-09-07
A007464,L02202,email_click,2026-09-11
A007465,L02202,email_click,2026-09-08
A007466,L02202,email_click,2026-09-12
A007467,L02203,demo_request,2026-09-09
A007468,L02203,call,2026-09-18
A007469,L02203,email_open,2026-09-13
A007470,L02203,email_open,2026-09-15
A007471,L02203,email_open,2026-09-05
A007472,L02203,email_open,2026-09-14
A007473,L02204,call,2026-09-20
A007474,L02204,meeting,2026-09-12
A007475,L02204,email_open,2026-09-21
A007476,L02204,email_open,2026-09-23
A007477,L02204,email_open,2026-09-16
A007478,L02204,email_open,2026-09-07
A007479,L02205,meeting,2026-09-10
A007480,L02205,pricing_page_visit,2026-09-15
A007481,L02205,email_open,2026-09-22
A007482,L02206,call,2026-09-07
A007483,L02206,demo_request,2026-09-26
A007484,L02206,meeting,2026-09-11
A007485,L02206,email_open,2026-09-06
A007486,L02206,email_click,2026-09-15
A007487,L02207,pricing_page_visit,2026-09-06
A007488,L02207,demo_request,2026-09-23
A007489,L02207,call,2026-09-10
A007490,L02207,email_open,2026-09-22
A007491,L02208,meeting,2026-09-16
A007492,L02208,call,2026-09-05
A007493,L02208,email_click,2026-09-10
A007494,L02209,meeting,2026-09-11
A007495,L02209,call,2026-09-21
A007496,L02209,email_click,2026-09-05
A007497,L02209,email_open,2026-09-19
A007498,L02210,meeting,2026-09-05
A007499,L02210,call,2026-09-18
A007500,L02210,email_click,2026-09-14
A007501,L02210,email_click,2026-09-22
A007502,L02211,pricing_page_visit,2026-09-23
A007503,L02211,call,2026-09-21
A007504,L02211,meeting,2026-09-18
A007505,L02211,email_click,2026-09-25
A007506,L02211,email_open,2026-09-21
A007507,L02211,email_click,2026-09-20
A007508,L02212,pricing_page_visit,2026-09-06
A007509,L02212,call,2026-09-22
A007510,L02212,demo_request,2026-09-14
A007511,L02212,email_open,2026-09-15
A007512,L02212,email_click,2026-09-25
A007513,L02213,demo_request,2026-09-06
A007514,L02213,meeting,2026-09-19
A007515,L02213,email_open,2026-09-24
A007516,L02214,meeting,2026-09-06
A007517,L02214,demo_request,2026-09-15
A007518,L02214,email_open,2026-09-23
A007519,L02215,demo_request,2026-09-24
A007520,L02215,meeting,2026-09-07
A007521,L02215,email_click,2026-09-22
A007522,L02215,email_click,2026-09-16
A007523,L02215,email_click,2026-09-18
A007524,L02216,demo_request,2026-09-23
A007525,L02216,call,2026-09-15
A007526,L02216,meeting,2026-09-19
A007527,L02216,email_open,2026-09-11
A007528,L02216,email_click,2026-09-11
A007529,L02216,email_click,2026-09-14
A007530,L02217,demo_request,2026-09-13
A007531,L02217,meeting,2026-09-18
A007532,L02217,pricing_page_visit,2026-09-25
A007533,L02217,email_open,2026-09-18
A007534,L02218,meeting,2026-09-09
A007535,L02218,demo_request,2026-09-19
A007536,L02218,email_click,2026-09-12
A007537,L02218,email_click,2026-09-16
A007538,L02219,pricing_page_visit,2026-09-08
A007539,L02219,meeting,2026-09-15
A007540,L02219,email_open,2026-09-22
A007541,L02220,call,2026-09-22
A007542,L02220,demo_request,2026-09-19
A007543,L02220,email_open,2026-09-08
A007544,L02221,call,2026-09-11
A007545,L02221,pricing_page_visit,2026-09-05
A007546,L02221,meeting,2026-09-06
A007547,L02221,email_open,2026-09-13
A007548,L02222,call,2026-09-25
A007549,L02222,pricing_page_visit,2026-09-07
A007550,L02222,demo_request,2026-09-22
A007551,L02222,email_open,2026-09-14
A007552,L02222,email_click,2026-09-25
A007553,L02223,call,2026-09-18
A007554,L02223,demo_request,2026-09-24
A007555,L02223,email_open,2026-09-15
A007556,L02224,call,2026-09-24
A007557,L02224,demo_request,2026-09-07
A007558,L02224,email_open,2026-09-16
A007559,L02224,email_open,2026-09-15
A007560,L02224,email_click,2026-09-18
A007561,L02224,email_open,2026-09-16
A007562,L02225,call,2026-09-19
A007563,L02225,meeting,2026-09-09
A007564,L02225,email_open,2026-09-05
A007565,L02225,email_open,2026-09-23
A007566,L02225,email_open,2026-09-17
A007567,L02225,email_click,2026-09-17
A007568,L02226,meeting,2026-09-07
A007569,L02226,call,2026-09-07
A007570,L02226,pricing_page_visit,2026-09-15
A007571,L02226,email_open,2026-09-20
A007572,L02227,meeting,2026-09-24
A007573,L02227,demo_request,2026-09-08
A007574,L02227,pricing_page_visit,2026-09-07
A007575,L02227,email_click,2026-09-15
A007576,L02227,email_click,2026-09-10
A007577,L02228,call,2026-09-12
A007578,L02228,meeting,2026-09-10
A007579,L02228,email_open,2026-09-12
A007580,L02228,email_click,2026-09-21
A007581,L02229,pricing_page_visit,2026-09-11
A007582,L02229,meeting,2026-09-20
A007583,L02229,email_open,2026-09-08
A007584,L02229,email_click,2026-09-18
A007585,L02230,call,2026-09-12
A007586,L02230,meeting,2026-09-19
A007587,L02230,email_open,2026-09-21
A007588,L02230,email_click,2026-09-07
A007589,L02231,email_open,2026-06-16
A007590,L02232,meeting,2026-09-15
A007591,L02232,pricing_page_visit,2026-09-07
A007592,L02232,call,2026-09-11
A007593,L02232,email_open,2026-09-21
A007594,L02232,email_click,2026-09-22
A007595,L02233,email_open,2026-09-12
A007596,L02233,email_open,2026-09-07
A007597,L02233,email_open,2026-09-10
A007598,L02233,email_open,2026-09-11
A007599,L02233,email_open,2026-09-19
A007600,L02233,email_open,2026-09-21
A007601,L02233,email_open,2026-09-26
A007602,L02233,email_open,2026-09-25
A007603,L02233,email_open,2026-09-25
A007604,L02233,email_open,2026-09-09
A007605,L02233,email_open,2026-09-26
A007606,L02233,email_open,2026-09-14
A007607,L02233,email_open,2026-09-21
A007608,L02233,email_open,2026-09-19
A007609,L02233,email_click,2026-09-21
A007610,L02234,email_open,2026-08-14
A007611,L02234,call,2026-07-31
A007612,L02235,email_open,2026-07-07
A007613,L02236,meeting,2026-09-25
A007614,L02236,pricing_page_visit,2026-09-26
A007615,L02236,call,2026-09-23
A007616,L02236,email_open,2026-09-23
A007617,L02236,email_click,2026-09-07
A007618,L02237,email_open,2026-09-23
A007619,L02237,email_open,2026-09-06
A007620,L02237,email_open,2026-09-20
A007621,L02237,email_open,2026-09-17
A007622,L02237,email_open,2026-09-16
A007623,L02237,email_open,2026-09-16
A007624,L02237,email_open,2026-09-13
A007625,L02237,email_open,2026-09-18
A007626,L02237,email_open,2026-09-26
A007627,L02237,email_open,2026-09-15
A007628,L02237,email_open,2026-09-18
A007629,L02237,email_click,2026-09-17
A007630,L02238,email_open,2026-07-28
A007631,L02238,call,2026-07-26
A007632,L02239,email_open,2026-07-10
A007633,L02240,meeting,2026-09-18
A007634,L02240,pricing_page_visit,2026-09-07
A007635,L02240,call,2026-09-14
A007636,L02240,email_open,2026-09-26
A007637,L02240,email_click,2026-09-19
A007638,L02241,email_open,2026-09-25
A007639,L02241,email_open,2026-09-18
A007640,L02241,email_open,2026-09-09
A007641,L02241,email_open,2026-09-20
A007642,L02241,email_open,2026-09-21
A007643,L02241,email_open,2026-09-20
A007644,L02241,email_open,2026-09-10
A007645,L02241,email_open,2026-09-15
A007646,L02241,email_open,2026-09-23
A007647,L02241,email_open,2026-09-08
A007648,L02241,email_click,2026-09-12
A007649,L02242,email_open,2026-07-30
A007650,L02242,call,2026-06-30
A007651,L02243,email_open,2026-07-25
A007652,L02244,meeting,2026-09-13
A007653,L02244,pricing_page_visit,2026-09-07
A007654,L02244,call,2026-09-06
A007655,L02244,email_open,2026-09-24
A007656,L02244,email_click,2026-09-05
A007657,L02245,email_open,2026-09-15
A007658,L02245,email_open,2026-09-22
A007659,L02245,email_open,2026-09-20
A007660,L02245,email_open,2026-09-14
A007661,L02245,email_open,2026-09-09
A007662,L02245,email_open,2026-09-21
A007663,L02245,email_open,2026-09-07
A007664,L02245,email_open,2026-09-07
A007665,L02245,email_open,2026-09-24
A007666,L02245,email_open,2026-09-05
A007667,L02245,email_open,2026-09-09
A007668,L02245,email_open,2026-09-06
A007669,L02245,email_open,2026-09-17
A007670,L02245,email_click,2026-09-20
A007671,L02246,email_open,2026-07-14
A007672,L02246,call,2026-07-10
