deal_id,lead_id,deal_name,amount_usd,stage,expected_close_date,last_stage_change
D00001,L00001,Pratt - Platform,8900,Qualified,2026-11-07,2026-05-30
D00002,L00002,D’Alia - Enterprise,7800,Negotiation,2026-08-17,2026-07-31
D00003,L00004,Naik - Enterprise,21400,New,2026-12-01,2026-08-25
D00004,L00005,Santiago - Enterprise,11700,New,2027-01-14,2026-09-13
D00005,L00005,Santiago - Enterprise,13100,Negotiation,2026-09-09,2026-06-16
D00006,L00006,Bahl - Renewal,10800,Closed Lost,2026-04-03,2026-07-23
D00007,L00008,Bhasin - Renewal,24600,Closed Lost,2026-07-06,2026-08-09
D00008,L00009,Tripathi - Enterprise,19300,Proposal Sent,2026-11-30,2026-08-07
D00009,L00010,Williams - Expansion,36700,New,2026-12-14,2026-06-05
D00010,L00010,Williams - Pilot,63300,Qualified,2026-11-14,2026-08-27
D00011,L00012,Price - Pilot,22000,Demo Scheduled,2026-10-22,2026-09-20
D00012,L00013,Rodriguez - Renewal,17400,Demo Scheduled,2026-08-27,2026-05-21
D00013,L00013,Rodriguez - Enterprise,29900,Qualified,2026-11-08,2026-09-22
D00014,L00014,Brahmbhatt - Platform,24200,Demo Scheduled,2026-09-02,2026-07-30
D00015,L00016,Sachdeva - Expansion,5800,New,2026-11-05,2026-06-03
D00016,L00019,Mendoza - Pilot,3800,Negotiation,2026-12-08,2026-07-04
D00017,L00025,Andersen - Enterprise,24300,Qualified,2027-01-03,2026-09-21
D00018,L00027,Varma - Enterprise,26400,Closed Won,2026-03-18,2026-05-10
D00019,L00028,Smith - Pilot,8100,Proposal Sent,2026-10-10,2026-05-17
D00020,L00030,Parker - Enterprise,24500,Qualified,2026-11-20,2026-09-16
D00021,L00032,Stewart - Enterprise,14000,Closed Lost,2026-05-09,2026-08-06
D00022,L00033,Dean - Renewal,3700,New,2027-01-01,2026-09-09
D00023,L00036,Johnson - Enterprise,22100,Demo Scheduled,2026-09-04,2026-05-21
D00024,L00036,Johnson - Pilot,9300,Negotiation,2026-09-05,2026-05-22
D00025,L00038,Moore - Renewal,36200,Negotiation,2026-07-28,2026-07-27
D00026,L00039,Baker - Expansion,34400,Closed Lost,2026-08-26,2026-07-03
D00027,L00042,Palmer - Pilot,34600,New,2026-12-13,2026-06-22
D00028,L00043,Prabhakar - Renewal,21500,Closed Lost,2026-06-18,2026-06-27
D00029,L00046,Russell - Enterprise,201000,Proposal Sent,2026-08-31,2026-06-17
D00030,L00048,Chand - Platform,13400,Proposal Sent,2026-12-21,2026-09-05
D00031,L00051,Bassi - Pilot,47700,Negotiation,2026-11-28,2026-08-14
D00032,L00053,Martin - Expansion,22200,Closed Won,2026-05-05,2026-06-23
D00033,L00054,Nair - Expansion,17600,Proposal Sent,2026-11-05,2026-06-19
D00034,L00057,Osborn - Expansion,34400,Negotiation,2027-01-18,2026-08-07
D00035,L00058,Medina - Enterprise,88700,Closed Won,2026-07-19,2026-08-14
D00036,L00059,Karpe - Platform,6500,Proposal Sent,2026-10-04,2026-06-17
D00037,L00060,Ward - Expansion,33900,Qualified,2026-08-24,2026-08-01
D00038,L00062,Nash - Enterprise,16000,Closed Won,2026-07-09,2026-09-21
D00039,L00064,Tripathi - Platform,4200,Negotiation,2027-01-08,2026-09-03
D00040,L00065,Jani - Enterprise,34000,New,2026-11-03,2026-05-05
D00041,L00066,Kota - Expansion,13600,Negotiation,2026-07-29,2026-05-17
D00042,L00067,Zachariah - Expansion,49800,Demo Scheduled,2026-09-01,2026-06-08
D00043,L00068,Soni - Enterprise,10600,Closed Won,2026-08-06,2026-05-11
D00044,L00069,Gallagher - Renewal,34500,Closed Won,2026-04-14,2026-07-16
D00045,L00070,Walsh - Expansion,35200,Negotiation,2026-11-13,2026-07-14
D00046,L00071,Jones - Platform,15200,Qualified,2027-01-01,2026-08-22
D00047,L00073,Vaughan - Expansion,30300,New,2026-10-14,2026-07-28
D00048,L00074,Sachdev - Expansion,5600,New,2026-08-26,2026-09-17
D00049,L00075,Hayward - Platform,11300,Proposal Sent,2026-09-12,2026-05-15
D00050,L00075,Hayward - Renewal,17500,Proposal Sent,2026-11-03,2026-07-31
D00051,L00076,Welch - Renewal,11700,Negotiation,2026-10-10,2026-08-14
D00052,L00076,Welch - Pilot,1700,Closed Lost,2026-05-22,2026-05-09
D00053,L00078,Taylor - Pilot,10500,Qualified,2026-08-13,2026-09-24
D00054,L00081,Cox - Pilot,13900,Closed Lost,2026-07-21,2026-08-04
D00055,L00083,Barad - Renewal,18600,Proposal Sent,2026-11-25,2026-06-01
D00056,L00084,Riley - Renewal,6000,Closed Lost,2026-07-10,2026-06-25
D00057,L00086,Kakar - Platform,8800,Demo Scheduled,2026-12-21,2026-05-18
D00058,L00090,Bumb - Platform,19700,Negotiation,2026-11-05,2026-06-05
D00059,L00093,Divan - Renewal,92200,Negotiation,2026-09-16,2026-05-04
D00060,L00093,Divan - Platform,13000,Negotiation,2026-09-13,2026-05-01
D00061,L00096,Bassi - Renewal,69400,Closed Lost,2026-04-04,2026-04-29
D00062,L00096,Bassi - Pilot,19800,New,2026-10-13,2026-08-14
D00063,L00097,Davies - Enterprise,59500,Negotiation,2026-09-28,2026-07-06
D00064,L00099,Conley - Renewal,1800,New,2027-01-09,2026-07-13
D00065,L00099,Conley - Enterprise,2600,Qualified,2026-08-02,2026-05-01
D00066,L00104,Jones - Renewal,16100,Proposal Sent,2026-12-24,2026-07-03
D00067,L00104,Jones - Renewal,27700,Qualified,2026-12-27,2026-07-04
D00068,L00105,Hussain - Platform,7400,New,2026-08-04,2026-09-12
D00069,L00106,Kala - Expansion,39600,New,2026-08-08,2026-05-29
D00070,L00107,Long - Expansion,26900,Qualified,2026-09-19,2026-07-27
D00071,L00107,Long - Platform,14900,Proposal Sent,2026-11-05,2026-05-02
D00072,L00110,Frazier - Pilot,68600,Qualified,2026-09-07,2026-09-02
D00073,L00111,Ramirez - Enterprise,56600,Negotiation,2026-09-08,2026-09-02
D00074,L00112,Brown - Pilot,80800,Qualified,2026-12-05,2026-05-28
D00075,L00112,Brown - Enterprise,18000,New,2027-01-19,2026-08-27
D00076,L00113,Taylor - Platform,10800,Proposal Sent,2026-09-04,2026-05-31
D00077,L00114,Kanda - Platform,6900,New,2026-12-30,2026-08-30
D00078,L00115,Booth - Platform,13300,New,2027-01-02,2026-05-13
D00079,L00118,Moody - Pilot,15300,New,2026-12-21,2026-05-11
D00080,L00119,Barnes - Expansion,29000,Demo Scheduled,2027-01-14,2026-07-15
D00081,L00120,Cooke - Renewal,22500,Qualified,2026-12-17,2026-07-01
D00082,L00123,Davison - Renewal,28800,New,2026-10-09,2026-06-24
D00083,L00125,Clarke - Platform,32800,Closed Won,2026-03-26,2026-05-03
D00084,L00125,Clarke - Enterprise,17900,Proposal Sent,2026-08-29,2026-09-01
D00085,L00126,Gutierrez - Pilot,15000,New,2026-10-06,2026-07-04
D00086,L00126,Gutierrez - Expansion,28700,Proposal Sent,2026-11-04,2026-09-19
D00087,L00127,Jenkins - Pilot,56900,Closed Lost,2026-09-25,2026-06-25
D00088,L00129,Mcguire - Enterprise,25100,Qualified,2026-09-08,2026-09-04
D00089,L00129,Mcguire - Platform,15400,Demo Scheduled,2026-12-26,2026-07-15
D00090,L00130,Taylor - Pilot,89600,Qualified,2026-10-02,2026-09-24
D00091,L00131,Doyle - Platform,5500,New,2026-08-12,2026-06-14
D00092,L00135,Dube - Enterprise,5400,Closed Lost,2026-05-27,2026-06-28
D00093,L00135,Dube - Pilot,45200,Demo Scheduled,2026-11-13,2026-08-29
D00094,L00136,Baldwin - Platform,8600,Demo Scheduled,2026-07-28,2026-06-12
D00095,L00138,Mcgee - Renewal,6100,Qualified,2026-08-20,2026-05-09
D00096,L00138,Mcgee - Expansion,16400,New,2026-08-21,2026-09-18
D00097,L00140,Mallick - Platform,16300,Negotiation,2026-11-23,2026-05-30
D00098,L00142,Douglas - Expansion,17700,Closed Won,2026-05-22,2026-06-15
D00099,L00143,Dube - Renewal,6300,New,2026-12-19,2026-05-13
D00100,L00145,Wall - Platform,6300,Proposal Sent,2026-12-02,2026-07-02
D00101,L00145,Wall - Pilot,21900,Qualified,2027-01-15,2026-06-05
D00102,L00149,Wason - Platform,22500,New,2026-12-24,2026-05-27
D00103,L00150,Nair - Renewal,15200,Closed Lost,2026-06-21,2026-07-03
D00104,L00152,Kapur - Renewal,27100,Closed Won,2026-03-22,2026-08-25
D00105,L00154,Stark - Enterprise,23700,Proposal Sent,2026-12-14,2026-09-25
D00106,L00155,Sathe - Platform,6800,Qualified,2026-09-10,2026-09-16
D00107,L00157,Acosta - Enterprise,19700,Closed Lost,2026-06-19,2026-07-30
D00108,L00157,Acosta - Renewal,28000,Negotiation,2026-09-16,2026-06-11
D00109,L00158,Butler - Platform,6200,New,2026-11-02,2026-09-13
D00110,L00159,Chavez - Expansion,15900,Qualified,2026-09-10,2026-05-17
D00111,L00165,Brar - Pilot,9500,New,2026-10-03,2026-08-13
D00112,L00166,Hughes - Platform,32600,New,2026-09-06,2026-07-21
D00113,L00166,Hughes - Platform,4900,New,2026-12-14,2026-05-02
D00114,L00167,Brown - Platform,38900,Closed Lost,2026-04-07,2026-07-13
D00115,L00167,Brown - Platform,43200,Closed Lost,2026-07-18,2026-08-21
D00116,L00168,Santiago - Enterprise,23800,Demo Scheduled,2026-10-27,2026-05-02
D00117,L00171,Bryant - Platform,12200,Proposal Sent,2026-08-12,2026-05-27
D00118,L00172,Sehgal - Pilot,14700,Closed Won,2026-04-25,2026-06-14
D00119,L00173,Sathe - Renewal,34700,Closed Lost,2026-07-18,2026-08-14
D00120,L00175,Stewart - Enterprise,89400,Demo Scheduled,2026-11-05,2026-09-13
D00121,L00176,Smith - Expansion,20700,Qualified,2026-08-27,2026-06-08
D00122,L00177,Tiwari - Enterprise,20600,New,2026-10-08,2026-06-21
D00123,L00178,Walker - Renewal,4600,Proposal Sent,2027-01-12,2026-06-10
D00124,L00178,Walker - Enterprise,11800,Negotiation,2026-10-08,2026-07-20
D00125,L00180,Welch - Pilot,20000,Demo Scheduled,2026-10-15,2026-08-20
D00126,L00181,Mani - Renewal,8300,Proposal Sent,2026-09-28,2026-09-25
D00127,L00182,Martin - Enterprise,26700,Qualified,2026-11-07,2026-09-15
D00128,L00184,Davies - Enterprise,14700,Demo Scheduled,2026-09-04,2026-06-09
D00129,L00185,Anderson - Pilot,5700,New,2026-08-15,2026-08-15
D00130,L00189,Lee - Platform,7000,Demo Scheduled,2026-11-09,2026-05-06
D00131,L00190,Fields - Platform,48500,Qualified,2027-01-23,2026-07-16
D00132,L00190,Fields - Pilot,6900,Negotiation,2026-12-01,2026-06-08
D00133,L00191,Roy - Expansion,3400,Closed Won,2026-09-04,2026-06-11
D00134,L00192,Bhatt - Platform,29100,Demo Scheduled,2026-11-28,2026-07-21
D00135,L00195,Morar - Renewal,15800,Proposal Sent,2026-07-28,2026-09-01
D00136,L00196,Silva - Platform,187000,Qualified,2026-12-07,2026-06-21
D00137,L00196,Silva - Renewal,26600,Closed Lost,2026-07-27,2026-07-24
D00138,L00200,Wright - Enterprise,6900,Closed Lost,2026-06-15,2026-07-21
D00139,L00203,Bryant - Pilot,17000,Proposal Sent,2026-12-28,2026-06-20
D00140,L00205,Bali - Renewal,24300,New,2026-08-17,2026-05-11
D00141,L00208,Taylor - Pilot,4100,Qualified,2026-11-10,2026-07-04
D00142,L00208,Taylor - Renewal,17600,Demo Scheduled,2026-08-11,2026-05-02
D00143,L00209,Martinez - Expansion,8900,Qualified,2026-12-23,2026-06-21
D00144,L00212,Todd - Platform,11200,Demo Scheduled,2026-11-10,2026-08-15
D00145,L00212,Todd - Expansion,14900,New,2026-10-15,2026-06-04
D00146,L00213,Ingram - Expansion,18400,Proposal Sent,2026-10-14,2026-06-09
D00147,L00214,Hawkins - Renewal,7700,Qualified,2026-11-08,2026-07-13
D00148,L00215,Gibson - Enterprise,8100,Proposal Sent,2026-12-29,2026-08-26
D00149,L00215,Gibson - Pilot,7000,New,2026-10-11,2026-05-27
D00150,L00216,Tandon - Platform,14900,Closed Won,2026-08-13,2026-08-11
D00151,L00217,Clark - Expansion,20000,New,2026-12-03,2026-06-18
D00152,L00219,Wright - Enterprise,75600,New,2026-12-25,2026-05-22
D00153,L00221,Turner - Expansion,12000,New,2026-12-27,2026-09-22
D00154,L00223,Li - Expansion,81300,Closed Lost,2026-06-22,2026-06-09
D00155,L00224,Pillai - Pilot,19100,Closed Lost,2026-03-23,2026-05-26
D00156,L00225,Wilkinson - Renewal,60400,Qualified,2026-12-25,2026-05-30
D00157,L00225,Wilkinson - Pilot,13600,Proposal Sent,2027-01-06,2026-05-17
D00158,L00226,Davis - Pilot,18800,New,2026-12-17,2026-06-25
D00159,L00229,Chaudhary - Expansion,11200,Negotiation,2026-11-14,2026-05-29
D00160,L00230,Setty - Platform,9000,Closed Won,2026-03-29,2026-06-03
D00161,L00231,Ellis - Platform,8300,Negotiation,2027-01-02,2026-06-16
D00162,L00231,Ellis - Expansion,36100,Closed Won,2026-05-11,2026-08-14
D00163,L00232,Smith - Enterprise,14400,Qualified,2026-12-17,2026-09-07
D00164,L00234,Mane - Platform,23500,Negotiation,2026-08-12,2026-07-24
D00165,L00236,Santiago - Pilot,9900,New,2026-12-30,2026-08-19
D00166,L00237,Jaggi - Expansion,38700,Qualified,2026-09-24,2026-06-16
D00167,L00238,Curtis - Renewal,13500,Proposal Sent,2026-08-14,2026-07-22
D00168,L00239,Dubey - Platform,34100,Qualified,2026-11-14,2026-05-12
D00169,L00242,Gould - Platform,130300,Demo Scheduled,2026-12-16,2026-07-05
D00170,L00243,Barton - Enterprise,18500,New,2026-11-21,2026-05-11
D00171,L00247,Tella - Enterprise,9100,Closed Lost,2026-09-21,2026-08-22
D00172,L00249,King - Renewal,2000,Negotiation,2026-09-30,2026-05-10
D00173,L00249,King - Expansion,10100,Negotiation,2026-11-02,2026-08-04
D00174,L00253,Williams - Pilot,29500,Qualified,2026-08-23,2026-06-17
D00175,L00255,Misra - Enterprise,20100,Closed Lost,2026-07-20,2026-08-19
D00176,L00256,Griffiths - Pilot,29100,New,2026-09-24,2026-06-06
D00177,L00257,Sekhon - Enterprise,32800,Closed Lost,2026-07-18,2026-05-25
D00178,L00259,Andrews - Expansion,14700,Closed Won,2026-04-27,2026-09-10
D00179,L00261,Connolly - Pilot,22800,Closed Lost,2026-08-23,2026-05-18
D00180,L00264,Evans - Renewal,71300,Qualified,2026-10-15,2026-08-31
D00181,L00265,Padmanabhan - Renewal,43000,Negotiation,2026-08-01,2026-08-10
D00182,L00266,Lewis - Enterprise,5800,Closed Lost,2026-09-16,2026-07-03
D00183,L00267,Collins - Renewal,15700,Demo Scheduled,2027-01-15,2026-09-22
D00184,L00269,Vaidya - Platform,11400,Qualified,2026-08-19,2026-07-19
D00185,L00271,Hall - Pilot,14100,Demo Scheduled,2026-12-18,2026-07-12
D00186,L00273,Sullivan - Renewal,45700,New,2026-12-30,2026-05-10
D00187,L00273,Sullivan - Enterprise,74100,Demo Scheduled,2026-12-17,2026-05-28
D00188,L00274,Dube - Expansion,15100,Closed Won,2026-03-28,2026-09-06
D00189,L00274,Dube - Platform,26600,Proposal Sent,2026-11-01,2026-09-20
D00190,L00276,Cooper - Enterprise,36500,Demo Scheduled,2027-01-05,2026-08-09
D00191,L00277,Lamb - Platform,97600,Closed Lost,2026-07-29,2026-09-07
D00192,L00279,Williams - Renewal,17500,Closed Lost,2026-04-09,2026-09-02
D00193,L00281,Mack - Platform,57000,Demo Scheduled,2026-09-13,2026-07-16
D00194,L00282,Baker - Expansion,10000,Closed Lost,2026-06-29,2026-05-26
D00195,L00282,Baker - Platform,11900,Qualified,2026-12-25,2026-07-20
D00196,L00284,Wagner - Expansion,28100,New,2026-12-16,2026-09-14
D00197,L00285,Gonzalez - Pilot,17900,New,2026-12-22,2026-05-01
D00198,L00286,Wood - Pilot,1000,New,2026-11-07,2026-05-31
D00199,L00287,Prabhakar - Pilot,19100,Qualified,2026-11-25,2026-07-04
D00200,L00290,James - Enterprise,3700,New,2026-12-08,2026-06-02
D00201,L00291,Moreno - Renewal,79900,Closed Lost,2026-03-28,2026-06-22
D00202,L00292,Zachariah - Enterprise,43600,New,2026-10-25,2026-09-10
D00203,L00293,Hunt - Pilot,8200,Closed Lost,2026-08-13,2026-09-05
D00204,L00295,Rees - Platform,31900,Qualified,2026-11-17,2026-09-14
D00205,L00296,Santiago - Expansion,13800,Closed Won,2026-08-08,2026-09-03
D00206,L00299,Korpal - Pilot,47100,Negotiation,2026-09-24,2026-06-12
D00207,L00303,Bryant - Renewal,36300,Proposal Sent,2026-10-07,2026-09-03
D00208,L00306,Arora - Expansion,30400,Closed Lost,2026-04-30,2026-09-07
D00209,L00307,Elliott - Enterprise,27500,New,2026-10-26,2026-08-10
D00210,L00308,Atkinson - Renewal,3600,Qualified,2026-10-28,2026-07-26
D00211,L00309,Nigam - Renewal,12100,Demo Scheduled,2026-08-12,2026-06-03
D00212,L00310,Thomas - Expansion,68800,Closed Lost,2026-05-13,2026-05-08
D00213,L00311,Keer - Renewal,69000,Qualified,2026-09-24,2026-06-14
D00214,L00313,Pillai - Renewal,13300,Qualified,2026-11-19,2026-07-02
D00215,L00314,Smith - Pilot,26000,Closed Lost,2026-04-19,2026-09-23
D00216,L00316,Shepherd - Platform,18300,Closed Lost,2026-06-01,2026-09-21
D00217,L00317,Murthy - Renewal,30700,Negotiation,2026-11-18,2026-07-28
D00218,L00318,Sarna - Pilot,24700,Negotiation,2026-08-18,2026-07-07
D00219,L00321,Bowen - Platform,3700,New,2026-11-11,2026-08-10
D00220,L00323,Garrett - Expansion,6500,Demo Scheduled,2027-01-02,2026-05-22
D00221,L00324,Finch - Renewal,21000,Negotiation,2026-08-30,2026-06-27
D00222,L00324,Finch - Expansion,235000,Negotiation,2026-12-26,2026-09-09
D00223,L00325,Loyal - Enterprise,9600,Qualified,2027-01-17,2026-09-22
D00224,L00325,Loyal - Platform,5500,Qualified,2026-12-23,2026-09-17
D00225,L00327,Leonard - Expansion,158400,New,2026-12-13,2026-07-31
D00226,L00329,Quinn - Expansion,30600,Closed Lost,2026-06-09,2026-06-22
D00227,L00331,Lee - Platform,23200,Demo Scheduled,2026-08-15,2026-09-21
D00228,L00332,Sridhar - Platform,6100,Closed Lost,2026-07-28,2026-06-05
D00229,L00332,Sridhar - Pilot,25400,Demo Scheduled,2026-08-08,2026-08-01
D00230,L00335,Palmer - Platform,13200,Closed Won,2026-03-15,2026-08-16
D00231,L00336,Wali - Expansion,8800,Qualified,2027-01-06,2026-07-22
D00232,L00337,Osborn - Renewal,19300,Qualified,2026-08-24,2026-09-10
D00233,L00337,Osborn - Enterprise,26000,Proposal Sent,2027-01-13,2026-07-31
D00234,L00338,Harding - Enterprise,12400,New,2026-08-05,2026-06-26
D00235,L00339,Padmanabhan - Platform,6300,Proposal Sent,2026-09-28,2026-07-31
D00236,L00339,Padmanabhan - Platform,6300,Closed Won,2026-08-14,2026-06-01
D00237,L00340,Jordan - Pilot,3700,Qualified,2026-12-19,2026-06-09
D00238,L00340,Jordan - Platform,9500,Qualified,2026-11-06,2026-08-11
D00239,L00343,Russell - Platform,35600,Qualified,2026-09-13,2026-05-08
D00240,L00344,Ross - Platform,32100,Demo Scheduled,2026-09-09,2026-08-13
D00241,L00345,Watson - Platform,34900,Proposal Sent,2026-11-30,2026-06-06
D00242,L00346,Sanchez - Enterprise,11500,Proposal Sent,2026-09-20,2026-09-05
D00243,L00350,Moore - Platform,12300,New,2027-01-20,2026-09-13
D00244,L00350,Moore - Pilot,15600,Negotiation,2026-10-22,2026-08-01
D00245,L00351,Keer - Enterprise,60600,Proposal Sent,2026-09-05,2026-08-12
D00246,L00351,Keer - Expansion,50700,Closed Won,2026-05-19,2026-09-12
D00247,L00354,Armstrong - Pilot,22100,New,2026-08-10,2026-05-11
D00248,L00354,Armstrong - Pilot,24200,New,2026-09-24,2026-07-23
D00249,L00355,Torres - Pilot,95500,Demo Scheduled,2026-10-07,2026-08-06
D00250,L00360,Khurana - Pilot,10900,Closed Lost,2026-05-19,2026-06-05
D00251,L00361,Kaur - Pilot,14100,Negotiation,2026-08-23,2026-08-23
D00252,L00362,Naidu - Renewal,11200,Qualified,2026-08-09,2026-09-11
D00253,L00362,Naidu - Pilot,59800,Qualified,2026-12-27,2026-05-31
D00254,L00363,Varkey - Pilot,66700,Proposal Sent,2026-09-23,2026-08-15
D00255,L00365,Wall - Enterprise,316400,Demo Scheduled,2026-11-01,2026-08-01
D00256,L00366,Das - Expansion,6000,Qualified,2026-12-13,2026-08-15
D00257,L00367,Davison - Platform,15900,Closed Won,2026-04-30,2026-09-11
D00258,L00368,Hoffman - Renewal,14000,Closed Lost,2026-06-24,2026-09-15
D00259,L00369,Sarna - Enterprise,18600,Closed Lost,2026-03-31,2026-06-25
D00260,L00369,Sarna - Expansion,131300,New,2026-12-23,2026-07-11
D00261,L00371,Anderson - Expansion,22000,Demo Scheduled,2026-09-16,2026-07-30
D00262,L00371,Anderson - Platform,8300,Proposal Sent,2026-10-24,2026-08-14
D00263,L00372,Wall - Pilot,9700,Closed Won,2026-06-16,2026-09-03
D00264,L00373,Lyons - Pilot,83100,Qualified,2026-11-10,2026-07-05
D00265,L00374,Hawkins - Enterprise,19900,New,2026-12-06,2026-08-31
D00266,L00377,Korpal - Enterprise,21500,Negotiation,2026-08-18,2026-07-31
D00267,L00378,Morar - Expansion,8400,Closed Won,2026-04-13,2026-09-11
D00268,L00379,Collins - Pilot,24700,Qualified,2026-10-02,2026-06-24
D00269,L00381,Datta - Expansion,10400,New,2026-10-04,2026-07-19
D00270,L00381,Datta - Renewal,64500,Demo Scheduled,2026-11-21,2026-07-19
D00271,L00385,Bath - Renewal,12300,Demo Scheduled,2026-09-27,2026-07-18
D00272,L00386,Mall - Renewal,9600,Closed Lost,2026-03-26,2026-09-05
D00273,L00386,Mall - Expansion,5700,New,2026-10-09,2026-07-09
D00274,L00387,Moss - Enterprise,13000,Qualified,2026-11-07,2026-07-10
D00275,L00389,Preston - Pilot,2900,New,2026-10-06,2026-08-26
D00276,L00390,Saxena - Platform,31500,New,2026-10-09,2026-07-24
D00277,L00390,Saxena - Renewal,36200,Closed Won,2026-04-19,2026-07-06
D00278,L00392,Rodriguez - Pilot,28200,Demo Scheduled,2026-11-10,2026-08-30
D00279,L00395,Adams - Expansion,7100,Demo Scheduled,2026-12-10,2026-05-08
D00280,L00396,Jani - Expansion,74900,Qualified,2026-09-19,2026-08-11
D00281,L00397,Manda - Renewal,4500,Qualified,2027-01-18,2026-08-15
D00282,L00397,Manda - Platform,29700,Closed Won,2026-08-30,2026-06-30
D00283,L00400,Bera - Enterprise,12800,Demo Scheduled,2026-08-30,2026-06-13
D00284,L00400,Bera - Platform,22800,Qualified,2026-11-24,2026-06-26
D00285,L00404,Smith - Platform,16600,Qualified,2026-12-07,2026-08-24
D00286,L00405,Nelson - Pilot,25300,Qualified,2027-01-13,2026-08-01
D00287,L00407,Chase - Platform,10000,Demo Scheduled,2026-09-08,2026-06-29
D00288,L00408,Shroff - Pilot,30500,Proposal Sent,2026-11-05,2026-05-24
D00289,L00410,Morar - Pilot,3100,Closed Lost,2026-06-08,2026-06-04
D00290,L00411,Vaughan - Enterprise,8900,Closed Lost,2026-08-11,2026-05-27
D00291,L00415,Torres - Renewal,14300,Qualified,2026-09-24,2026-09-17
D00292,L00416,Loke - Renewal,39300,Closed Lost,2026-07-29,2026-08-26
D00293,L00420,Clark - Platform,23100,New,2026-11-30,2026-09-03
D00294,L00422,Garg - Expansion,19300,Closed Lost,2026-09-21,2026-06-14
D00295,L00422,Garg - Renewal,28300,Demo Scheduled,2026-10-19,2026-08-03
D00296,L00427,Reyes - Platform,42000,Closed Lost,2026-07-18,2026-07-13
D00297,L00428,Young - Enterprise,2800,Qualified,2027-01-15,2026-06-27
D00298,L00429,Jones - Expansion,4900,Qualified,2027-01-02,2026-06-18
D00299,L00429,Jones - Renewal,37900,Qualified,2027-01-06,2026-08-27
D00300,L00430,Baker - Expansion,8100,Demo Scheduled,2026-11-30,2026-05-24
D00301,L00432,Nagi - Enterprise,24700,Closed Won,2026-08-24,2026-06-19
D00302,L00433,Fox - Renewal,16900,Proposal Sent,2026-10-09,2026-09-09
D00303,L00434,Saunders - Expansion,9400,Closed Won,2026-03-21,2026-08-12
D00304,L00437,Nori - Platform,26800,Closed Lost,2026-05-17,2026-07-18
D00305,L00437,Nori - Platform,21700,New,2027-01-15,2026-08-02
D00306,L00439,Kala - Platform,17400,Qualified,2026-09-13,2026-08-21
D00307,L00439,Kala - Renewal,17900,New,2026-09-09,2026-09-03
D00308,L00440,Finch - Pilot,35600,Closed Lost,2026-08-03,2026-06-14
D00309,L00441,Bumb - Enterprise,17200,Demo Scheduled,2026-12-19,2026-06-08
D00310,L00441,Bumb - Pilot,3500,Demo Scheduled,2026-11-28,2026-08-09
D00311,L00442,Pillai - Renewal,84000,Negotiation,2026-08-04,2026-05-27
D00312,L00442,Pillai - Expansion,5800,Negotiation,2026-11-12,2026-08-03
D00313,L00447,Kelly - Renewal,13000,Proposal Sent,2027-01-05,2026-05-17
D00314,L00451,Dubey - Platform,22100,New,2026-09-06,2026-09-19
D00315,L00453,Mohanty - Enterprise,53000,Qualified,2026-10-08,2026-07-15
D00316,L00453,Mohanty - Platform,16600,Demo Scheduled,2026-08-09,2026-05-09
D00317,L00455,Estes - Enterprise,16100,Qualified,2026-11-19,2026-09-03
D00318,L00455,Estes - Renewal,51600,Demo Scheduled,2026-09-17,2026-09-17
D00319,L00456,Smith - Pilot,8400,New,2026-11-09,2026-05-28
D00320,L00457,White - Renewal,16200,Closed Lost,2026-08-01,2026-05-04
D00321,L00457,White - Enterprise,26600,Negotiation,2026-09-01,2026-08-04
D00322,L00458,Griffin - Pilot,14300,Proposal Sent,2026-07-30,2026-05-13
D00323,L00459,Desai - Expansion,11500,Negotiation,2026-11-14,2026-07-07
D00324,L00459,Desai - Enterprise,51400,Proposal Sent,2026-12-09,2026-06-28
D00325,L00461,Andrews - Expansion,11900,Qualified,2026-10-20,2026-07-22
D00326,L00461,Andrews - Enterprise,4600,Closed Won,2026-05-27,2026-07-25
D00327,L00463,Biswas - Expansion,39700,Qualified,2026-11-20,2026-05-14
D00328,L00467,Sullivan - Enterprise,13100,New,2026-10-20,2026-05-26
D00329,L00469,Doyle - Platform,37200,New,2026-09-06,2026-09-10
D00330,L00471,Griffiths - Expansion,2200,Closed Won,2026-07-10,2026-06-28
D00331,L00471,Griffiths - Renewal,12300,Qualified,2027-01-05,2026-04-29
D00332,L00472,Anderson - Platform,8800,New,2026-07-30,2026-07-10
D00333,L00473,Allan - Pilot,32200,New,2026-12-31,2026-08-20
D00334,L00476,Anderson - Expansion,20100,Qualified,2026-11-23,2026-08-08
D00335,L00477,Mann - Platform,20900,Proposal Sent,2026-11-25,2026-09-05
D00336,L00481,Quinn - Expansion,29700,Proposal Sent,2026-09-14,2026-07-31
D00337,L00482,Bryant - Expansion,37900,Closed Lost,2026-07-28,2026-06-13
D00338,L00483,Jones - Pilot,11900,New,2026-09-29,2026-07-20
D00339,L00484,Conley - Renewal,31700,New,2026-09-25,2026-06-16
D00340,L00486,Sodhi - Expansion,20900,New,2027-01-10,2026-04-29
D00341,L00488,Pillai - Renewal,2600,Negotiation,2026-11-29,2026-09-11
D00342,L00489,Gaba - Pilot,62600,Closed Lost,2026-04-20,2026-07-16
D00343,L00490,Wright - Pilot,10500,Qualified,2026-10-22,2026-08-17
D00344,L00492,Santiago - Renewal,20400,New,2026-10-20,2026-08-04
D00345,L00494,Harper - Renewal,12800,Qualified,2026-11-09,2026-08-25
D00346,L00496,Keer - Renewal,34200,Demo Scheduled,2026-07-30,2026-05-26
D00347,L00496,Keer - Expansion,3800,Proposal Sent,2026-10-24,2026-08-12
D00348,L00497,Khan - Pilot,20200,Qualified,2026-08-17,2026-05-24
D00349,L00498,Ingram - Platform,7900,Qualified,2026-08-30,2026-09-08
D00350,L00504,Gay - Pilot,13900,Negotiation,2026-09-07,2026-08-30
D00351,L00504,Gay - Renewal,12400,Closed Won,2026-07-09,2026-08-29
D00352,L00508,Sawyer - Enterprise,11600,New,2026-10-28,2026-05-28
D00353,L00510,Miller - Enterprise,34900,New,2026-10-17,2026-06-17
D00354,L00512,Dubey - Pilot,68900,Closed Lost,2026-09-11,2026-08-08
D00355,L00513,Owen - Pilot,6000,Closed Won,2026-04-04,2026-05-17
D00356,L00514,Smith - Renewal,114000,Closed Lost,2026-07-29,2026-09-13
D00357,L00518,Davis - Expansion,79100,Closed Won,2026-07-12,2026-07-30
D00358,L00520,Tandon - Enterprise,1500,Negotiation,2026-09-11,2026-08-28
D00359,L00521,Mohan - Renewal,30000,New,2026-12-01,2026-05-06
D00360,L00522,Keer - Pilot,7400,New,2026-10-10,2026-06-21
D00361,L00525,Buch - Pilot,19400,Closed Won,2026-04-28,2026-07-13
D00362,L00525,Buch - Platform,2700,Qualified,2026-11-18,2026-05-21
D00363,L00526,Williams - Platform,9700,New,2026-11-23,2026-05-19
D00364,L00528,Williams - Renewal,17800,Qualified,2027-01-18,2026-08-10
D00365,L00529,Ahmed - Expansion,15000,New,2026-12-28,2026-06-02
D00366,L00531,Lee - Enterprise,7100,New,2026-10-27,2026-06-15
D00367,L00532,Valdez - Pilot,5600,New,2026-12-29,2026-08-16
D00368,L00533,Murphy - Renewal,10800,New,2026-10-18,2026-07-06
D00369,L00534,Jones - Renewal,72000,Qualified,2026-09-28,2026-06-13
D00370,L00534,Jones - Expansion,5800,New,2027-01-03,2026-07-02
D00371,L00537,Puri - Platform,7100,New,2026-09-18,2026-09-15
D00372,L00538,Adams - Platform,13600,Negotiation,2026-09-06,2026-08-28
D00373,L00540,Roberts - Renewal,7300,Proposal Sent,2026-12-12,2026-05-06
D00374,L00540,Roberts - Expansion,88900,Proposal Sent,2026-11-04,2026-09-15
D00375,L00542,Howard - Renewal,10100,Demo Scheduled,2026-12-09,2026-07-04
D00376,L00542,Howard - Renewal,99500,Closed Won,2026-06-17,2026-08-26
D00377,L00545,Panchal - Renewal,32200,New,2026-09-02,2026-08-07
D00378,L00546,Jordan - Expansion,8900,Negotiation,2026-08-08,2026-08-01
D00379,L00548,Grewal - Platform,11200,Closed Lost,2026-08-02,2026-06-13
D00380,L00548,Grewal - Enterprise,5900,Proposal Sent,2026-12-27,2026-09-01
D00381,L00550,Mendoza - Platform,15900,New,2026-12-15,2026-08-13
D00382,L00552,Palmer - Pilot,19400,Closed Lost,2026-09-17,2026-06-16
D00383,L00553,Dave - Platform,13000,New,2027-01-05,2026-07-25
D00384,L00556,Nichols - Pilot,30500,Closed Lost,2026-07-29,2026-05-04
D00385,L00558,Bora - Renewal,6900,Demo Scheduled,2027-01-22,2026-06-06
D00386,L00558,Bora - Pilot,23700,Closed Lost,2026-05-07,2026-08-04
D00387,L00559,Barad - Enterprise,13500,Demo Scheduled,2026-08-18,2026-05-10
D00388,L00559,Barad - Renewal,7200,Closed Lost,2026-09-18,2026-07-24
D00389,L00560,Tyler - Platform,60500,Closed Lost,2026-04-06,2026-08-05
D00390,L00563,Horne - Renewal,69400,Qualified,2026-09-13,2026-09-09
D00391,L00564,Parkinson - Platform,4400,Negotiation,2027-01-23,2026-05-22
D00392,L00565,Chaudry - Expansion,32900,Demo Scheduled,2027-01-05,2026-05-11
D00393,L00566,Allen - Enterprise,4100,Qualified,2026-08-16,2026-06-13
D00394,L00567,Buckley - Renewal,23400,Qualified,2026-12-26,2026-07-24
D00395,L00568,Evans - Pilot,62600,Qualified,2026-12-02,2026-06-17
D00396,L00569,Bhatnagar - Enterprise,69000,Proposal Sent,2026-09-09,2026-09-01
D00397,L00569,Bhatnagar - Pilot,9800,New,2026-11-19,2026-05-04
D00398,L00571,Turner - Renewal,15900,Qualified,2026-10-05,2026-08-22
D00399,L00574,Mack - Renewal,5000,New,2027-01-02,2026-05-02
D00400,L00574,Mack - Platform,22300,Proposal Sent,2026-11-29,2026-05-31
D00401,L00575,Biswas - Enterprise,38400,Qualified,2026-10-26,2026-07-17
D00402,L00575,Biswas - Pilot,32900,New,2026-12-05,2026-05-30
D00403,L00576,Butler - Expansion,3200,Proposal Sent,2027-01-05,2026-05-11
D00404,L00576,Butler - Renewal,8300,Closed Won,2026-04-06,2026-09-18
D00405,L00577,Kale - Pilot,30200,New,2026-12-29,2026-06-17
D00406,L00579,Newton - Pilot,5500,New,2026-08-05,2026-05-07
D00407,L00581,Booth - Expansion,20600,Qualified,2026-09-30,2026-09-25
D00408,L00583,Murray - Expansion,16600,Closed Won,2026-03-20,2026-05-10
D00409,L00587,King - Pilot,15800,Proposal Sent,2026-11-11,2026-09-22
D00410,L00588,Wong - Renewal,35300,New,2026-10-24,2026-06-26
D00411,L00590,Hodges - Enterprise,7700,Demo Scheduled,2026-08-21,2026-06-05
D00412,L00594,Thomson - Renewal,29800,Proposal Sent,2026-12-03,2026-08-15
D00413,L00594,Thomson - Platform,8700,Demo Scheduled,2027-01-08,2026-08-25
D00414,L00595,Rees - Expansion,4400,Closed Lost,2026-05-26,2026-09-14
D00415,L00596,Dhingra - Enterprise,50800,Negotiation,2026-11-13,2026-06-22
D00416,L00597,Wilson - Platform,11900,Demo Scheduled,2026-08-29,2026-06-06
D00417,L00599,Chand - Pilot,24900,Closed Won,2026-04-26,2026-09-18
D00418,L00599,Chand - Renewal,43800,Qualified,2026-10-14,2026-07-14
D00419,L00601,Saraf - Pilot,10500,Proposal Sent,2026-10-19,2026-09-24
D00420,L00602,Chaudhuri - Expansion,28300,Closed Lost,2026-05-22,2026-08-14
D00421,L00606,Jordan - Pilot,10300,Demo Scheduled,2027-01-12,2026-08-20
D00422,L00608,Nichols - Enterprise,40900,Demo Scheduled,2026-10-05,2026-06-29
D00423,L00611,Rastogi - Expansion,18100,New,2026-12-24,2026-09-04
D00424,L00612,Iyengar - Enterprise,13000,Qualified,2026-08-10,2026-06-03
D00425,L00613,Rivera - Pilot,13900,Demo Scheduled,2026-10-29,2026-06-05
D00426,L00617,Kim - Expansion,16500,New,2026-12-23,2026-08-04
D00427,L00617,Kim - Renewal,18300,New,2026-09-25,2026-08-07
D00428,L00618,Booth - Pilot,5800,Demo Scheduled,2026-08-14,2026-08-10
D00429,L00619,Watson - Enterprise,20600,Proposal Sent,2026-12-04,2026-08-12
D00430,L00620,Contreras - Enterprise,15500,Qualified,2026-10-09,2026-09-09
D00431,L00620,Contreras - Renewal,29700,Qualified,2026-08-28,2026-08-02
D00432,L00623,Walla - Platform,8900,New,2026-12-19,2026-08-08
D00433,L00624,Oconnell - Renewal,22800,Demo Scheduled,2026-11-27,2026-09-09
D00434,L00624,Oconnell - Pilot,31500,Closed Lost,2026-05-06,2026-05-01
D00435,L00625,Bhandari - Expansion,54400,Proposal Sent,2026-11-15,2026-05-01
D00436,L00625,Bhandari - Platform,5000,Proposal Sent,2026-08-04,2026-05-07
D00437,L00626,Garner - Pilot,91500,Proposal Sent,2026-12-11,2026-06-30
D00438,L00627,Gulati - Enterprise,11400,Proposal Sent,2026-11-09,2026-07-12
D00439,L00628,Guha - Enterprise,41300,Proposal Sent,2027-01-15,2026-06-05
D00440,L00629,Maldonado - Expansion,29300,Closed Won,2026-07-13,2026-05-15
D00441,L00630,Cheema - Pilot,6700,Closed Won,2026-03-23,2026-04-29
D00442,L00631,Tiwari - Enterprise,21400,Closed Won,2026-05-25,2026-06-02
D00443,L00633,Edwards - Expansion,43000,Negotiation,2026-12-10,2026-07-03
D00444,L00637,Allan - Enterprise,8500,Closed Won,2026-04-19,2026-08-01
D00445,L00637,Allan - Enterprise,18300,Proposal Sent,2026-09-19,2026-05-11
D00446,L00638,Wagner - Renewal,50800,Proposal Sent,2026-12-31,2026-09-23
D00447,L00640,Kim - Renewal,21700,Closed Won,2026-07-01,2026-08-19
D00448,L00642,Phillips - Expansion,10000,Proposal Sent,2026-09-22,2026-09-20
D00449,L00642,Phillips - Platform,63100,Negotiation,2026-11-23,2026-08-07
D00450,L00643,Davidson - Platform,31200,New,2026-08-28,2026-09-05
D00451,L00643,Davidson - Pilot,7700,New,2026-12-11,2026-07-07
D00452,L00644,Evans - Enterprise,4200,Negotiation,2026-08-07,2026-05-12
D00453,L00648,Bala - Expansion,7900,New,2026-08-31,2026-06-15
D00454,L00649,Thaman - Renewal,2700,Closed Lost,2026-07-23,2026-08-21
D00455,L00651,Armstrong - Renewal,20600,Proposal Sent,2026-12-28,2026-07-26
D00456,L00653,Hussain - Expansion,45500,Proposal Sent,2026-12-14,2026-06-24
D00457,L00655,Wood - Renewal,34500,New,2026-10-21,2026-05-24
D00458,L00657,Balakrishnan - Pilot,10700,New,2026-10-10,2026-09-15
D00459,L00661,Sims - Enterprise,26700,Demo Scheduled,2026-09-06,2026-06-30
D00460,L00663,Williams - Expansion,15600,Demo Scheduled,2026-10-01,2026-08-30
D00461,L00667,Read - Expansion,14900,Qualified,2027-01-06,2026-06-22
D00462,L00669,Ward - Platform,8800,New,2026-09-20,2026-08-03
D00463,L00670,Armstrong - Expansion,15400,Qualified,2026-10-02,2026-04-30
D00464,L00671,Tank - Enterprise,9200,Closed Won,2026-03-15,2026-06-10
D00465,L00672,Walker - Enterprise,34000,Negotiation,2027-01-12,2026-09-25
D00466,L00674,Allen - Renewal,33000,Closed Lost,2026-07-18,2026-07-27
D00467,L00677,Bartlett - Platform,9400,New,2026-11-30,2026-09-20
D00468,L00677,Bartlett - Enterprise,113400,Negotiation,2026-11-13,2026-07-18
D00469,L00680,Dar - Enterprise,18200,Closed Lost,2026-08-08,2026-05-28
D00470,L00681,Raghavan - Pilot,9700,Closed Lost,2026-05-05,2026-05-27
D00471,L00682,Khanna - Enterprise,51400,New,2026-07-30,2026-05-17
D00472,L00686,Mammen - Expansion,11400,Demo Scheduled,2026-10-25,2026-09-17
D00473,L00688,Green - Expansion,46400,New,2026-10-04,2026-07-18
D00474,L00688,Green - Pilot,7300,New,2026-09-21,2026-09-06
D00475,L00689,Miah - Platform,8400,Negotiation,2026-10-15,2026-05-29
D00476,L00689,Miah - Renewal,7400,New,2026-12-17,2026-07-22
D00477,L00692,Thakkar - Expansion,31400,Demo Scheduled,2026-12-01,2026-09-22
D00478,L00693,Sullivan - Platform,20600,New,2026-08-22,2026-09-16
D00479,L00694,Manne - Renewal,7800,Proposal Sent,2026-08-22,2026-08-18
D00480,L00694,Manne - Pilot,5200,Proposal Sent,2026-11-19,2026-06-17
D00481,L00696,Moore - Pilot,13200,New,2026-10-28,2026-09-18
D00482,L00697,Thakkar - Platform,4600,Demo Scheduled,2026-10-16,2026-08-22
D00483,L00697,Thakkar - Platform,4600,Qualified,2026-12-19,2026-05-30
D00484,L00698,Lad - Pilot,8100,Negotiation,2026-09-09,2026-06-20
D00485,L00701,Chauhan - Pilot,37400,Negotiation,2026-12-01,2026-07-16
D00486,L00705,Brown - Renewal,46400,Proposal Sent,2026-08-14,2026-07-09
D00487,L00706,Aguilar - Pilot,31700,Closed Lost,2026-04-16,2026-08-23
D00488,L00707,Kaur - Platform,9200,New,2026-11-06,2026-07-18
D00489,L00709,Zachariah - Renewal,43200,Proposal Sent,2026-10-14,2026-08-10
D00490,L00710,Duncan - Renewal,25200,Qualified,2026-09-12,2026-09-01
D00491,L00711,Perez - Renewal,22600,Demo Scheduled,2026-08-17,2026-05-06
D00492,L00712,Sabharwal - Expansion,22000,Qualified,2026-10-24,2026-06-20
D00493,L00713,Wood - Platform,39800,New,2027-01-14,2026-08-13
D00494,L00715,Parker - Expansion,110800,Closed Lost,2026-09-05,2026-06-12
D00495,L00715,Parker - Renewal,18700,Qualified,2026-12-17,2026-08-02
D00496,L00716,Cooke - Enterprise,9300,Closed Lost,2026-07-16,2026-09-19
D00497,L00717,Varma - Enterprise,2200,Demo Scheduled,2027-01-12,2026-08-23
D00498,L00718,Fitzgerald - Enterprise,85000,New,2026-11-08,2026-08-05
D00499,L00719,Smith - Pilot,11200,Closed Won,2026-06-01,2026-06-06
D00500,L00720,Bansal - Pilot,22900,Proposal Sent,2026-08-27,2026-07-06
D00501,L00721,Nagy - Pilot,37700,New,2026-07-30,2026-08-19
D00502,L00723,Sachdeva - Pilot,20300,New,2026-09-19,2026-07-13
D00503,L00726,Hodges - Enterprise,20700,Proposal Sent,2026-07-28,2026-05-03
D00504,L00728,Tomlinson - Platform,42300,Demo Scheduled,2026-07-28,2026-09-02
D00505,L00729,Jackson - Renewal,7700,Closed Won,2026-04-14,2026-04-30
D00506,L00733,Baker - Expansion,63000,Demo Scheduled,2026-12-13,2026-05-26
D00507,L00735,Norris - Enterprise,19400,New,2026-12-27,2026-07-24
D00508,L00736,Prashad - Renewal,42800,Negotiation,2026-09-28,2026-05-06
D00509,L00739,Ryan - Pilot,1500,Negotiation,2026-10-15,2026-09-22
D00510,L00740,Walker - Expansion,15600,Qualified,2026-09-27,2026-07-05
D00511,L00741,Davidson - Expansion,48400,Qualified,2027-01-24,2026-08-19
D00512,L00743,Stokes - Platform,92000,Qualified,2027-01-08,2026-05-10
D00513,L00746,Wright - Renewal,34100,Negotiation,2026-12-06,2026-09-25
D00514,L00747,Wright - Expansion,18000,New,2026-12-10,2026-07-20
D00515,L00747,Wright - Renewal,23400,Negotiation,2026-08-31,2026-07-08
D00516,L00748,Jaggi - Platform,20000,Qualified,2026-11-21,2026-07-03
D00517,L00749,Nayar - Pilot,193300,Negotiation,2026-08-14,2026-08-27
D00518,L00751,Ferguson - Renewal,15500,Qualified,2026-10-03,2026-08-24
D00519,L00753,Reeves - Pilot,22200,New,2026-08-19,2026-09-03
D00520,L00753,Reeves - Expansion,15500,New,2027-01-11,2026-07-21
D00521,L00754,Sullivan - Pilot,15300,Closed Lost,2026-05-27,2026-07-11
D00522,L00755,Brar - Expansion,9400,New,2026-08-19,2026-08-04
D00523,L00757,Lloyd - Enterprise,8400,Qualified,2026-10-25,2026-08-31
D00524,L00759,Ratta - Renewal,16700,Negotiation,2026-09-12,2026-06-17
D00525,L00759,Ratta - Renewal,38500,Closed Won,2026-09-06,2026-09-06
D00526,L00762,Martin - Enterprise,38200,Closed Won,2026-07-01,2026-07-12
D00527,L00762,Martin - Pilot,25100,Demo Scheduled,2026-08-17,2026-06-25
D00528,L00763,Gibson - Enterprise,8900,Closed Lost,2026-04-06,2026-07-10
D00529,L00763,Gibson - Pilot,12100,Closed Lost,2026-04-11,2026-08-03
D00530,L00764,Kapur - Enterprise,9800,Negotiation,2026-11-01,2026-09-03
D00531,L00765,Mall - Expansion,8900,Closed Won,2026-08-11,2026-08-12
D00532,L00765,Mall - Expansion,66200,New,2026-11-07,2026-09-03
D00533,L00767,Desai - Enterprise,15300,Closed Won,2026-07-27,2026-07-01
D00534,L00767,Desai - Enterprise,57600,Negotiation,2026-10-09,2026-08-11
D00535,L00769,Rees - Enterprise,5200,Proposal Sent,2026-11-12,2026-07-21
D00536,L00771,Connor - Pilot,14000,Closed Won,2026-03-21,2026-07-16
D00537,L00772,Moss - Platform,25300,Qualified,2026-08-04,2026-05-13
D00538,L00773,Evans - Enterprise,25400,Demo Scheduled,2026-08-22,2026-06-03
D00539,L00778,Dyer - Pilot,34100,New,2026-07-31,2026-05-21
D00540,L00781,Lane - Renewal,36300,New,2026-08-23,2026-06-27
D00541,L00781,Lane - Platform,28600,Negotiation,2027-01-01,2026-04-30
D00542,L00786,Chaudry - Platform,12400,Closed Lost,2026-08-17,2026-08-14
D00543,L00788,Rai - Renewal,18600,Proposal Sent,2027-01-17,2026-08-21
D00544,L00791,Srinivas - Platform,14000,Demo Scheduled,2026-11-11,2026-05-17
D00545,L00792,Adams - Pilot,118300,Closed Lost,2026-04-18,2026-06-19
D00546,L00792,Adams - Platform,20000,Qualified,2026-11-30,2026-07-29
D00547,L00793,Smith - Platform,9000,Proposal Sent,2026-08-24,2026-09-22
D00548,L00793,Smith - Expansion,41000,Negotiation,2026-12-15,2026-05-20
D00549,L00794,Wells - Expansion,2300,Negotiation,2027-01-15,2026-08-02
D00550,L00797,Moore - Renewal,35100,Demo Scheduled,2026-08-06,2026-05-07
D00551,L00798,Russell - Renewal,27900,Qualified,2027-01-14,2026-06-06
D00552,L00798,Russell - Pilot,6600,Proposal Sent,2026-08-27,2026-07-11
D00553,L00800,Sharaf - Pilot,18900,Demo Scheduled,2026-07-30,2026-08-16
D00554,L00801,Pau - Platform,71600,Negotiation,2027-01-21,2026-05-01
D00555,L00802,Wolfe - Platform,45300,Proposal Sent,2026-09-22,2026-09-06
D00556,L00804,Mills - Expansion,50000,New,2026-08-22,2026-06-24
D00557,L00809,Gandhi - Expansion,7200,Qualified,2027-01-01,2026-09-02
D00558,L00810,Rajagopalan - Expansion,54000,Closed Won,2026-09-20,2026-08-17
D00559,L00811,Sunder - Expansion,16400,Closed Won,2026-04-10,2026-07-05
D00560,L00811,Sunder - Pilot,19400,Negotiation,2026-08-25,2026-06-03
D00561,L00813,Turner - Expansion,40700,New,2026-12-26,2026-08-31
D00562,L00814,Baxter - Platform,155800,New,2027-01-07,2026-05-30
D00563,L00815,Riggs - Expansion,12300,New,2026-10-11,2026-06-23
D00564,L00815,Riggs - Renewal,17100,Closed Won,2026-06-26,2026-09-09
D00565,L00816,Luna - Enterprise,16500,Demo Scheduled,2026-08-12,2026-07-20
D00566,L00818,Walker - Pilot,7200,Demo Scheduled,2026-08-12,2026-07-29
D00567,L00819,Cooper - Platform,51900,Closed Lost,2026-05-24,2026-07-04
D00568,L00822,Ratta - Expansion,35900,Proposal Sent,2026-10-21,2026-05-13
D00569,L00823,Williams - Enterprise,18600,Closed Lost,2026-04-26,2026-09-14
D00570,L00824,Barad - Renewal,26300,Qualified,2026-07-30,2026-08-04
D00571,L00824,Barad - Pilot,42700,New,2026-08-14,2026-05-08
D00572,L00826,Gibbs - Enterprise,14500,Negotiation,2026-10-27,2026-05-27
D00573,L00826,Gibbs - Platform,46600,Proposal Sent,2026-11-09,2026-05-15
D00574,L00829,Davis - Pilot,10200,Negotiation,2026-10-30,2026-09-19
D00575,L00833,Pau - Expansion,23600,Proposal Sent,2026-08-18,2026-07-22
D00576,L00835,Lawson - Renewal,18000,Demo Scheduled,2026-08-11,2026-05-21
D00577,L00837,Bartlett - Enterprise,53100,Demo Scheduled,2026-08-16,2026-08-19
D00578,L00839,Shaw - Renewal,27700,Negotiation,2026-08-30,2026-08-11
D00579,L00839,Shaw - Pilot,17400,New,2027-01-08,2026-09-06
D00580,L00843,Kramer - Renewal,13600,Closed Lost,2026-04-06,2026-05-07
D00581,L00844,Gross - Platform,32200,New,2026-09-10,2026-08-10
D00582,L00849,Brar - Expansion,17800,Qualified,2026-11-06,2026-06-09
D00583,L00850,Parker - Pilot,30100,Demo Scheduled,2026-08-01,2026-08-07
D00584,L00851,Hayden - Platform,47100,Closed Lost,2026-09-01,2026-08-06
D00585,L00852,Roberts - Expansion,50600,Closed Won,2026-04-25,2026-07-30
D00586,L00852,Roberts - Pilot,28200,Closed Won,2026-06-30,2026-06-07
D00587,L00855,Duncan - Renewal,32400,Closed Lost,2026-03-18,2026-09-10
D00588,L00856,Gutierrez - Enterprise,7300,Proposal Sent,2026-12-31,2026-07-31
D00589,L00858,Tiwari - Pilot,19300,Negotiation,2026-12-01,2026-05-02
D00590,L00858,Tiwari - Pilot,14000,New,2026-11-04,2026-05-04
D00591,L00860,Morley - Renewal,64800,Negotiation,2026-11-20,2026-06-01
D00592,L00860,Morley - Expansion,13600,Closed Won,2026-07-29,2026-05-23
D00593,L00861,Sarraf - Enterprise,48100,New,2026-07-28,2026-09-25
D00594,L00862,Doshi - Renewal,26100,Closed Lost,2026-09-18,2026-08-13
D00595,L00862,Doshi - Pilot,39100,Proposal Sent,2026-09-08,2026-09-17
D00596,L00863,Clayton - Pilot,13400,Proposal Sent,2026-09-10,2026-08-04
D00597,L00864,Williams - Platform,7600,Qualified,2026-08-14,2026-07-03
D00598,L00865,Srivastava - Expansion,3500,New,2026-09-23,2026-09-17
D00599,L00866,Phillips - Enterprise,3800,Proposal Sent,2026-12-16,2026-08-07
D00600,L00866,Phillips - Pilot,40900,Negotiation,2026-09-28,2026-07-24
D00601,L00867,Wall - Platform,26400,Proposal Sent,2026-08-30,2026-07-28
D00602,L00868,Gutierrez - Pilot,102600,Negotiation,2026-08-20,2026-06-17
D00603,L00869,Sampath - Pilot,8100,Closed Lost,2026-04-09,2026-08-06
D00604,L00870,Kibe - Expansion,11500,Qualified,2026-10-31,2026-07-19
D00605,L00870,Kibe - Pilot,46200,Negotiation,2026-12-19,2026-08-31
D00606,L00872,Graham - Platform,17300,New,2026-09-24,2026-06-15
D00607,L00872,Graham - Expansion,17100,New,2026-11-13,2026-05-18
D00608,L00874,Valdez - Platform,51500,New,2026-09-02,2026-06-03
D00609,L00874,Valdez - Platform,139400,Closed Won,2026-05-07,2026-07-19
D00610,L00875,Taylor - Pilot,25200,Qualified,2026-09-14,2026-07-29
D00611,L00877,Babu - Pilot,3200,New,2026-09-19,2026-07-11
D00612,L00878,Bir - Renewal,59600,Proposal Sent,2026-11-18,2026-08-21
D00613,L00879,Nash - Pilot,22900,Demo Scheduled,2026-09-30,2026-07-22
D00614,L00883,Turner - Expansion,40500,Proposal Sent,2026-07-29,2026-09-15
D00615,L00884,Scott - Pilot,16000,Closed Won,2026-04-29,2026-09-11
D00616,L00884,Scott - Enterprise,10700,New,2026-11-24,2026-06-26
D00617,L00886,Taylor - Renewal,33600,Closed Lost,2026-05-31,2026-06-14
D00618,L00888,Mangat - Enterprise,35400,Demo Scheduled,2026-08-29,2026-08-01
D00619,L00891,Woodward - Renewal,9800,New,2026-12-24,2026-08-10
D00620,L00893,Mani - Renewal,12400,Proposal Sent,2026-10-26,2026-06-12
D00621,L00894,Wood - Platform,32800,Closed Lost,2026-08-22,2026-07-17
D00622,L00895,Smith - Enterprise,30800,Proposal Sent,2026-07-31,2026-08-13
D00623,L00897,Oconnor - Expansion,22400,Demo Scheduled,2026-07-28,2026-08-09
D00624,L00898,Ellis - Pilot,21700,Negotiation,2026-08-01,2026-09-04
D00625,L00900,Jones - Pilot,30200,Proposal Sent,2026-09-11,2026-09-20
D00626,L00902,Osborn - Renewal,12300,Negotiation,2026-10-18,2026-06-10
D00627,L00902,Osborn - Renewal,14500,Closed Won,2026-03-24,2026-05-14
D00628,L00904,Dash - Renewal,9000,Proposal Sent,2026-09-24,2026-09-02
D00629,L00905,Lutz - Platform,8100,Negotiation,2026-09-23,2026-09-22
D00630,L00905,Lutz - Expansion,12400,Negotiation,2027-01-02,2026-06-06
D00631,L00906,Turner - Expansion,2700,Negotiation,2026-11-04,2026-08-27
D00632,L00908,Morley - Renewal,19300,Demo Scheduled,2027-01-12,2026-06-10
D00633,L00911,Robinson - Expansion,44600,Closed Won,2026-08-11,2026-06-30
D00634,L00912,Bell - Renewal,27500,New,2026-08-19,2026-08-12
D00635,L00912,Bell - Platform,41200,Qualified,2026-09-12,2026-07-31
D00636,L00913,Tripathi - Renewal,8900,Closed Won,2026-03-29,2026-06-08
D00637,L00916,Palan - Enterprise,13200,Proposal Sent,2026-11-19,2026-05-11
D00638,L00916,Palan - Renewal,33200,Demo Scheduled,2026-09-23,2026-05-05
D00639,L00918,Rodriguez - Renewal,29500,New,2026-12-07,2026-09-22
D00640,L00918,Rodriguez - Enterprise,10900,Closed Lost,2026-03-10,2026-07-01
D00641,L00920,Griffith - Expansion,2700,New,2026-11-05,2026-09-21
D00642,L00922,Gara - Expansion,23800,Demo Scheduled,2026-08-16,2026-05-23
D00643,L00926,Vargas - Expansion,9500,Proposal Sent,2026-12-08,2026-06-16
D00644,L00926,Vargas - Enterprise,54200,Negotiation,2026-08-18,2026-06-11
D00645,L00927,Moore - Renewal,34900,Closed Won,2026-04-12,2026-09-08
D00646,L00927,Moore - Platform,21200,Demo Scheduled,2026-10-12,2026-05-02
D00647,L00928,Ruiz - Pilot,20600,New,2026-11-26,2026-05-16
D00648,L00929,Stevens - Enterprise,14000,Negotiation,2027-01-10,2026-07-27
D00649,L00930,Evans - Pilot,31900,New,2026-08-06,2026-06-09
D00650,L00930,Evans - Pilot,4300,Proposal Sent,2026-09-28,2026-06-05
D00651,L00932,Sachdev - Enterprise,7800,Demo Scheduled,2026-08-27,2026-05-27
D00652,L00932,Sachdev - Expansion,54400,Closed Lost,2026-08-21,2026-05-17
D00653,L00933,Chandran - Expansion,74500,Qualified,2026-12-03,2026-09-14
D00654,L00933,Chandran - Enterprise,14900,Demo Scheduled,2026-09-18,2026-08-13
D00655,L00937,Kohli - Expansion,64400,Closed Lost,2026-03-16,2026-09-20
D00656,L00937,Kohli - Expansion,20400,Closed Won,2026-08-20,2026-08-26
D00657,L00939,Gulati - Platform,20200,Closed Won,2026-09-21,2026-06-04
D00658,L00939,Gulati - Pilot,432500,New,2026-11-05,2026-09-22
D00659,L00940,Taylor - Enterprise,17400,Closed Won,2026-07-18,2026-06-10
D00660,L00945,Griffith - Enterprise,8900,Demo Scheduled,2026-07-29,2026-07-20
D00661,L00946,Palmer - Enterprise,59000,New,2026-09-18,2026-07-27
D00662,L00948,Dubey - Enterprise,25200,Closed Lost,2026-05-26,2026-06-26
D00663,L00951,Anne - Pilot,6400,Closed Lost,2026-08-10,2026-05-11
D00664,L00952,Andrews - Enterprise,30200,Demo Scheduled,2026-12-30,2026-07-25
D00665,L00958,Hall - Platform,13600,Demo Scheduled,2026-12-03,2026-07-18
D00666,L00961,Walsh - Expansion,73800,New,2027-01-10,2026-08-20
D00667,L00964,White - Platform,21600,Qualified,2026-11-19,2026-07-11
D00668,L00965,Henderson - Enterprise,16000,Qualified,2026-12-06,2026-05-13
D00669,L00966,Bates - Expansion,5900,Proposal Sent,2027-01-10,2026-04-30
D00670,L00966,Bates - Pilot,27100,Closed Lost,2026-08-01,2026-07-17
D00671,L00967,Raj - Enterprise,49900,Proposal Sent,2026-11-13,2026-06-19
D00672,L00967,Raj - Renewal,15200,Closed Won,2026-04-22,2026-05-06
D00673,L00968,Hutchinson - Enterprise,29100,Closed Won,2026-05-10,2026-06-10
D00674,L00969,Willis - Expansion,38400,Qualified,2026-09-21,2026-08-09
D00675,L00971,Richardson - Pilot,9300,Closed Lost,2026-03-30,2026-06-22
D00676,L00971,Richardson - Platform,156100,Qualified,2026-12-27,2026-08-17
D00677,L00973,Smith - Expansion,21600,New,2026-12-16,2026-09-10
D00678,L00974,Clark - Platform,10000,Negotiation,2026-11-19,2026-07-09
D00679,L00974,Clark - Pilot,30700,New,2026-10-26,2026-05-20
D00680,L00980,Armstrong - Expansion,19500,Closed Lost,2026-06-20,2026-05-03
D00681,L00981,Varma - Expansion,55800,Qualified,2026-10-30,2026-08-18
D00682,L00981,Varma - Pilot,15000,Closed Lost,2026-04-11,2026-05-30
D00683,L00984,Ratta - Expansion,24100,Proposal Sent,2026-08-30,2026-05-24
D00684,L00988,Hawkins - Enterprise,18800,Closed Lost,2026-04-26,2026-06-12
D00685,L00990,Ahmed - Renewal,90000,Demo Scheduled,2026-08-15,2026-06-13
D00686,L00990,Ahmed - Renewal,27300,New,2026-10-24,2026-08-17
D00687,L00995,Collier - Renewal,21100,Negotiation,2026-11-27,2026-05-22
D00688,L00996,Ryan - Platform,11900,Demo Scheduled,2026-11-16,2026-05-14
D00689,L00997,Russell - Platform,9200,Closed Lost,2026-05-12,2026-08-08
D00690,L01000,Shroff - Platform,42700,Demo Scheduled,2026-08-04,2026-09-13
D00691,L01003,Gallagher - Platform,49700,New,2027-01-01,2026-07-29
D00692,L01003,Gallagher - Enterprise,6900,Closed Won,2026-05-21,2026-09-21
D00693,L01004,Thomas - Enterprise,17100,Qualified,2027-01-06,2026-05-10
D00694,L01004,Thomas - Renewal,5300,Demo Scheduled,2026-10-19,2026-08-22
D00695,L01005,Hill - Pilot,12900,Qualified,2027-01-10,2026-05-03
D00696,L01008,Bowen - Enterprise,51200,Proposal Sent,2026-10-02,2026-05-03
D00697,L01011,Kota - Renewal,27800,Negotiation,2026-10-30,2026-09-04
D00698,L01012,Bir - Renewal,24300,Qualified,2026-07-28,2026-05-14
D00699,L01013,Karan - Expansion,17700,Closed Lost,2026-04-18,2026-08-15
D00700,L01014,Knight - Enterprise,11100,Negotiation,2026-11-28,2026-09-22
D00701,L01015,Carter - Pilot,13300,Demo Scheduled,2027-01-08,2026-09-03
D00702,L01015,Carter - Pilot,9100,Negotiation,2027-01-13,2026-04-29
D00703,L01017,Walsh - Pilot,16600,Proposal Sent,2026-09-15,2026-08-09
D00704,L01020,Dalton - Platform,42200,Qualified,2026-12-30,2026-09-19
D00705,L01020,Dalton - Renewal,13200,Demo Scheduled,2026-12-11,2026-09-24
D00706,L01022,Hernandez - Platform,59500,New,2026-12-30,2026-05-06
D00707,L01025,Khan - Enterprise,21000,Closed Lost,2026-04-21,2026-06-27
D00708,L01026,Williams - Enterprise,45500,New,2026-08-15,2026-06-29
D00709,L01027,Singh - Expansion,54800,Negotiation,2026-08-21,2026-07-18
D00710,L01031,Santiago - Renewal,8000,Closed Lost,2026-03-22,2026-09-22
D00711,L01033,Sagar - Platform,21800,New,2026-10-06,2026-06-20
D00712,L01034,Russell - Platform,9400,Closed Won,2026-09-15,2026-05-09
D00713,L01037,Taylor - Enterprise,5200,Negotiation,2026-12-11,2026-08-16
D00714,L01039,Marquez - Enterprise,10200,Qualified,2026-11-16,2026-07-27
D00715,L01039,Marquez - Pilot,24400,Qualified,2026-11-11,2026-07-20
D00716,L01041,Jennings - Renewal,24600,Closed Won,2026-06-28,2026-09-15
D00717,L01043,Murthy - Platform,22600,Proposal Sent,2027-01-01,2026-07-15
D00718,L01045,Hall - Renewal,14600,Negotiation,2026-09-03,2026-05-11
D00719,L01046,Kaur - Pilot,33200,Proposal Sent,2026-10-23,2026-08-26
D00720,L01047,Long - Pilot,8100,New,2026-11-21,2026-05-28
D00721,L01047,Long - Renewal,53900,Negotiation,2026-11-26,2026-07-16
D00722,L01048,Bell - Pilot,5000,Closed Won,2026-08-30,2026-05-02
D00723,L01049,Rodriguez - Renewal,6900,Proposal Sent,2026-11-12,2026-07-24
D00724,L01050,Fletcher - Pilot,9000,Closed Lost,2026-06-11,2026-07-10
D00725,L01050,Fletcher - Renewal,18500,New,2026-10-31,2026-09-12
D00726,L01051,Taylor - Renewal,40400,Demo Scheduled,2026-09-27,2026-08-23
D00727,L01054,Sule - Enterprise,19500,Qualified,2026-07-30,2026-08-01
D00728,L01054,Sule - Platform,50500,Proposal Sent,2026-12-26,2026-08-20
D00729,L01055,Sarna - Pilot,63000,Proposal Sent,2026-10-22,2026-05-31
D00730,L01059,Jones - Renewal,19000,Proposal Sent,2026-09-13,2026-05-30
D00731,L01060,Alexander - Expansion,10700,Closed Lost,2026-08-26,2026-08-21
D00732,L01060,Alexander - Enterprise,48700,New,2026-10-09,2026-07-14
D00733,L01062,Harrison - Enterprise,4900,New,2026-08-01,2026-06-18
D00734,L01063,Lane - Expansion,35300,Proposal Sent,2026-10-08,2026-06-14
D00735,L01064,Kar - Expansion,6100,Proposal Sent,2027-01-19,2026-05-22
D00736,L01065,Sandoval - Renewal,6200,Demo Scheduled,2026-09-26,2026-08-21
D00737,L01065,Sandoval - Platform,16000,Qualified,2026-11-13,2026-08-17
D00738,L01068,Sengupta - Expansion,18100,Qualified,2026-08-13,2026-06-22
D00739,L01071,Luna - Platform,9600,Negotiation,2027-01-06,2026-07-07
D00740,L01072,Bansal - Platform,14200,Proposal Sent,2026-12-21,2026-07-10
D00741,L01073,Wilkinson - Renewal,20100,Proposal Sent,2026-10-14,2026-06-21
D00742,L01076,Cox - Renewal,21700,Negotiation,2026-10-17,2026-05-31
D00743,L01077,Merchant - Enterprise,19600,Negotiation,2026-12-09,2026-07-11
D00744,L01079,Kade - Platform,19900,Demo Scheduled,2026-11-04,2026-07-05
D00745,L01081,Clarke - Expansion,24400,Demo Scheduled,2026-07-29,2026-08-09
D00746,L01081,Clarke - Renewal,7500,Closed Lost,2026-09-16,2026-09-24
D00747,L01083,Murray - Expansion,15700,New,2026-12-29,2026-08-08
D00748,L01085,Dar - Pilot,14700,Qualified,2027-01-18,2026-08-09
D00749,L01085,Dar - Expansion,11100,Closed Won,2026-04-13,2026-06-16
D00750,L01088,Reid - Renewal,99600,Qualified,2026-11-17,2026-08-16
D00751,L01089,Shaw - Pilot,11000,Negotiation,2026-08-08,2026-05-01
D00752,L01090,Chander - Pilot,2200,New,2027-01-01,2026-05-16
D00753,L01091,Buckley - Renewal,33600,Qualified,2026-10-12,2026-05-14
D00754,L01092,Baxter - Expansion,12500,Closed Won,2026-07-11,2026-06-30
D00755,L01093,Beck - Expansion,13100,New,2026-11-18,2026-09-08
D00756,L01093,Beck - Platform,14300,Qualified,2026-09-22,2026-07-25
D00757,L01094,Hunter - Pilot,63500,Qualified,2026-11-15,2026-05-29
D00758,L01095,Green - Enterprise,24800,Closed Lost,2026-06-24,2026-06-16
D00759,L01096,Medina - Renewal,5900,Negotiation,2026-08-04,2026-09-17
D00760,L01097,Bhatia - Expansion,8100,New,2026-12-03,2026-09-16
D00761,L01100,Smith - Expansion,11300,New,2026-12-01,2026-06-24
D00762,L01101,Hughes - Expansion,26700,Demo Scheduled,2026-09-01,2026-05-18
D00763,L01101,Hughes - Renewal,9800,Negotiation,2026-10-27,2026-07-07
D00764,L01104,Dalton - Enterprise,54200,Closed Lost,2026-09-04,2026-05-10
D00765,L01108,Moore - Expansion,5800,New,2027-01-02,2026-08-03
D00766,L01108,Moore - Renewal,12500,New,2026-11-11,2026-07-31
D00767,L01110,Edwin - Pilot,40700,New,2026-08-22,2026-05-12
D00768,L01110,Edwin - Platform,12400,Closed Won,2026-03-29,2026-07-01
D00769,L01111,Kelly - Pilot,29900,New,2026-08-15,2026-08-15
D00770,L01112,Davies - Expansion,47500,Closed Won,2026-07-23,2026-08-15
D00771,L01113,Green - Renewal,4500,Negotiation,2027-01-22,2026-05-20
D00772,L01113,Green - Pilot,14500,Proposal Sent,2026-08-29,2026-05-25
D00773,L01114,Desai - Platform,14800,New,2026-12-08,2026-08-05
D00774,L01116,Jones - Enterprise,59100,Demo Scheduled,2026-11-24,2026-07-04
D00775,L01117,Morris - Renewal,4100,Proposal Sent,2026-12-20,2026-07-26
D00776,L01117,Morris - Renewal,7400,Closed Lost,2026-08-15,2026-08-26
D00777,L01118,Montoya - Renewal,6100,Proposal Sent,2026-09-02,2026-09-24
D00778,L01119,Sandhu - Renewal,29100,Qualified,2026-10-17,2026-07-16
D00779,L01120,Gibson - Renewal,6900,Qualified,2026-10-27,2026-07-17
D00780,L01120,Gibson - Renewal,19000,New,2026-08-10,2026-06-11
D00781,L01123,Vaidya - Renewal,12800,Qualified,2026-11-11,2026-08-17
D00782,L01124,Nichols - Platform,49600,Closed Won,2026-05-15,2026-05-28
D00783,L01126,Martin - Enterprise,34500,Qualified,2026-11-09,2026-07-25
D00784,L01127,Naylor - Expansion,9100,Closed Lost,2026-05-25,2026-06-12
D00785,L01128,Robinson - Platform,22800,Closed Won,2026-06-03,2026-07-30
D00786,L01129,Dar - Expansion,57000,Negotiation,2026-09-20,2026-05-27
D00787,L01135,Mendez - Enterprise,11400,Qualified,2026-09-05,2026-06-18
D00788,L01137,Riggs - Renewal,2800,Qualified,2026-08-07,2026-06-21
D00789,L01139,Suresh - Pilot,25500,Proposal Sent,2026-12-02,2026-07-01
D00790,L01142,Saran - Platform,4700,Negotiation,2026-11-15,2026-07-18
D00791,L01143,Bartlett - Expansion,88300,Closed Won,2026-04-02,2026-08-21
D00792,L01144,Jenkins - Renewal,9000,Proposal Sent,2026-08-01,2026-09-15
D00793,L01145,Mistry - Expansion,19700,Negotiation,2026-11-25,2026-06-24
D00794,L01145,Mistry - Expansion,50800,Closed Lost,2026-04-08,2026-08-05
D00795,L01146,Patla - Enterprise,120600,Closed Won,2026-05-30,2026-07-17
D00796,L01147,Brown - Pilot,31200,New,2027-01-09,2026-07-16
D00797,L01147,Brown - Renewal,9200,New,2026-11-12,2026-08-31
D00798,L01149,Nori - Enterprise,4500,Demo Scheduled,2026-09-12,2026-08-18
D00799,L01150,Taylor - Expansion,21200,Closed Lost,2026-06-10,2026-05-08
D00800,L01152,Bryant - Pilot,16700,Closed Lost,2026-05-09,2026-05-27
D00801,L01152,Bryant - Enterprise,9400,New,2027-01-03,2026-05-28
D00802,L01155,Davies - Enterprise,25700,Qualified,2026-10-05,2026-05-07
D00803,L01155,Davies - Renewal,27400,Qualified,2026-11-24,2026-09-07
D00804,L01157,Modi - Enterprise,558600,Qualified,2026-09-17,2026-05-09
D00805,L01157,Modi - Platform,148600,Proposal Sent,2027-01-19,2026-05-30
D00806,L01158,Hughes - Renewal,25700,Proposal Sent,2026-10-18,2026-07-10
D00807,L01159,Chaudhari - Pilot,18300,New,2026-12-15,2026-06-04
D00808,L01159,Chaudhari - Platform,29000,Demo Scheduled,2026-12-09,2026-08-18
D00809,L01160,Raj - Platform,27700,Negotiation,2026-09-12,2026-07-02
D00810,L01160,Raj - Enterprise,29500,Negotiation,2026-12-15,2026-06-18
D00811,L01163,Thakkar - Renewal,5000,Closed Won,2026-03-16,2026-09-16
D00812,L01165,Roberts - Enterprise,20700,Qualified,2026-09-03,2026-07-28
D00813,L01166,Soni - Renewal,42500,Negotiation,2026-12-30,2026-07-07
D00814,L01166,Soni - Expansion,15300,New,2026-11-30,2026-05-16
D00815,L01170,Perez - Renewal,12800,Negotiation,2026-07-31,2026-08-13
D00816,L01174,Howard - Expansion,6700,Qualified,2026-08-07,2026-06-26
D00817,L01175,Brooks - Enterprise,50900,Proposal Sent,2027-01-02,2026-05-16
D00818,L01176,Thomas - Expansion,63400,Qualified,2026-10-15,2026-07-29
D00819,L01180,Collins - Renewal,33200,New,2027-01-04,2026-04-29
D00820,L01180,Collins - Enterprise,16500,Proposal Sent,2026-11-20,2026-08-20
D00821,L01181,Kramer - Expansion,11400,Closed Won,2026-08-17,2026-07-20
D00822,L01182,Reyes - Platform,42400,Proposal Sent,2026-10-11,2026-06-08
D00823,L01182,Reyes - Platform,3300,Closed Lost,2026-03-15,2026-07-06
D00824,L01183,Jackson - Platform,8900,Proposal Sent,2026-09-19,2026-08-15
D00825,L01183,Jackson - Pilot,25000,Proposal Sent,2027-01-24,2026-05-18
D00826,L01184,Howard - Enterprise,38600,Negotiation,2026-08-31,2026-06-23
D00827,L01189,Whitehead - Expansion,6500,Qualified,2026-11-01,2026-07-22
D00828,L01190,Khanna - Renewal,44500,Closed Won,2026-03-16,2026-06-19
D00829,L01190,Khanna - Expansion,9600,Closed Won,2026-09-07,2026-06-29
D00830,L01193,Murray - Expansion,24200,Closed Lost,2026-07-12,2026-06-04
D00831,L01194,Short - Platform,18400,Closed Lost,2026-04-21,2026-05-04
D00832,L01199,Cortez - Renewal,3700,Closed Won,2026-08-27,2026-07-22
D00833,L01201,Trujillo - Platform,27300,Closed Won,2026-05-22,2026-08-24
D00834,L01201,Trujillo - Pilot,25000,Proposal Sent,2026-10-09,2026-06-19
D00835,L01203,Armstrong - Renewal,65500,Demo Scheduled,2026-11-20,2026-09-06
D00836,L01204,Nolan - Expansion,32900,Negotiation,2026-09-27,2026-07-31
D00837,L01205,Dean - Renewal,58600,New,2026-09-19,2026-09-21
D00838,L01206,Williams - Pilot,24000,Proposal Sent,2026-10-19,2026-06-14
D00839,L01206,Williams - Platform,22600,New,2026-10-11,2026-06-28
D00840,L01207,Thaker - Renewal,35700,Closed Won,2026-06-10,2026-06-21
D00841,L01209,Soni - Renewal,6500,Qualified,2026-08-29,2026-06-26
D00842,L01209,Soni - Renewal,94700,Negotiation,2027-01-08,2026-06-26
D00843,L01211,Dennis - Renewal,37500,Demo Scheduled,2026-11-17,2026-09-02
D00844,L01212,Cooke - Expansion,36600,New,2026-12-15,2026-08-03
D00845,L01215,Smith - Enterprise,15000,Closed Lost,2026-05-14,2026-05-12
D00846,L01217,Yohannan - Pilot,4900,Qualified,2026-09-27,2026-09-04
D00847,L01218,Sullivan - Pilot,14000,Qualified,2026-09-16,2026-05-31
D00848,L01218,Sullivan - Enterprise,34000,Proposal Sent,2026-11-24,2026-08-22
D00849,L01220,Marshall - Pilot,13800,Proposal Sent,2026-10-09,2026-06-09
D00850,L01221,Walker - Expansion,18000,New,2026-12-10,2026-05-11
D00851,L01222,Lutz - Enterprise,7500,New,2026-09-18,2026-05-25
D00852,L01223,Duncan - Renewal,29700,Proposal Sent,2026-07-31,2026-06-01
D00853,L01224,Jani - Renewal,11400,Proposal Sent,2026-10-17,2026-06-01
D00854,L01224,Jani - Enterprise,24800,Closed Won,2026-06-22,2026-09-07
D00855,L01225,Stark - Platform,15400,New,2026-09-16,2026-08-07
D00856,L01226,Dugar - Expansion,3600,Closed Won,2026-08-22,2026-08-13
D00857,L01226,Dugar - Platform,12200,Qualified,2026-08-21,2026-06-14
D00858,L01227,Stark - Expansion,9100,New,2026-08-16,2026-08-20
D00859,L01228,Allen - Pilot,55200,Demo Scheduled,2026-09-29,2026-08-24
D00860,L01228,Allen - Expansion,3200,New,2026-08-31,2026-09-13
D00861,L01229,Thomas - Enterprise,8400,Negotiation,2026-08-21,2026-05-12
D00862,L01230,Griffiths - Pilot,25400,Proposal Sent,2026-09-15,2026-05-16
D00863,L01231,Dass - Pilot,29200,Closed Won,2026-04-19,2026-06-12
D00864,L01233,Lane - Renewal,3600,Qualified,2026-12-03,2026-06-04
D00865,L01234,Dube - Enterprise,15700,New,2026-12-24,2026-08-12
D00866,L01238,Varughese - Renewal,77000,Negotiation,2027-01-06,2026-07-25
D00867,L01238,Varughese - Enterprise,25100,Qualified,2026-12-21,2026-05-28
D00868,L01240,Bhatia - Renewal,62800,Qualified,2026-09-11,2026-07-02
D00869,L01242,Mani - Pilot,13800,Closed Won,2026-06-17,2026-05-18
D00870,L01242,Mani - Renewal,11800,New,2026-11-11,2026-06-23
D00871,L01243,Raj - Expansion,53000,Closed Won,2026-09-04,2026-07-06
D00872,L01243,Raj - Pilot,24600,Negotiation,2026-10-22,2026-06-13
D00873,L01244,Tripathi - Expansion,34300,Negotiation,2026-09-05,2026-08-18
D00874,L01245,Marshall - Renewal,115400,Demo Scheduled,2026-09-06,2026-06-10
D00875,L01248,Srinivas - Expansion,14600,Qualified,2026-09-20,2026-06-08
D00876,L01249,Burton - Renewal,27300,Demo Scheduled,2026-08-22,2026-05-04
D00877,L01250,Hall - Platform,14700,Proposal Sent,2026-12-14,2026-07-30
D00878,L01252,Wright - Pilot,25000,Demo Scheduled,2026-12-06,2026-07-25
D00879,L01253,Gay - Platform,17100,Demo Scheduled,2026-11-02,2026-09-24
D00880,L01255,Murthy - Platform,19900,Closed Won,2026-07-29,2026-07-17
D00881,L01255,Murthy - Pilot,14800,Proposal Sent,2026-08-27,2026-07-11
D00882,L01257,Meza - Pilot,25200,Qualified,2026-10-07,2026-07-12
D00883,L01258,Chawla - Enterprise,70100,Qualified,2026-09-14,2026-09-23
D00884,L01258,Chawla - Expansion,18500,Qualified,2026-12-21,2026-08-28
D00885,L01259,Butler - Expansion,20200,Negotiation,2026-11-03,2026-06-13
D00886,L01259,Butler - Platform,5200,Demo Scheduled,2027-01-16,2026-07-30
D00887,L01260,Weston - Platform,6400,Proposal Sent,2026-08-05,2026-09-18
D00888,L01261,Wilson - Enterprise,9700,Proposal Sent,2026-10-05,2026-07-18
D00889,L01262,Williams - Pilot,47600,Closed Won,2026-08-25,2026-08-31
D00890,L01262,Williams - Enterprise,33600,Qualified,2026-12-19,2026-09-10
D00891,L01265,Yang - Enterprise,6200,New,2026-09-30,2026-07-15
D00892,L01269,Acosta - Pilot,23600,New,2026-10-15,2026-06-11
D00893,L01272,Naylor - Enterprise,22200,Negotiation,2026-08-15,2026-08-20
D00894,L01273,Chavez - Expansion,37700,Qualified,2026-10-20,2026-09-10
D00895,L01274,Harrison - Renewal,24500,New,2026-08-12,2026-05-24
D00896,L01277,Moore - Renewal,5000,New,2026-10-18,2026-08-04
D00897,L01277,Moore - Platform,21700,Closed Won,2026-09-06,2026-09-21
D00898,L01279,Williams - Pilot,82100,Negotiation,2026-07-29,2026-09-03
D00899,L01279,Williams - Pilot,47600,Qualified,2026-08-27,2026-07-11
D00900,L01280,Tata - Enterprise,8200,Closed Lost,2026-03-29,2026-05-18
D00901,L01280,Tata - Expansion,35700,Demo Scheduled,2026-11-02,2026-09-07
D00902,L01281,Duncan - Renewal,26600,New,2027-01-07,2026-05-01
D00903,L01283,Padmanabhan - Platform,7600,New,2026-10-08,2026-07-02
D00904,L01284,Pritchard - Renewal,4100,Demo Scheduled,2027-01-13,2026-06-29
D00905,L01285,Clarke - Renewal,5400,New,2027-01-11,2026-09-09
D00906,L01287,Daniels - Renewal,14200,Proposal Sent,2026-10-27,2026-05-03
D00907,L01291,Clark - Expansion,15300,Proposal Sent,2027-01-04,2026-06-15
D00908,L01292,Prashad - Pilot,35000,Closed Won,2026-05-24,2026-09-03
D00909,L01293,Lutz - Expansion,15500,Demo Scheduled,2027-01-11,2026-06-20
D00910,L01293,Lutz - Platform,23700,Closed Won,2026-07-09,2026-07-17
D00911,L01294,Good - Enterprise,38300,New,2026-11-01,2026-05-17
D00912,L01295,Alexander - Renewal,12700,Closed Won,2026-03-10,2026-07-18
D00913,L01298,Clarke - Renewal,15100,Proposal Sent,2026-07-29,2026-08-28
D00914,L01299,Dixit - Enterprise,9300,New,2026-09-02,2026-08-17
D00915,L01300,Brown - Enterprise,22000,Demo Scheduled,2026-09-05,2026-09-25
D00916,L01301,Armstrong - Expansion,12400,Negotiation,2026-12-16,2026-07-29
D00917,L01302,Bumb - Expansion,79400,Negotiation,2026-09-29,2026-07-07
D00918,L01303,Patla - Enterprise,115600,Closed Lost,2026-04-21,2026-09-24
D00919,L01303,Patla - Expansion,2500,Closed Won,2026-06-29,2026-06-25
D00920,L01306,Anderson - Pilot,7600,Proposal Sent,2026-08-04,2026-07-03
D00921,L01306,Anderson - Enterprise,6100,Qualified,2026-08-16,2026-05-18
D00922,L01308,Fernandez - Renewal,34500,Qualified,2026-12-17,2026-08-24
D00923,L01310,Jimenez - Expansion,17300,New,2026-09-22,2026-09-19
D00924,L01312,Ahmed - Pilot,67300,Negotiation,2026-08-21,2026-06-04
D00925,L01313,Arora - Enterprise,21400,Closed Won,2026-06-21,2026-07-03
D00926,L01319,Lal - Pilot,28100,Proposal Sent,2026-10-07,2026-06-10
D00927,L01321,Jordan - Pilot,21000,Negotiation,2026-10-27,2026-06-08
D00928,L01322,Cheema - Expansion,15300,Negotiation,2026-11-04,2026-06-02
D00929,L01324,Contreras - Pilot,16300,New,2026-10-17,2026-07-30
D00930,L01325,Badal - Platform,8800,Qualified,2026-12-16,2026-09-20
D00931,L01326,Kirk - Enterprise,29300,Demo Scheduled,2026-11-07,2026-06-16
D00932,L01327,Bali - Pilot,1900,Demo Scheduled,2026-12-02,2026-09-23
D00933,L01328,Davis - Expansion,8700,Qualified,2026-09-02,2026-09-24
D00934,L01330,Key - Platform,30200,Negotiation,2026-10-14,2026-06-16
D00935,L01330,Key - Enterprise,11300,Proposal Sent,2026-10-19,2026-04-29
D00936,L01332,Rastogi - Platform,9600,Proposal Sent,2026-11-01,2026-06-02
D00937,L01332,Rastogi - Pilot,34100,New,2026-09-20,2026-07-01
D00938,L01334,Anderson - Expansion,284500,Closed Lost,2026-03-31,2026-08-21
D00939,L01335,Jani - Pilot,23500,New,2026-08-02,2026-09-02
D00940,L01336,Steele - Enterprise,9400,Demo Scheduled,2026-09-06,2026-07-10
D00941,L01337,Dubey - Platform,13500,Proposal Sent,2026-09-11,2026-08-11
D00942,L01337,Dubey - Enterprise,42300,Closed Lost,2026-06-15,2026-08-24
D00943,L01341,Chaudhuri - Platform,4400,Proposal Sent,2026-12-03,2026-06-26
D00944,L01342,Morley - Enterprise,3400,New,2026-08-21,2026-07-25
D00945,L01343,Jones - Platform,23700,Demo Scheduled,2026-11-29,2026-04-30
D00946,L01345,Vaidya - Renewal,50500,New,2026-10-23,2026-05-22
D00947,L01345,Vaidya - Expansion,51500,New,2026-10-30,2026-06-02
D00948,L01349,Tripathi - Pilot,8600,Closed Won,2026-06-06,2026-06-19
D00949,L01351,Garde - Expansion,15800,Qualified,2026-11-01,2026-07-25
D00950,L01352,Willis - Pilot,44900,Proposal Sent,2026-10-26,2026-08-30
D00951,L01356,Ward - Platform,8900,Negotiation,2026-10-23,2026-06-10
D00952,L01356,Ward - Enterprise,28400,New,2026-08-03,2026-05-08
D00953,L01357,Ahmed - Platform,8900,Closed Won,2026-08-16,2026-08-27
D00954,L01358,Blair - Renewal,23300,New,2027-01-05,2026-07-25
D00955,L01358,Blair - Renewal,7300,New,2026-09-16,2026-08-17
D00956,L01359,Gola - Enterprise,47300,Demo Scheduled,2027-01-06,2026-06-23
D00957,L01360,Dave - Pilot,22000,New,2026-10-09,2026-09-15
D00958,L01360,Dave - Renewal,3600,New,2026-09-28,2026-05-04
D00959,L01362,Chauhan - Pilot,6700,Negotiation,2026-08-15,2026-05-20
D00960,L01364,Summers - Enterprise,26000,New,2026-11-27,2026-05-07
D00961,L01365,Holland - Platform,44100,Demo Scheduled,2026-12-20,2026-08-03
D00962,L01365,Holland - Platform,23500,Closed Lost,2026-04-14,2026-06-18
D00963,L01367,Wilson - Renewal,11900,Demo Scheduled,2026-09-13,2026-07-31
D00964,L01367,Wilson - Platform,45200,Closed Won,2026-06-12,2026-07-16
D00965,L01368,Collins - Renewal,53900,Qualified,2026-09-29,2026-06-17
D00966,L01369,Lee - Expansion,19700,Proposal Sent,2026-11-10,2026-06-08
D00967,L01369,Lee - Enterprise,10700,New,2026-10-07,2026-08-26
D00968,L01370,Estes - Platform,62900,Proposal Sent,2026-10-16,2026-06-19
D00969,L01370,Estes - Platform,3300,Proposal Sent,2026-10-21,2026-06-10
D00970,L01375,Rees - Platform,27500,Negotiation,2027-01-23,2026-08-01
D00971,L01376,Andrews - Pilot,21300,Closed Won,2026-03-28,2026-06-22
D00972,L01378,Valdez - Renewal,30900,Qualified,2026-12-01,2026-09-24
D00973,L01379,Cross - Enterprise,11400,Closed Lost,2026-09-11,2026-06-22
D00974,L01380,Sachdev - Renewal,21900,Negotiation,2026-08-10,2026-07-13
D00975,L01381,Wilkinson - Renewal,118100,Closed Won,2026-04-28,2026-09-11
D00976,L01384,Rowe - Renewal,10100,Negotiation,2026-11-06,2026-09-22
D00977,L01385,Harvey - Pilot,41300,Proposal Sent,2027-01-15,2026-09-24
D00978,L01385,Harvey - Pilot,26400,New,2026-09-01,2026-07-19
D00979,L01386,Hall - Pilot,2800,Closed Won,2026-07-27,2026-06-09
D00980,L01389,Buch - Enterprise,24900,Closed Lost,2026-09-02,2026-09-04
D00981,L01391,Alexander - Enterprise,77000,Negotiation,2026-09-30,2026-09-19
D00982,L01393,Compton - Platform,35000,Qualified,2026-08-10,2026-06-23
D00983,L01393,Compton - Enterprise,52100,Closed Won,2026-04-02,2026-09-25
D00984,L01394,Fry - Renewal,1600,Qualified,2026-08-25,2026-09-10
D00985,L01395,Moss - Enterprise,29400,Qualified,2026-12-09,2026-09-16
D00986,L01396,Bird - Expansion,9700,New,2026-08-12,2026-06-19
D00987,L01398,Kelly - Enterprise,22700,Closed Won,2026-04-27,2026-05-17
D00988,L01400,Jones - Platform,5100,Qualified,2026-12-04,2026-09-22
D00989,L01400,Jones - Enterprise,52900,New,2026-11-08,2026-06-03
D00990,L01401,Rowe - Platform,6600,Proposal Sent,2026-08-06,2026-08-30
D00991,L01401,Rowe - Enterprise,41900,Demo Scheduled,2026-12-30,2026-08-04
D00992,L01402,White - Expansion,18700,Demo Scheduled,2026-08-24,2026-05-16
D00993,L01404,Choudhry - Renewal,7700,Closed Won,2026-06-16,2026-05-15
D00994,L01404,Choudhry - Pilot,13900,Qualified,2026-09-16,2026-09-15
D00995,L01407,Turner - Expansion,22800,Demo Scheduled,2026-10-01,2026-06-28
D00996,L01408,Collins - Expansion,32900,Negotiation,2026-12-14,2026-08-15
D00997,L01408,Collins - Renewal,23600,Qualified,2026-11-04,2026-05-25
D00998,L01409,Chander - Enterprise,14500,New,2026-10-20,2026-08-03
D00999,L01410,Harrison - Expansion,16100,New,2026-12-06,2026-06-19
D01000,L01411,Mills - Expansion,94500,Qualified,2026-08-14,2026-08-14
D01001,L01412,Kari - Platform,26200,Closed Lost,2026-06-27,2026-09-24
D01002,L01413,Newton - Renewal,30500,New,2026-07-30,2026-08-14
D01003,L01413,Newton - Renewal,13700,Closed Lost,2026-07-09,2026-08-27
D01004,L01414,Martin - Renewal,2100,New,2026-08-29,2026-09-10
D01005,L01415,Andrews - Pilot,28600,New,2026-08-09,2026-08-07
D01006,L01416,Evans - Platform,9100,Demo Scheduled,2027-01-17,2026-06-03
D01007,L01418,Khosla - Enterprise,22900,Closed Lost,2026-08-30,2026-06-21
D01008,L01418,Khosla - Renewal,12200,Demo Scheduled,2026-12-31,2026-06-01
D01009,L01419,Wells - Renewal,18900,Proposal Sent,2027-01-18,2026-07-14
D01010,L01421,Allen - Pilot,60500,New,2026-10-08,2026-06-24
D01011,L01422,Raju - Pilot,7400,Proposal Sent,2027-01-21,2026-09-22
D01012,L01422,Raju - Expansion,17200,Demo Scheduled,2026-10-28,2026-09-13
D01013,L01424,Buchanan - Platform,27400,New,2026-10-20,2026-09-08
D01014,L01425,Tomlinson - Enterprise,5400,Demo Scheduled,2026-08-04,2026-05-05
D01015,L01427,Torres - Enterprise,15400,Closed Won,2026-06-04,2026-08-04
D01016,L01428,Kerr - Expansion,17700,Proposal Sent,2026-09-18,2026-08-09
D01017,L01429,Brar - Expansion,61200,Demo Scheduled,2026-08-20,2026-07-15
D01018,L01429,Brar - Pilot,91800,Negotiation,2026-09-27,2026-06-13
D01019,L01430,Burgess - Expansion,14000,Closed Won,2026-04-15,2026-08-14
D01020,L01432,Morales - Platform,54200,Qualified,2026-08-07,2026-08-20
D01021,L01433,Morar - Expansion,27200,Negotiation,2026-08-19,2026-09-21
D01022,L01433,Morar - Platform,20700,Qualified,2026-12-25,2026-08-03
D01023,L01435,Dubey - Pilot,26300,Demo Scheduled,2027-01-10,2026-07-27
D01024,L01436,Wood - Renewal,34100,Closed Won,2026-05-04,2026-08-05
D01025,L01436,Wood - Platform,20800,Closed Won,2026-04-01,2026-06-04
D01026,L01437,Keith - Enterprise,4100,Closed Won,2026-05-28,2026-08-10
D01027,L01439,Moreno - Pilot,25600,New,2026-10-03,2026-09-03
D01028,L01440,Tara - Platform,19800,Demo Scheduled,2026-12-11,2026-08-21
D01029,L01440,Tara - Renewal,18900,Closed Lost,2026-08-29,2026-05-02
D01030,L01441,Thakkar - Renewal,40700,Closed Lost,2026-05-14,2026-09-03
D01031,L01441,Thakkar - Enterprise,25500,New,2026-10-25,2026-08-05
D01032,L01444,Nigam - Platform,28000,New,2026-12-24,2026-06-09
D01033,L01446,Pai - Platform,28100,Negotiation,2026-10-27,2026-05-24
D01034,L01446,Pai - Platform,18500,Demo Scheduled,2027-01-20,2026-08-24
D01035,L01448,Todd - Renewal,37600,Demo Scheduled,2026-09-26,2026-06-26
D01036,L01449,Fraser - Pilot,16200,Closed Won,2026-08-20,2026-08-16
D01037,L01449,Fraser - Renewal,10800,Qualified,2026-11-15,2026-05-17
D01038,L01450,Francis - Platform,12900,Demo Scheduled,2026-11-06,2026-05-11
D01039,L01452,Carr - Expansion,20100,Proposal Sent,2026-09-27,2026-07-05
D01040,L01453,Daniels - Renewal,9000,Demo Scheduled,2026-09-04,2026-05-22
D01041,L01453,Daniels - Enterprise,8200,Demo Scheduled,2026-08-03,2026-09-19
D01042,L01454,Modi - Platform,28900,Closed Lost,2026-05-23,2026-06-18
D01043,L01455,Taylor - Enterprise,43200,Proposal Sent,2026-09-01,2026-09-02
D01044,L01456,Hawkins - Expansion,18700,New,2026-08-26,2026-06-25
D01045,L01456,Hawkins - Enterprise,9200,Closed Won,2026-03-11,2026-08-10
D01046,L01457,Gill - Expansion,31100,Proposal Sent,2026-11-30,2026-08-20
D01047,L01457,Gill - Platform,25900,Proposal Sent,2026-08-01,2026-09-16
D01048,L01458,Jordan - Renewal,33600,Proposal Sent,2026-08-02,2026-08-18
D01049,L01460,Hurst - Platform,22200,Demo Scheduled,2026-09-19,2026-08-13
D01050,L01462,Zachariah - Pilot,108100,Proposal Sent,2026-08-02,2026-06-09
D01051,L01462,Zachariah - Enterprise,16300,New,2027-01-23,2026-07-14
D01052,L01465,Tucker - Expansion,55500,Closed Won,2026-09-21,2026-06-13
D01053,L01468,Iyengar - Pilot,13200,Proposal Sent,2026-12-01,2026-06-22
D01054,L01468,Iyengar - Platform,6700,Qualified,2026-10-20,2026-05-08
D01055,L01471,Morris - Enterprise,9200,Negotiation,2026-10-04,2026-07-29
D01056,L01479,Kibe - Expansion,28700,Closed Won,2026-07-20,2026-06-24
D01057,L01479,Kibe - Enterprise,43100,Proposal Sent,2026-07-29,2026-08-16
D01058,L01484,Taylor - Enterprise,163300,Qualified,2026-11-15,2026-09-17
D01059,L01485,Hale - Expansion,9000,Qualified,2026-08-12,2026-05-30
D01060,L01486,Key - Expansion,22000,New,2026-09-16,2026-09-14
D01061,L01488,Khurana - Expansion,3300,Closed Lost,2026-08-08,2026-06-29
D01062,L01488,Khurana - Platform,20700,Negotiation,2027-01-19,2026-06-27
D01063,L01489,Walsh - Platform,11200,Negotiation,2027-01-06,2026-08-09
D01064,L01491,Bhatt - Pilot,86200,Qualified,2026-08-13,2026-07-28
D01065,L01496,Guha - Platform,8200,Closed Won,2026-09-11,2026-06-27
D01066,L01498,Kala - Renewal,32000,Demo Scheduled,2026-09-13,2026-06-06
D01067,L01500,Bera - Platform,33500,Closed Won,2026-06-06,2026-05-22
D01068,L01501,Stewart - Expansion,12600,Proposal Sent,2027-01-17,2026-09-05
D01069,L01502,Tara - Platform,21800,Closed Lost,2026-08-11,2026-09-05
D01070,L01502,Tara - Expansion,37700,Demo Scheduled,2026-10-13,2026-07-31
D01071,L01506,Reid - Renewal,16400,Qualified,2026-08-24,2026-07-23
D01072,L01506,Reid - Platform,83100,Demo Scheduled,2026-09-01,2026-06-22
D01073,L01512,Alvarez - Platform,18800,New,2026-11-13,2026-05-18
D01074,L01515,Dash - Renewal,20300,Proposal Sent,2026-08-12,2026-06-07
D01075,L01516,Jani - Expansion,61700,Closed Lost,2026-08-10,2026-05-22
D01076,L01518,Pillai - Enterprise,38000,Negotiation,2027-01-01,2026-08-24
D01077,L01521,Finch - Pilot,20000,Negotiation,2026-08-22,2026-09-16
D01078,L01522,Naidu - Expansion,23000,Closed Won,2026-04-02,2026-06-23
D01079,L01524,Davies - Pilot,26400,Demo Scheduled,2027-01-17,2026-07-27
D01080,L01525,Jackson - Expansion,15200,New,2026-10-28,2026-09-09
D01081,L01526,Duffy - Expansion,23000,Qualified,2026-08-03,2026-09-04
D01082,L01527,Mohan - Renewal,46200,Negotiation,2026-09-29,2026-09-04
D01083,L01533,Allen - Pilot,24800,Qualified,2026-11-09,2026-05-29
D01084,L01535,Sama - Pilot,55400,Closed Won,2026-07-03,2026-06-08
D01085,L01536,Sathe - Renewal,6000,Negotiation,2026-12-03,2026-08-16
D01086,L01537,Bumb - Expansion,13600,Demo Scheduled,2026-08-16,2026-06-06
D01087,L01539,Kelly - Enterprise,31200,Qualified,2026-12-19,2026-06-04
D01088,L01541,Moore - Platform,10300,Demo Scheduled,2026-09-16,2026-09-23
D01089,L01543,Moore - Enterprise,8200,Closed Won,2026-06-14,2026-09-17
D01090,L01546,Baker - Enterprise,11200,Closed Lost,2026-04-22,2026-06-16
D01091,L01547,Panchal - Pilot,5900,Qualified,2026-12-29,2026-05-31
D01092,L01549,Holt - Pilot,47700,Proposal Sent,2026-09-03,2026-09-01
D01093,L01550,Rastogi - Pilot,16400,Closed Won,2026-08-27,2026-07-07
D01094,L01551,Sengupta - Platform,19600,Qualified,2026-08-12,2026-09-25
D01095,L01552,Bumb - Pilot,3600,Demo Scheduled,2026-09-26,2026-08-06
D01096,L01554,Mohanty - Renewal,7000,Proposal Sent,2027-01-07,2026-09-03
D01097,L01554,Mohanty - Renewal,24000,Negotiation,2027-01-23,2026-05-18
D01098,L01556,Barnett - Platform,6000,Demo Scheduled,2026-09-13,2026-09-05
D01099,L01556,Barnett - Platform,16000,Qualified,2026-08-22,2026-07-19
D01100,L01559,Montoya - Renewal,5300,New,2026-09-21,2026-08-28
D01101,L01562,Hayward - Expansion,10000,Closed Won,2026-05-26,2026-05-28
D01102,L01563,Lawrence - Platform,23900,Qualified,2026-11-04,2026-05-21
D01103,L01563,Lawrence - Renewal,122100,New,2026-11-17,2026-05-20
D01104,L01564,Randhawa - Enterprise,14000,Closed Won,2026-05-10,2026-06-15
D01105,L01566,Hill - Expansion,13800,Proposal Sent,2026-08-03,2026-08-31
D01106,L01566,Hill - Renewal,156400,Qualified,2026-12-09,2026-09-14
D01107,L01567,Bull - Expansion,4200,Qualified,2027-01-11,2026-06-20
D01108,L01568,Thomas - Platform,6700,Qualified,2026-09-21,2026-09-07
D01109,L01568,Thomas - Platform,25400,Closed Won,2026-06-24,2026-08-30
D01110,L01569,Carr - Enterprise,12800,Proposal Sent,2026-08-25,2026-06-10
D01111,L01570,Turner - Expansion,13600,Qualified,2026-08-03,2026-05-04
D01112,L01570,Turner - Renewal,41800,Demo Scheduled,2026-12-05,2026-05-07
D01113,L01573,Nichols - Enterprise,41800,Proposal Sent,2026-11-29,2026-07-29
D01114,L01575,Moran - Pilot,78600,Proposal Sent,2026-09-12,2026-08-27
D01115,L01577,Atkinson - Pilot,12600,Demo Scheduled,2026-12-28,2026-07-20
D01116,L01578,Alvarez - Enterprise,16500,Proposal Sent,2026-08-17,2026-08-16
D01117,L01579,Bhargava - Platform,19900,Proposal Sent,2026-08-02,2026-04-29
D01118,L01584,Baldwin - Expansion,48100,Proposal Sent,2026-12-08,2026-07-15
D01119,L01584,Baldwin - Enterprise,22600,Proposal Sent,2026-11-19,2026-08-22
D01120,L01585,Evans - Renewal,7700,New,2026-12-14,2026-05-07
D01121,L01590,Lambert - Expansion,14800,Demo Scheduled,2027-01-05,2026-06-13
D01122,L01591,Jimenez - Expansion,45700,New,2026-11-23,2026-08-11
D01123,L01594,Spence - Renewal,65900,Proposal Sent,2026-09-21,2026-09-03
D01124,L01597,Mitchell - Platform,8500,Demo Scheduled,2026-09-08,2026-09-22
D01125,L01598,Peterson - Pilot,80600,Closed Lost,2026-06-07,2026-08-27
D01126,L01598,Peterson - Pilot,15700,Demo Scheduled,2027-01-20,2026-07-26
D01127,L01599,Atwal - Platform,8600,Qualified,2026-08-06,2026-09-11
D01128,L01600,Bail - Expansion,18700,Proposal Sent,2026-10-11,2026-07-30
D01129,L01601,Bansal - Enterprise,74900,Closed Lost,2026-05-09,2026-08-25
D01130,L01601,Bansal - Pilot,21700,New,2026-10-07,2026-07-05
D01131,L01604,Nagy - Pilot,1800,New,2026-12-28,2026-09-08
D01132,L01613,Watson - Platform,5000,Negotiation,2026-11-08,2026-07-28
D01133,L01615,Setty - Enterprise,10900,New,2026-09-19,2026-07-07
D01134,L01616,Meza - Renewal,24700,Proposal Sent,2026-07-30,2026-07-01
D01135,L01620,Hunter - Enterprise,15500,Demo Scheduled,2026-12-23,2026-09-17
D01136,L01624,Jones - Pilot,55800,Demo Scheduled,2027-01-06,2026-05-18
D01137,L01625,Trujillo - Renewal,7800,Qualified,2027-01-03,2026-09-18
D01138,L01626,Clarke - Pilot,26500,New,2027-01-12,2026-08-23
D01139,L01631,Williams - Renewal,25700,Closed Won,2026-03-25,2026-07-27
D01140,L01632,Hale - Enterprise,12200,Closed Lost,2026-04-03,2026-05-07
D01141,L01634,Evans - Pilot,124900,New,2026-10-07,2026-09-24
D01142,L01636,Smith - Platform,30800,Qualified,2026-08-20,2026-09-09
D01143,L01636,Smith - Expansion,11100,Closed Lost,2026-06-24,2026-06-28
D01144,L01637,Harrison - Platform,3400,Closed Lost,2026-07-07,2026-08-22
D01145,L01638,Mangat - Enterprise,76900,Closed Lost,2026-09-01,2026-09-07
D01146,L01639,Mcdonald - Enterprise,4200,Qualified,2026-10-17,2026-08-12
D01147,L01640,Hill - Renewal,13200,Qualified,2026-11-02,2026-06-09
D01148,L01644,Taylor - Platform,71500,New,2026-09-30,2026-05-10
D01149,L01644,Taylor - Enterprise,95000,Closed Won,2026-04-28,2026-07-28
D01150,L01646,Varma - Expansion,4700,Negotiation,2026-09-04,2026-08-11
D01151,L01647,Bryant - Pilot,76900,Qualified,2026-09-14,2026-05-11
D01152,L01650,Taylor - Renewal,13900,Demo Scheduled,2026-12-09,2026-09-16
D01153,L01650,Taylor - Expansion,9200,Proposal Sent,2026-10-28,2026-05-05
D01154,L01651,Osborne - Platform,16300,Proposal Sent,2026-10-23,2026-09-20
D01155,L01653,Hayes - Platform,9100,Proposal Sent,2026-11-27,2026-06-09
D01156,L01654,Perry - Renewal,15400,Qualified,2026-08-21,2026-05-31
D01157,L01655,Wagner - Enterprise,13500,New,2026-12-26,2026-05-18
D01158,L01657,Oconnell - Enterprise,35300,Closed Lost,2026-09-15,2026-05-16
D01159,L01659,Randhawa - Platform,11500,Demo Scheduled,2026-11-09,2026-09-20
D01160,L01662,Srivastava - Enterprise,16300,New,2026-10-02,2026-09-19
D01161,L01664,Lopez - Renewal,6500,Closed Won,2026-09-09,2026-06-26
D01162,L01665,Kaur - Platform,20600,New,2026-10-22,2026-09-20
D01163,L01667,Ward - Pilot,4000,Qualified,2027-01-18,2026-06-23
D01164,L01670,Williams - Expansion,11700,New,2026-10-07,2026-05-01
D01165,L01672,Das - Expansion,14800,Qualified,2026-08-31,2026-05-11
D01166,L01676,Thomas - Platform,9900,Closed Won,2026-06-02,2026-05-23
D01167,L01677,Taylor - Enterprise,10200,Negotiation,2026-10-13,2026-05-16
D01168,L01681,Clarke - Expansion,18400,Negotiation,2026-09-16,2026-09-04
D01169,L01682,Davis - Renewal,20300,Closed Won,2026-04-15,2026-07-02
D01170,L01683,Shaw - Enterprise,34500,New,2026-10-11,2026-05-23
D01171,L01684,Sathe - Pilot,13300,Negotiation,2026-08-09,2026-09-12
D01172,L01684,Sathe - Renewal,9500,Closed Lost,2026-09-17,2026-07-15
D01173,L01685,Wright - Renewal,70000,Demo Scheduled,2026-12-28,2026-07-28
D01174,L01686,Middleton - Pilot,8300,Negotiation,2026-09-04,2026-06-10
D01175,L01687,Walsh - Platform,42300,Demo Scheduled,2026-09-22,2026-06-26
D01176,L01688,Hussain - Pilot,800,New,2026-11-10,2026-06-04
D01177,L01688,Hussain - Platform,20900,Proposal Sent,2027-01-22,2026-05-07
D01178,L01692,Thaman - Enterprise,11000,Closed Lost,2026-06-13,2026-07-26
D01179,L01692,Thaman - Expansion,7500,Closed Lost,2026-07-16,2026-08-08
D01180,L01693,Buckley - Pilot,16800,Closed Won,2026-03-17,2026-05-06
D01181,L01693,Buckley - Expansion,47900,Demo Scheduled,2026-08-03,2026-06-27
D01182,L01694,Tara - Platform,58700,Qualified,2026-10-12,2026-08-03
D01183,L01694,Tara - Platform,62900,New,2026-12-25,2026-09-14
D01184,L01696,Contreras - Renewal,11500,Closed Won,2026-06-13,2026-07-26
D01185,L01699,Brown - Expansion,6800,Negotiation,2026-11-13,2026-09-17
D01186,L01703,Jenkins - Enterprise,26700,Qualified,2026-08-04,2026-07-25
D01187,L01707,Handa - Enterprise,18100,New,2026-12-28,2026-06-15
D01188,L01707,Handa - Platform,22700,Closed Won,2026-03-30,2026-07-06
D01189,L01708,Moore - Renewal,15200,Closed Won,2026-05-19,2026-07-09
D01190,L01708,Moore - Platform,19300,Demo Scheduled,2026-11-13,2026-06-13
D01191,L01709,Raj - Enterprise,11900,Qualified,2026-11-23,2026-06-19
D01192,L01710,Nazareth - Expansion,30200,Negotiation,2026-08-01,2026-06-30
D01193,L01713,Setty - Pilot,3300,Qualified,2026-09-08,2026-05-21
D01194,L01714,Thomson - Expansion,92300,Closed Won,2026-05-29,2026-05-12
D01195,L01715,Roberts - Expansion,19500,New,2026-08-11,2026-07-09
D01196,L01716,Turner - Enterprise,21000,Closed Won,2026-05-03,2026-06-01
D01197,L01716,Turner - Expansion,7000,Negotiation,2026-12-03,2026-07-10
D01198,L01718,Dewan - Platform,36000,Proposal Sent,2026-10-08,2026-07-30
D01199,L01720,Dara - Enterprise,34900,Closed Won,2026-03-31,2026-07-08
D01200,L01723,Wilkinson - Expansion,5500,Qualified,2026-09-18,2026-06-22
D01201,L01724,Price - Platform,14000,Closed Won,2026-07-24,2026-08-26
D01202,L01724,Price - Expansion,9500,Demo Scheduled,2026-12-29,2026-09-11
D01203,L01726,Oconnell - Renewal,4600,Closed Lost,2026-07-29,2026-08-28
D01204,L01727,Rush - Pilot,50000,Negotiation,2026-09-11,2026-09-01
D01205,L01729,Guha - Platform,7200,Proposal Sent,2026-08-07,2026-06-19
D01206,L01730,Hunt - Expansion,23500,Negotiation,2026-09-10,2026-05-30
D01207,L01732,Gentry - Platform,6300,Closed Won,2026-09-14,2026-08-17
D01208,L01733,Kerr - Expansion,26300,Qualified,2026-08-19,2026-07-24
D01209,L01734,Bir - Platform,13500,Demo Scheduled,2026-08-10,2026-09-10
D01210,L01736,Frazier - Platform,88000,Demo Scheduled,2026-08-19,2026-06-13
D01211,L01736,Frazier - Expansion,26000,Demo Scheduled,2026-12-15,2026-06-01
D01212,L01737,Sabharwal - Expansion,53100,Qualified,2026-10-14,2026-05-06
D01213,L01737,Sabharwal - Enterprise,21200,Negotiation,2026-09-13,2026-07-19
D01214,L01738,Das - Platform,11100,Demo Scheduled,2027-01-19,2026-09-21
D01215,L01739,Badal - Pilot,30500,New,2026-09-30,2026-05-11
D01216,L01740,Alvarez - Renewal,9700,New,2026-08-18,2026-08-13
D01217,L01742,Narayanan - Enterprise,9400,Closed Lost,2026-03-17,2026-05-02
D01218,L01742,Narayanan - Platform,20300,Closed Won,2026-09-07,2026-06-27
D01219,L01743,Ravi - Platform,26100,Proposal Sent,2026-11-21,2026-09-18
D01220,L01744,Ali - Enterprise,11000,Closed Lost,2026-05-17,2026-08-24
D01221,L01744,Ali - Enterprise,16900,Qualified,2026-09-14,2026-06-28
D01222,L01745,Harrison - Expansion,31500,Qualified,2026-08-08,2026-09-20
D01223,L01747,Raghavan - Platform,9500,New,2026-11-02,2026-06-26
D01224,L01747,Raghavan - Expansion,12200,Closed Won,2026-07-10,2026-06-30
D01225,L01748,Bir - Enterprise,11700,Qualified,2026-08-18,2026-07-21
D01226,L01749,Saran - Expansion,15900,Closed Lost,2026-06-02,2026-05-17
D01227,L01751,Thomson - Expansion,10800,Negotiation,2026-11-02,2026-09-12
D01228,L01751,Thomson - Pilot,27800,Demo Scheduled,2026-08-29,2026-06-20
D01229,L01752,Dubey - Expansion,28600,Demo Scheduled,2026-12-25,2026-09-05
D01230,L01755,Farrell - Expansion,56900,Qualified,2026-08-28,2026-07-05
D01231,L01760,Soni - Platform,45200,Qualified,2026-12-19,2026-06-05
D01232,L01761,Bala - Renewal,16100,Proposal Sent,2026-08-20,2026-05-04
D01233,L01762,Santiago - Renewal,12100,New,2026-11-05,2026-06-12
D01234,L01764,Baral - Expansion,19200,Proposal Sent,2026-09-08,2026-08-16
D01235,L01765,Fernandez - Platform,18900,Negotiation,2026-07-28,2026-06-22
D01236,L01766,Rodriguez - Expansion,11900,Closed Lost,2026-07-19,2026-06-09
D01237,L01766,Rodriguez - Renewal,18200,Demo Scheduled,2026-11-09,2026-06-15
D01238,L01767,Spence - Expansion,35600,Demo Scheduled,2026-10-04,2026-05-27
D01239,L01768,Brown - Pilot,5200,Qualified,2027-01-06,2026-06-29
D01240,L01772,Thomas - Expansion,28200,Qualified,2026-11-22,2026-05-14
D01241,L01772,Thomas - Renewal,12500,Demo Scheduled,2026-09-06,2026-08-26
D01242,L01775,Hans - Renewal,13000,Qualified,2026-12-31,2026-06-26
D01243,L01777,Jenkins - Enterprise,22000,Proposal Sent,2026-11-17,2026-09-23
D01244,L01779,Cooke - Pilot,25200,Qualified,2026-12-04,2026-08-17
D01245,L01780,Rivera - Expansion,123400,New,2026-12-09,2026-08-01
D01246,L01781,Sama - Enterprise,37300,Demo Scheduled,2026-11-10,2026-09-13
D01247,L01786,Dayal - Enterprise,12900,Qualified,2026-10-12,2026-07-26
D01248,L01787,Williams - Platform,48100,Demo Scheduled,2026-11-29,2026-07-18
D01249,L01787,Williams - Expansion,11300,Demo Scheduled,2026-08-01,2026-06-17
D01250,L01788,Brennan - Renewal,22800,Demo Scheduled,2026-10-04,2026-08-22
D01251,L01788,Brennan - Pilot,10500,New,2026-10-21,2026-07-11
D01252,L01790,Connor - Renewal,14300,Negotiation,2026-10-25,2026-08-17
D01253,L01792,Patla - Expansion,84000,New,2026-08-18,2026-08-01
D01254,L01796,Lloyd - Pilot,13300,Proposal Sent,2026-08-19,2026-08-01
D01255,L01798,Guerra - Expansion,27500,Negotiation,2026-10-04,2026-09-20
D01256,L01798,Guerra - Platform,201900,Closed Won,2026-06-05,2026-05-03
D01257,L01801,Whitehead - Pilot,25800,Demo Scheduled,2026-08-14,2026-07-11
D01258,L01801,Whitehead - Enterprise,34700,New,2026-10-14,2026-08-31
D01259,L01802,Dawson - Enterprise,95600,Proposal Sent,2026-09-11,2026-05-16
D01260,L01804,Reeves - Renewal,6300,Qualified,2026-11-18,2026-04-29
D01261,L01804,Reeves - Platform,13200,Closed Lost,2026-07-11,2026-07-20
D01262,L01808,Walker - Renewal,31600,Proposal Sent,2027-01-12,2026-08-20
D01263,L01808,Walker - Expansion,5600,Negotiation,2026-12-24,2026-07-26
D01264,L01809,Bhatia - Enterprise,16900,Qualified,2026-10-28,2026-09-12
D01265,L01811,Turner - Renewal,22900,Negotiation,2026-11-23,2026-09-07
D01266,L01815,Chand - Renewal,52800,Qualified,2026-10-29,2026-07-22
D01267,L01816,Dugar - Renewal,11000,Qualified,2027-01-06,2026-07-03
D01268,L01818,Cox - Pilot,11200,Proposal Sent,2026-10-16,2026-06-24
D01269,L01820,Manning - Enterprise,17000,Closed Won,2026-08-29,2026-05-24
D01270,L01821,Hodges - Platform,30400,Negotiation,2026-11-08,2026-08-26
D01271,L01823,Douglas - Expansion,15900,Qualified,2027-01-11,2026-05-29
D01272,L01824,Douglas - Platform,30000,Closed Won,2026-07-01,2026-07-25
D01273,L01824,Douglas - Enterprise,12800,Closed Lost,2026-04-10,2026-06-30
D01274,L01826,Anderson - Expansion,31300,Demo Scheduled,2026-10-08,2026-08-25
D01275,L01827,Barad - Platform,4500,Proposal Sent,2026-11-04,2026-09-18
D01276,L01829,Bassi - Renewal,13400,Demo Scheduled,2026-08-06,2026-07-18
D01277,L01831,Moore - Enterprise,7300,Negotiation,2026-09-11,2026-06-16
D01278,L01831,Moore - Platform,33000,Closed Lost,2026-04-18,2026-07-27
D01279,L01835,Sathe - Pilot,43200,Negotiation,2026-10-26,2026-07-26
D01280,L01835,Sathe - Expansion,39000,Demo Scheduled,2027-01-16,2026-09-14
D01281,L01836,Alvarez - Enterprise,2400,New,2026-12-11,2026-08-02
D01282,L01836,Alvarez - Platform,49400,Qualified,2026-10-24,2026-09-06
D01283,L01837,Wright - Pilot,17700,Proposal Sent,2026-10-15,2026-07-29
D01284,L01838,Leonard - Renewal,10900,Qualified,2026-12-20,2026-09-09
D01285,L01840,Chad - Platform,25500,Qualified,2027-01-14,2026-06-24
D01286,L01842,Todd - Renewal,50500,Proposal Sent,2026-09-05,2026-06-30
D01287,L01843,Owen - Enterprise,30900,Qualified,2026-11-25,2026-05-19
D01288,L01843,Owen - Renewal,13800,Closed Won,2026-07-21,2026-09-03
D01289,L01848,Francis - Expansion,17200,Proposal Sent,2026-09-08,2026-05-03
D01290,L01850,Bradley - Renewal,16200,Closed Won,2026-05-27,2026-07-18
D01291,L01851,Howard - Expansion,27400,Negotiation,2026-09-12,2026-07-14
D01292,L01853,Allen - Enterprise,53400,Closed Won,2026-09-02,2026-06-30
D01293,L01854,Thakkar - Enterprise,9000,Closed Lost,2026-04-27,2026-05-10
D01294,L01854,Thakkar - Pilot,3100,New,2026-12-26,2026-06-08
D01295,L01855,Brown - Renewal,45000,Proposal Sent,2026-10-07,2026-08-22
D01296,L01856,Nolan - Pilot,9000,Qualified,2026-12-08,2026-09-10
D01297,L01858,Walker - Renewal,15800,New,2026-09-19,2026-07-13
D01298,L01858,Walker - Platform,12500,Demo Scheduled,2026-11-28,2026-06-06
D01299,L01859,Thompson - Pilot,32600,Closed Won,2026-06-14,2026-05-25
D01300,L01860,Chadha - Renewal,10500,Negotiation,2026-08-13,2026-08-19
D01301,L01860,Chadha - Enterprise,43500,New,2026-12-14,2026-09-13
D01302,L01862,Holland - Platform,57900,Closed Won,2026-05-05,2026-07-22
D01303,L01862,Holland - Expansion,3700,Proposal Sent,2026-11-24,2026-06-15
D01304,L01863,Turner - Renewal,32400,Proposal Sent,2026-08-02,2026-05-03
D01305,L01864,Clark - Expansion,28700,Negotiation,2026-09-24,2026-08-25
D01306,L01864,Clark - Enterprise,20700,Proposal Sent,2026-10-31,2026-05-09
D01307,L01865,Davis - Renewal,12200,Demo Scheduled,2026-07-30,2026-07-02
D01308,L01865,Davis - Enterprise,90300,Closed Lost,2026-03-27,2026-06-30
D01309,L01867,Jackson - Renewal,85500,New,2026-08-25,2026-09-19
D01310,L01869,Nayar - Platform,22000,Closed Won,2026-07-19,2026-06-23
D01311,L01870,Bora - Platform,5400,Qualified,2027-01-03,2026-07-26
D01312,L01872,Khosla - Expansion,14100,Demo Scheduled,2026-10-22,2026-06-29
D01313,L01873,Horne - Platform,5500,Negotiation,2026-10-13,2026-08-08
D01314,L01874,Lam - Enterprise,37600,Demo Scheduled,2027-01-06,2026-09-22
D01315,L01876,Carter - Platform,112700,New,2026-12-01,2026-08-07
D01316,L01876,Carter - Enterprise,16600,New,2026-11-10,2026-05-02
D01317,L01877,Pandya - Renewal,12500,Qualified,2027-01-22,2026-07-28
D01318,L01881,Mack - Platform,37100,Demo Scheduled,2026-10-02,2026-06-14
D01319,L01881,Mack - Renewal,11000,Demo Scheduled,2027-01-14,2026-06-01
D01320,L01884,Bal - Pilot,7200,Proposal Sent,2026-11-25,2026-07-20
D01321,L01886,Quinn - Expansion,57300,Qualified,2026-12-02,2026-09-25
D01322,L01886,Quinn - Enterprise,68800,Qualified,2026-10-07,2026-06-05
D01323,L01888,Ward - Renewal,5800,Proposal Sent,2026-10-24,2026-07-13
D01324,L01889,Cain - Expansion,102700,Demo Scheduled,2026-12-24,2026-07-11
D01325,L01891,Mendez - Renewal,94000,New,2026-08-10,2026-06-17
D01326,L01892,Rees - Expansion,14200,Demo Scheduled,2027-01-16,2026-05-17
D01327,L01892,Rees - Pilot,3500,Proposal Sent,2026-11-21,2026-08-03
D01328,L01893,Brown - Platform,46500,Qualified,2027-01-18,2026-05-19
D01329,L01894,Narain - Renewal,4700,Proposal Sent,2026-10-25,2026-08-10
D01330,L01894,Narain - Renewal,4400,Closed Lost,2026-08-23,2026-06-13
D01331,L01896,Saxena - Renewal,23800,Closed Lost,2026-07-04,2026-08-04
D01332,L01896,Saxena - Pilot,12300,Proposal Sent,2026-11-09,2026-08-09
D01333,L01900,Andrews - Pilot,20800,New,2026-11-17,2026-08-09
D01334,L01902,Hammond - Pilot,2700,Qualified,2026-09-07,2026-08-01
D01335,L01905,Edwards - Platform,11100,New,2026-11-07,2026-09-25
D01336,L01905,Edwards - Pilot,7700,Demo Scheduled,2026-10-24,2026-06-17
D01337,L01906,Boone - Pilot,18200,Proposal Sent,2026-08-20,2026-09-13
D01338,L01907,Sridhar - Expansion,23800,Closed Won,2026-05-16,2026-07-01
D01339,L01907,Sridhar - Expansion,11500,Qualified,2026-11-27,2026-04-30
D01340,L01910,Clayton - Expansion,18800,Qualified,2026-10-28,2026-07-24
D01341,L01912,Smith - Expansion,44000,Closed Lost,2026-06-11,2026-06-09
D01342,L01915,Evans - Platform,6400,New,2026-09-12,2026-08-23
D01343,L01915,Evans - Platform,91900,New,2026-09-29,2026-07-04
D01344,L01922,Moody - Pilot,69400,Proposal Sent,2026-11-28,2026-08-05
D01345,L01922,Moody - Platform,11400,Closed Won,2026-09-05,2026-07-08
D01346,L01925,Keer - Enterprise,14200,Demo Scheduled,2027-01-14,2026-06-08
D01347,L01926,Hawkins - Enterprise,18300,Closed Won,2026-07-26,2026-09-21
D01348,L01927,Johnston - Expansion,13700,New,2026-11-29,2026-09-20
D01349,L01928,Williams - Platform,12800,Negotiation,2027-01-11,2026-07-18
D01350,L01929,Rodriguez - Pilot,40300,Proposal Sent,2027-01-02,2026-09-11
D01351,L01931,Ryan - Expansion,22800,New,2026-11-24,2026-08-31
D01352,L01931,Ryan - Enterprise,16100,Qualified,2026-11-08,2026-09-12
D01353,L01932,Reeves - Expansion,8900,New,2026-12-11,2026-08-08
D01354,L01932,Reeves - Expansion,18400,Qualified,2026-12-21,2026-07-27
D01355,L01934,Ellis - Expansion,9700,Demo Scheduled,2026-08-19,2026-05-24
D01356,L01935,Hicks - Enterprise,8500,Proposal Sent,2026-08-22,2026-05-04
D01357,L01936,Finch - Enterprise,22300,Negotiation,2026-08-04,2026-06-27
D01358,L01936,Finch - Pilot,67300,New,2026-09-24,2026-09-25
D01359,L01942,Murray - Expansion,67300,Qualified,2027-01-05,2026-09-04
D01360,L01943,Sastry - Expansion,46300,Closed Lost,2026-07-07,2026-08-28
D01361,L01947,Landry - Renewal,9800,Closed Won,2026-08-06,2026-09-05
D01362,L01947,Landry - Pilot,25900,Proposal Sent,2026-12-14,2026-05-01
D01363,L01952,Jones - Renewal,2300,Negotiation,2026-11-23,2026-07-11
D01364,L01952,Jones - Pilot,24400,Qualified,2026-10-14,2026-07-10
D01365,L01954,Alvarez - Expansion,17000,New,2026-11-01,2026-06-14
D01366,L01954,Alvarez - Pilot,71700,Negotiation,2026-10-14,2026-05-02
D01367,L01955,Soni - Platform,23100,Qualified,2026-12-11,2026-05-28
D01368,L01957,Reynolds - Enterprise,7900,Proposal Sent,2026-08-09,2026-06-10
D01369,L01959,Mammen - Pilot,11100,Demo Scheduled,2026-10-09,2026-08-21
D01370,L01959,Mammen - Enterprise,12800,New,2026-10-02,2026-09-12
D01371,L01961,Morris - Platform,8800,Closed Lost,2026-08-18,2026-08-27
D01372,L01963,Drake - Expansion,16300,Demo Scheduled,2026-08-13,2026-06-10
D01373,L01968,Lalla - Pilot,31400,Closed Lost,2026-05-06,2026-05-01
D01374,L01969,Gibbs - Expansion,31800,Closed Won,2026-09-20,2026-05-25
D01375,L01972,Leonard - Platform,30800,Qualified,2026-12-27,2026-08-15
D01376,L01974,Purohit - Platform,26700,Demo Scheduled,2026-07-30,2026-05-04
D01377,L01975,Dubey - Platform,9200,Negotiation,2027-01-06,2026-06-13
D01378,L01976,Misra - Enterprise,16100,Qualified,2026-11-20,2026-07-04
D01379,L01977,Morris - Pilot,23100,Negotiation,2026-10-08,2026-05-22
D01380,L01982,Oconnor - Enterprise,10600,Closed Won,2026-05-17,2026-07-28
D01381,L01984,Loyal - Enterprise,25600,Qualified,2026-09-20,2026-05-28
D01382,L01986,Thompson - Platform,40200,Qualified,2026-12-05,2026-05-25
D01383,L01986,Thompson - Pilot,61800,Qualified,2026-10-23,2026-08-03
D01384,L01987,Singh - Pilot,21400,Demo Scheduled,2026-08-22,2026-05-31
D01385,L01988,Lloyd - Expansion,52500,Qualified,2026-08-08,2026-08-24
D01386,L01989,Saxena - Renewal,29900,Qualified,2026-08-04,2026-06-26
D01387,L01990,Balakrishnan - Expansion,35800,New,2026-12-25,2026-07-18
D01388,L01990,Balakrishnan - Expansion,56100,New,2027-01-09,2026-09-07
D01389,L01991,Campbell - Platform,8500,Demo Scheduled,2026-10-31,2026-09-16
D01390,L01994,Herring - Expansion,46900,Closed Won,2026-09-13,2026-07-30
D01391,L01996,Davis - Enterprise,33500,Closed Lost,2026-03-27,2026-07-02
D01392,L01999,Barad - Renewal,31400,Closed Lost,2026-06-18,2026-05-17
D01393,L01999,Barad - Expansion,15600,Proposal Sent,2026-08-30,2026-06-07
D01394,L02000,Choudhry - Enterprise,169600,New,2026-08-16,2026-06-07
D01395,L02000,Choudhry - Platform,16200,Qualified,2026-08-30,2026-09-15
D01396,L02201,Browning - Pilot,169100,Negotiation,2026-10-03,2026-09-22
D01397,L02202,Garcia - Pilot,123000,Negotiation,2026-10-20,2026-09-18
D01398,L02203,Samra - Pilot,33500,Proposal Sent,2026-10-13,2026-09-08
D01399,L02204,Yates - Platform,55100,Negotiation,2026-10-28,2026-09-09
D01400,L02205,Duran - Expansion,32000,Demo Scheduled,2026-11-06,2026-09-08
D01401,L02206,Vala - Platform,143100,Negotiation,2026-10-12,2026-09-16
D01402,L02207,French - Pilot,80400,Negotiation,2026-10-26,2026-09-02
D01403,L02208,Hodgson - Enterprise,39100,Negotiation,2026-10-11,2026-09-18
D01404,L02209,Oliver - Enterprise,42700,Proposal Sent,2026-10-10,2026-09-15
D01405,L02210,Sani - Expansion,21600,Demo Scheduled,2026-11-01,2026-09-22
D01406,L02211,Parmer - Pilot,156100,Proposal Sent,2026-10-09,2026-09-23
D01407,L02212,Gray - Pilot,89400,Negotiation,2026-10-22,2026-09-07
D01408,L02213,Simmons - Enterprise,60100,Proposal Sent,2026-10-14,2026-09-11
D01409,L02214,Parry - Platform,67600,Proposal Sent,2026-10-30,2026-09-02
D01410,L02215,Rattan - Pilot,38900,Demo Scheduled,2026-11-14,2026-09-11
D01411,L02216,Slater - Enterprise,172300,Negotiation,2026-10-09,2026-09-21
D01412,L02217,Bullock - Expansion,100500,Proposal Sent,2026-10-23,2026-09-12
D01413,L02218,Gardiner - Platform,45600,Negotiation,2026-10-23,2026-09-18
D01414,L02219,Varty - Enterprise,42100,Negotiation,2026-10-19,2026-09-11
D01415,L02220,Din - Platform,26200,Demo Scheduled,2026-10-25,2026-09-01
D01416,L02221,Mckenzie - Enterprise,96100,Proposal Sent,2026-10-16,2026-09-23
D01417,L02222,Reese - Platform,151900,Negotiation,2026-10-25,2026-09-04
D01418,L02223,Daniel - Expansion,41100,Negotiation,2026-10-15,2026-09-13
D01419,L02224,Hayer - Enterprise,41500,Negotiation,2026-10-26,2026-09-03
D01420,L02225,Agarwal - Enterprise,42000,Demo Scheduled,2026-10-21,2026-09-20
D01421,L02226,Dutt - Platform,169700,Proposal Sent,2026-10-02,2026-09-12
D01422,L02227,Nanda - Pilot,112000,Proposal Sent,2026-10-13,2026-09-18
D01423,L02228,Weeks - Expansion,70000,Negotiation,2026-10-20,2026-09-03
D01424,L02229,Sethi - Enterprise,77300,Proposal Sent,2026-10-25,2026-09-13
D01425,L02230,Malhotra - Expansion,42400,Proposal Sent,2026-11-10,2026-09-15
D01426,L02231,Huerta - Enterprise,186400,Proposal Sent,2026-10-04,2026-09-19
D01427,L02232,Rose - Platform,91000,Negotiation,2026-10-05,2026-09-17
D01428,L02234,Parikh - Platform,98600,Qualified,2026-08-21,2026-09-01
D01429,L02235,Chowdhury - Enterprise,173600,Proposal Sent,2026-10-13,2026-09-18
D01430,L02236,Strong - Platform,75400,Negotiation,2026-10-06,2026-09-19
D01431,L02238,Wilkins - Platform,129200,Qualified,2026-08-31,2026-09-03
D01432,L02239,Stevenson - Enterprise,165000,Proposal Sent,2026-10-10,2026-09-14
D01433,L02240,Talwar - Platform,90700,Negotiation,2026-10-01,2026-09-19
D01434,L02242,Holloway - Platform,134700,Qualified,2026-08-11,2026-09-09
D01435,L02243,Luthra - Enterprise,187600,Proposal Sent,2026-10-17,2026-09-10
D01436,L02244,Goswami - Platform,91100,Negotiation,2026-10-16,2026-09-08
D01437,L02246,Love - Platform,124300,Qualified,2026-08-06,2026-09-18
