lead_id,name,company,email,phone,title,industry,company_size,country,source,created_at,last_contact_date,email_status
L00995,Corey Weeks,Collier Corp,corey.weeks@collier.com,7122840083,CFO,Healthcare,50,Germany,LinkedIn Ads,2024-11-09,2024-12-25,valid
L01053,Crystal Johnston,Bansal Inc.,,(555)278-2019x04322,IT Director,Logistics,250,India,Website,2026-03-01,2026-07-26,valid
L01091,Marian Holden,Buckley LLC,marian.holden@buckley.com,0134808735,IT Director,Real Estate,3000,USA,Website,2025-09-01,2025-10-25,valid
L01318,Tristan Saxena,Tiwari Technologies,tristan.saxena@tiwari.com,02966563370,VP Operations,Logistics,25,UAE,Webinar,2026-04-19,2026-06-25,valid
L01761,Julia Chen,Bala Inc.,julia.chen@bala.com,+917193678576,CTO,Manufacturing,8000,UK,LinkedIn Ads,2024-11-14,2026-07-07,valid
L02115,ALAN MARTIN-SMITH,Lad Pvt Technologies,ALAN.MARTIN-SMITH@LAD.COM,8669327841,Founder,E-commerce,10,India,Webinar,2026-03-11,2026-04-30,valid
L01181,Nandini Gill,Kramer LLC,nandini.gill@kramer.com,001-830-809-6258x857,CFO,Retail,250,UAE,Webinar,2026-06-22,2026-06-30,valid
L00820,Lance Kirk,Barad Inc.,lance.kirk@barad.com,+1-451-855-3334,Engineering Manager,Real Estate,1200,Australia,Referral,2024-10-13,2026-07-13,valid
L01196,Dr Brett Woods,Subramanian Corp,dr.woods@subramanian.com,+919531419615,Founder,Telecom,1200,Germany,LinkedIn Ads,2026-01-05,2026-01-11,valid
L01328,Adweta Walla,Davis Solutions,,07357422332,VP Operations,Logistics,1200,UAE,Webinar,2025-06-28,2025-07-27,valid
L00541,Jeffrey Howard,Jones Technologies,jeffrey.howard@jones.com,01174960134,Founder,Healthcare,3000,Singapore,Website,2026-03-11,2026-03-20,valid
L00621,Michelle Shah,Connolly Technologies,michelle.shah@connolly.com,+44114 4960966,Head of Sales,Manufacturing,25,Australia,Webinar,2024-12-04,2026-08-22,valid
L00405,Bhavani Dey,Nelson LLC,bhavani.dey@nelson.com,0141 496 0831,COO,Logistics,500,USA,Trade Show,2026-06-21,2026-09-04,valid
L00888,Naveen Pillai,Mangat Solutions,naveen.pillai@mangat.com,(0113)4960642,Founder,Manufacturing,8000,Germany,Cold Outbound,2026-04-12,2026-09-10,valid
L01201,Nicole Wallace DDS,Trujillo LLC,nicole.dds@trujillo.com,+919114131935,VP Operations,E-commerce,10,Singapore,Referral,2026-03-09,2026-06-06,valid
L01350,Meghana Konda,Prakash LLC,meghana.konda@prakash.com,01184960449,Founder,Logistics,3000,UAE,LinkedIn Ads,2025-04-24,2026-08-17,valid
L00420,Daniel Nanda,Clark Technologies,daniel.nanda@clark.com,6048615265,Procurement Manager,Logistics,10,Germany,Website,2025-02-10,2026-06-15,valid
L00562,Megha Dugal,Watkins Corp,megha.dugal@watkins.com,+916527172722,CFO,FinTech,50,UAE,Webinar,2026-06-06,2026-09-09,valid
L01446,Glen Skinner,Pai Group,glen.skinner@pai.com,+911643690283,Founder,Logistics,50,UK,Website,2026-03-11,2026-06-27,valid
L00265,Devika Bera,Padmanabhan Group,devika.bera@padmanabhan.com,0778795654,CTO,Telecom,10,USA,Referral,2025-05-09,2026-07-06,valid
L01658,Bernard Tanner,Wells Solutions,bernard.tanner@wells.com,+44(0)292018066,Engineering Manager,Telecom,120,UAE,Website,2026-02-16,2026-06-06,valid
L00739,Theresa Bass,Ryan Technologies,theresa.bass@ryan.com,0116 496 0687,COO,E-commerce,10,Germany,Webinar,2024-11-19,2026-07-08,valid
L00155,Lakshit Dani,Sathe Technologies,lakshit.dani@sathe.com,+44(0)117 4960721,COO,Real Estate,120,Germany,Website,2025-02-28,2026-09-21,valid
L01054,Sandra Mason,Sule LLC,sandra.mason@sule.com,(347)507-3920,CTO,Logistics,500,UAE,Referral,2026-08-24,2026-08-24,valid
L01541,Nicole Nguyen,Moore Pvt Ltd,,(559)498-5193,VP Operations,Manufacturing,250,USA,LinkedIn Ads,2025-01-09,2025-03-03,valid
L01779,Kevin King,Cooke LLC,kevin.king@cooke.com,797.743.6990,Procurement Manager,EdTech,1200,USA,Webinar,2026-07-07,2026-07-07,valid
L01533,Frederick Ellis,Allen Corp,frederick.ellis@allen.com,02619038422,Engineering Manager,Healthcare,8000,USA,LinkedIn Ads,2025-09-16,2026-08-02,valid
L01919,Diya Edwin,Loyal Corp,diya.edwin@loyal.com,771-314-8656,CTO,Manufacturing,10,UAE,Webinar,2024-10-23,2026-09-04,bounced
L00031,Pallavi Ratti,Baral Inc.,pallavi.ratti@baral.com,+1-788-892-4141x8328,Head of Sales,FinTech,25,India,Cold Outbound,2025-09-26,2026-07-16,valid
L00327,Gregory Davis,Leonard Technologies,gregory.davis@leonard.com,+44(0)1184960955,Head of Sales,EdTech,120,Australia,Trade Show,2024-10-07,2026-06-11,valid
L00298,Neel Sharaf,Balasubramanian Ltd,neel.sharaf@balasubramanian.com,+44(0)1632960907,Head of Sales,FinTech,50,UAE,Cold Outbound,2025-06-27,2026-09-14,valid
L01056,Andrew Thompson,Bryant Ltd,andrew.thompson@bryant.com,+911231261632,Head of Sales,Telecom,120,USA,Cold Outbound,2024-12-01,2026-09-11,valid
L01851,Jacob Robinson,Howard Group,jacob.robinson@howard.com,+1-891-742-6937,IT Director,Real Estate,250,Singapore,LinkedIn Ads,2025-04-11,2026-09-08,valid
L00118,Chatura Arya,Moody Pvt Ltd,chatura.arya@moody.com,(0118) 4960397,Growth Lead,Healthcare,250,Australia,Webinar,2026-02-28,2026-07-04,valid
L00105,John Webb,Hussain Pvt Ltd,john.webb@hussain.com,+918801994883,CFO,Media,3000,India,Website,2025-08-20,2025-09-29,valid
L00948,Bryan Lopez,Dubey Pvt Ltd,bryan.lopez@dubey.com,+44114 496 0147,Founder,EdTech,3000,India,Referral,2025-10-31,2026-07-31,valid
L00810,Miss Sara Charlton,Rajagopalan Pvt Ltd,miss.charlton@rajagopalan.com,+917215622949,Procurement Manager,Healthcare,10,Singapore,Referral,2025-07-19,2026-06-06,valid
L00754,George Wong,Sullivan Inc.,george.wong@sullivan.com,(954)827-8207,COO,E-commerce,25,UK,Cold Outbound,2025-12-14,2026-01-02,valid
L00068,Michael Davis,Soni LLC,michael.davis@soni.com,(0131) 4960869,IT Director,Healthcare,1200,UAE,Website,2025-07-18,2026-07-23,valid
L01415,Evelyn Lewis,Andrews Group,evelyn.lewis@andrews.com,+44(0)28 9018 0470,VP Operations,E-commerce,1200,Singapore,LinkedIn Ads,2025-09-28,2026-08-11,valid
L01802,Fiyaz Mangal,Dawson Corp,fiyaz.mangal@dawson.com,+1-443-500-0375x398,CFO,Logistics,250,Germany,Webinar,2026-03-31,2026-08-27,valid
L01444,Logan Sarraf,Nigam Pvt Ltd,logan.sarraf@nigam.com,558.296.9335,VP Operations,Logistics,10,UAE,Trade Show,2026-03-20,2026-07-28,valid
L01621,Nicholas Patrick,Armstrong Solutions,nicholas.patrick@armstrong.com,07489047607,Head of Sales,Telecom,8000,India,Website,2026-05-07,2026-06-21,valid
L00514,Daksha Shankar,Smith Inc.,daksha.shankar@smith.com,(0116)4960927,COO,Telecom,120,Germany,Website,2025-10-10,2026-09-04,valid
L01528,Zashil Deshpande,Brown Corp,zashil.deshpande@brown.com,863.427.1353x867,Founder,Telecom,1200,Germany,Webinar,2025-05-02,2026-08-13,bounced
L01889,Riya Radhakrishnan,Cain Group,riya.radhakrishnan@cain.com,+919911549044,Founder,Real Estate,250,UK,Webinar,2026-02-02,2026-08-08,valid
L00053,David Fry,Martin Pvt Ltd,,(0117) 496 0252,IT Director,Media,8000,Germany,Referral,2026-04-18,2026-07-17,valid
L01865,Jennifer Clark,Davis Corp,jennifer.clark@davis.com,+1-880-862-0073x0242,Procurement Manager,E-commerce,25,Australia,LinkedIn Ads,2026-01-04,2026-01-04,valid
L00696,Wendy Cunningham,Moore Ltd,wendy.cunningham@moore.com,(028)9018868,CFO,Telecom,250,Australia,Cold Outbound,2025-11-25,2026-06-20,valid
L00259,Madhavi Sekhon,Andrews Corp,madhavi.sekhon@andrews.com,254.894.6519,CTO,Real Estate,10,USA,Webinar,2025-10-23,2026-08-06,valid
L00331,Jack Rajan,Lee Corp,jack.rajan@lee.com,09473864631,Engineering Manager,Telecom,120,Australia,Cold Outbound,2024-11-12,2026-07-13,valid
L00819,Eta Walia,Cooper Ltd,eta.walia@cooper.com,3959232342,CTO,Media,120,Germany,Website,2025-07-12,2025-07-15,valid
L00371,Anthony White,Anderson Inc.,anthony.white@anderson.com,02761707587,VP Operations,Real Estate,250,USA,Webinar,2026-04-17,2026-08-28,valid
L00685,Gareth Taylor,Gallagher Technologies,gareth.taylor@gallagher.com,+44(0)151 4960699,CTO,EdTech,500,UK,Webinar,2024-10-20,2026-09-15,valid
L00335,Vedhika Vaidya,Palmer Corp,vedhika.vaidya@palmer.com,+917114773201,Procurement Manager,Media,8000,UK,Website,2024-12-05,2026-07-04,valid
L01017,Mr Julian Robson,Walsh Corp,mr.robson@walsh.com,+441914960487,Procurement Manager,E-commerce,120,UK,Website,2025-08-31,2026-06-19,valid
L00251,Stephanie Soto,Handa Ltd,stephanie.soto@handa.com,+44(0)292018795,Growth Lead,Healthcare,1200,USA,Webinar,2024-12-07,2026-06-18,valid
L00620,Barbara Flores,Contreras Inc.,barbara.flores@contreras.com,001-553-579-5381x649,CFO,Logistics,8000,Singapore,Webinar,2026-01-08,2026-02-10,valid
L00629,Fitan Pandit,Maldonado Pvt Ltd,fitan.pandit@maldonado.com,+44(0)808 157 0331,COO,Media,1200,USA,Referral,2025-02-01,2025-02-09,valid
L00247,Jack Agrawal,Tella Technologies,,+919157018409,CFO,Telecom,50,India,LinkedIn Ads,2025-04-10,2026-07-22,valid
L00660,Bimala Chaudhry,Sahni Ltd,bimala.chaudhry@sahni.com,+44161 496 0546,IT Director,FinTech,120,Singapore,Trade Show,2026-01-24,2026-09-15,valid
L00359,Stacey Burton,White Corp,stacey.burton@white.com,(0808) 1570857,COO,Media,3000,UK,Referral,2024-10-11,2026-06-06,valid
L01384,Ashley Murphy,Rowe Technologies,ashley.murphy@rowe.com,(0191)4960064,IT Director,Telecom,10,Australia,Webinar,2026-03-04,2026-09-03,valid
L02134,Toby Webb ,MANNING Ltd,,+44(0)28 9018 0374,Growth Lead,E-commerce,1200,Singapore,Website,2026-02-19,2026-06-13,valid
L01585,Vaishnavi Mand,Evans Technologies,,+1-208-878-8653x859,VP Operations,Real Estate,250,India,Trade Show,2024-11-27,2024-12-25,valid
L00582,Hemang Brahmbhatt,Delacruz Corp,hemang.brahmbhatt@delacruz.com,5034281139,CFO,E-commerce,3000,UK,Webinar,2026-05-15,2026-06-02,valid
L00352,Kathryn Martinez,Harper Group,kathryn.martinez@harper.com,+448081570984,IT Director,Manufacturing,1200,UAE,Trade Show,2026-02-03,2026-06-03,valid
L01293,Rohan Anne,Lutz Group,rohan.anne@lutz.com,+441154960020,Engineering Manager,Telecom,500,USA,LinkedIn Ads,2025-04-01,2026-06-24,valid
L00312,Lee Lee,Wilson Corp,lee.lee@wilson.com,+441174960430,IT Director,FinTech,120,Australia,LinkedIn Ads,2024-11-05,2026-08-14,valid
L02022,K. Minhas,Hunter LLC,KEYA.MINHAS@HUNTER.COM,+44289018997,Growth Lead,Logistics,10,UAE,LinkedIn Ads,2025-08-16,2026-05-25,valid
L00045,Tracy Foster,Brown Pvt Ltd,tracy.foster@brown.com,+1-344-220-6788x31712,COO,Real Estate,3000,USA,Trade Show,2026-07-22,2026-07-22,valid
L00319,Adrian Day,Sagar LLC,adrian.day@sagar.com,01959796471,CTO,Telecom,50,UAE,Webinar,2025-04-04,2026-06-02,valid
L00052,Kim Wells,Chen Pvt Ltd,kim.wells@chen.com,4270103930,Growth Lead,Real Estate,3000,Australia,Cold Outbound,2026-04-04,2026-08-31,valid
L01106,Alan Taylor,Fox Pvt Ltd,alan.taylor@fox.com,+917628397620,COO,FinTech,10,UK,Website,2026-07-23,2026-07-23,valid
L01885,Ryan Leblanc,Keller Solutions,ryan.leblanc@keller.com,01314960167,Engineering Manager,Healthcare,250,USA,Trade Show,2025-05-14,2026-08-06,valid
L00362,Claire Wells,Naidu Group,claire.wells@naidu.com,+44(0)28 9018 0931,Engineering Manager,Media,50,UK,LinkedIn Ads,2026-07-31,2026-07-31,valid
L01778,Hemangini Tank,Gaba Ltd,hemangini.tank@gaba.com,+44289018037,VP Operations,Retail,120,India,Cold Outbound,2025-03-07,2026-06-18,valid
L00195,Aadi Toor,Morar Technologies,aadi.toor@morar.com,2095935186,CTO,Manufacturing,8000,India,LinkedIn Ads,2025-08-21,2025-10-03,valid
L01856,Thomas Guzman,Nolan Technologies,thomas.guzman@nolan.com,(0191)4960907,CFO,EdTech,1200,UK,Website,2026-07-29,2026-07-29,valid
L00300,Mathew Allen,Kashyap Corp,mathew.allen@kashyap.com,+1-719-750-8501x65790,Procurement Manager,Retail,3000,Australia,LinkedIn Ads,2026-05-13,2026-07-30,valid
L01307,Ms Mary Atkinson,Wason Ltd,ms.atkinson@wason.com,02505833343,Procurement Manager,Media,50,UAE,Webinar,2025-06-03,2026-08-02,valid
L00877,Audrey Roberts,Babu Corp,audrey.roberts@babu.com,+1-852-663-5602x29394,Founder,Real Estate,8000,Australia,Website,2024-11-02,2026-09-19,valid
L01898,Wazir Batta,Quinn Solutions,wazir.batta@quinn.com,+919346754182,Head of Sales,FinTech,3000,Singapore,Referral,2025-12-22,2026-01-20,valid
L00007,Mr Adrian Lewis,Jones Corp,mr.lewis@jones.com,(0116) 4960586,COO,FinTech,250,USA,Website,2026-07-04,2026-07-04,valid
L02074,G. Roy,Bumb Solutions,,+1-990-776-7699x150,CTO,Healthcare,250,UK,Webinar,2026-07-18,2026-07-22,valid
L00669,Kara Bell,Ward Group,kara.bell@ward.com,+44(0)1914960217,Procurement Manager,EdTech,3000,India,Cold Outbound,2026-01-20,2026-01-20,valid
L00648,Rachel Turner-Chapman,Bala Technologies,rachel.turner-chapman@bala.com,+441144960430,Head of Sales,EdTech,1200,UAE,Trade Show,2025-04-16,2025-04-29,valid
L00211,Isaiah Sachdev,Clark Inc.,isaiah.sachdev@clark.com,05355904259,CTO,Healthcare,500,India,Website,2026-07-02,2026-07-02,valid
L01263,Jo Chapman,Norris Inc.,jo.chapman@norris.com,001-644-888-3842x536,Engineering Manager,E-commerce,25,Germany,Website,2026-05-01,2026-08-03,valid
L00468,Francesca Howell-Edwards,Doyle Ltd,francesca.howell-edwards@doyle.com,03027169385,CTO,Real Estate,3000,UK,Referral,2025-07-22,2026-07-04,valid
L00863,Chatresh Parmar,Clayton Ltd,chatresh.parmar@clayton.com,+44115 496 0191,Founder,Logistics,25,Singapore,Website,2025-06-04,2026-08-07,valid
L00698,Robert Memon,Lad Pvt Ltd,robert.memon@lad.com,335-737-5137x65158,Founder,E-commerce,10,India,Cold Outbound,2026-05-19,2026-05-19,valid
L00280,Jairaj Wason,Suresh Solutions,jairaj.wason@suresh.com,04601585174,COO,EdTech,120,Australia,Webinar,2025-10-21,2026-09-26,valid
L00878,Martha Mcintyre,Bir Technologies,martha.mcintyre@bir.com,0666437490,Founder,Healthcare,500,USA,Cold Outbound,2025-09-19,2025-10-01,valid
L01624,Simon Briggs-Mann,Jones Pvt Ltd,simon.briggs-mann@jones.com,04496539160,CTO,Retail,250,USA,Referral,2025-09-03,2026-08-21,valid
L01298,Upasna Misra,Clarke LLC,upasna.misra@clarke.com,0298310438,Growth Lead,Logistics,25,UK,Trade Show,2026-01-03,2026-06-06,valid
L00347,Kelli Lopez,Sarraf Pvt Ltd,kelli.lopez@sarraf.com,+917489690835,CFO,Healthcare,10,UAE,Website,2026-05-08,2026-07-06,valid
L00343,Gabriel Murray,Russell Corp,gabriel.murray@russell.com,8640790569,Founder,Retail,25,USA,Trade Show,2025-03-09,2025-03-13,valid
L01746,Maya Yohannan,Varkey LLC,,397-393-9981x6153,COO,Manufacturing,3000,Australia,Cold Outbound,2025-09-23,2026-07-14,valid
L02067,Y. Price,Collins LLC,,6739510458,Head of Sales,EdTech,10,India,Webinar,2025-03-05,2026-03-04,valid
L00024,Mrs Kirsty Garner,Thomson Solutions,mrs.garner@thomson.com,+913611155426,COO,Real Estate,1200,Australia,LinkedIn Ads,2026-07-01,2026-07-01,valid
L00412,Mrs Gemma Fletcher,Dugar Solutions,mrs.fletcher@dugar.com,+44121 4960975,Founder,Retail,25,UK,Referral,2025-10-18,2026-09-25,valid
L00788,Jai Walla,Rai Group,jai.walla@rai.com,+44113 496 0770,COO,Manufacturing,10,Singapore,Website,2024-10-12,2026-06-07,bounced
L01165,Mr Matthew Blackburn,Roberts Group,mr.blackburn@roberts.com,3964713971,Growth Lead,Retail,120,Singapore,Referral,2025-10-15,2026-07-11,valid
L00010,Melanie Parsons,Williams LLC,melanie.parsons@williams.com,2499125134,Growth Lead,Logistics,50,Germany,Cold Outbound,2025-07-24,2026-06-04,valid
L00481,Randall Porter,Quinn Solutions,randall.porter@quinn.com,001-789-924-1956x252,Growth Lead,Real Estate,1200,Australia,Cold Outbound,2025-02-22,2026-09-16,valid
L00480,Dominic Mallick,Moody Pvt Ltd,dominic.mallick@moody.com,(028) 9018 0501,CTO,Logistics,25,Germany,Trade Show,2025-11-14,2026-09-08,valid
L01598,Gregory Morgan,Peterson Corp,gregory.morgan@peterson.com,+44(0)1164960741,Procurement Manager,FinTech,8000,Australia,Website,2024-12-21,2026-07-25,valid
L01997,Peter Cross,Hammond Inc.,peter.cross@hammond.com,+4420 7496 0538,IT Director,Retail,25,USA,Cold Outbound,2025-11-19,2026-06-04,valid
L01109,Tara Jones,Palla Group,,+916884133373,Head of Sales,Telecom,1200,Germany,Trade Show,2025-04-10,2026-09-07,valid
L00952,Victor Blake,Andrews Inc.,victor.blake@andrews.com,248.711.3176x5397,COO,Manufacturing,50,USA,Website,2026-06-25,2026-06-27,valid
L00134,Latoya Brown,Wason Ltd,latoya.brown@wason.com,+44(0)151 4960814,Engineering Manager,Telecom,25,India,Webinar,2025-02-27,2025-03-22,valid
L00590,Emily Dillon,Hodges LLC,emily.dillon@hodges.com,317.452.4214x9551,Founder,Telecom,120,Singapore,Referral,2024-11-05,2026-07-29,valid
L00400,Mohamed Hawkins-Page,Bera Ltd,mohamed.hawkins-page@bera.com,08455048926,Procurement Manager,Logistics,25,Australia,Trade Show,2025-04-06,2025-04-10,bounced
L01129,Mohini Grewal,Dar Pvt Ltd,mohini.grewal@dar.com,(028) 9018350,IT Director,EdTech,50,USA,Referral,2026-07-13,2026-07-13,valid
L01936,Jane Herbert-Parsons,Finch LLC,jane.herbert-parsons@finch.com,+44191 496 0913,COO,Healthcare,3000,Australia,Trade Show,2025-01-15,2025-02-28,valid
L00931,Jagdish Mangal,Cooke LLC,jagdish.mangal@cooke.com,+917986321061,IT Director,Manufacturing,25,USA,Website,2026-08-21,2026-09-25,valid
L02077,Brooke Roberts ,tank,BROOKE.ROBERTS@TANK.COM,+1-916-949-8283x85974,CFO,Media,1200,Australia,Website,2026-06-30,2026-06-10,valid
L01794,Ryan Lewis,Tripathi Corp,ryan.lewis@tripathi.com,09407992304,Founder,Healthcare,50,India,Trade Show,2025-08-12,2026-06-21,valid
L00499,Ojas Buch,Mccarthy Pvt Ltd,ojas.buch@mccarthy.com,+916141509377,Founder,E-commerce,250,UAE,Cold Outbound,2025-01-20,2026-06-16,valid
L01383,Marion Dunn,Lee Corp,marion.dunn@lee.com,+44161 4960640,VP Operations,Telecom,3000,India,Website,2025-09-22,2026-06-11,valid
L00649,Yuvraj Raju,Thaman Inc.,yuvraj.raju@thaman.com,01449429659,Head of Sales,EdTech,120,India,Website,2025-05-09,2026-08-01,valid
L00571,Ms Charlene Holmes,Turner Corp,ms.holmes@turner.com,(0808)1570451,CFO,Retail,50,Germany,Trade Show,2025-05-28,2026-06-29,valid
L00727,Sian Kemp,Bera Ltd,sian.kemp@bera.com,+1-911-582-3793x1269,VP Operations,Retail,50,USA,Website,2025-08-30,2026-06-05,valid
L01524,Dalton Serrano,Davies Inc.,dalton.serrano@davies.com,+915647837031,CTO,EdTech,500,UAE,LinkedIn Ads,2024-12-16,2024-12-30,valid
L00271,John Alvarez,Hall Corp,john.alvarez@hall.com,+44(0)1174960667,COO,EdTech,250,Germany,LinkedIn Ads,2026-04-16,2026-07-05,valid
L00962,Mr William Whittaker,Singh Solutions,mr.whittaker@singh.com,8042537337,COO,FinTech,25,India,Cold Outbound,2025-10-26,2025-10-26,valid
L00886,Jade Carter,Taylor Technologies,jade.carter@taylor.com,001-881-907-9649,VP Operations,Logistics,120,UK,LinkedIn Ads,2025-08-14,2026-06-05,valid
L01710,Chanchal Bains,Nazareth Group,chanchal.bains@nazareth.com,(732)995-7378x31597,Head of Sales,EdTech,3000,Germany,Cold Outbound,2026-07-17,2026-08-22,valid
L00459,Christine Hall,Desai Pvt Ltd,,+44(0)306 999 0877,Growth Lead,Logistics,25,India,Trade Show,2025-02-19,2025-03-09,valid
L00153,Miss Irene White,Taylor Group,miss.white@taylor.com,(0141)4960368,Founder,Real Estate,250,USA,LinkedIn Ads,2026-01-24,2026-08-22,valid
L02016,C. Morales,Merchant Corp,CHRISTOPHER.MORALES@MERCHANT.COM,7809645837,Engineering Manager,Retail,500,Germany,Referral,2026-06-03,2026-03-29,valid
L02127,AZAD DESAI,GUHA Ltd,,(934)899-8013,Engineering Manager,Real Estate,50,UK,Referral,2024-11-01,2026-04-13,valid
L01049,Yash Nair,Rodriguez Corp,yash.nair@rodriguez.com,457-538-5736x80119,Procurement Manager,Manufacturing,120,UK,LinkedIn Ads,2026-07-16,2026-07-21,valid
L00833,Nidra Seth,Pau Pvt Ltd,nidra.seth@pau.com,794.987.1485x524,CTO,FinTech,250,Australia,Webinar,2026-08-18,2026-08-18,valid
L01576,Carol Adams,Fletcher Inc.,carol.adams@fletcher.com,03869479025,CFO,EdTech,10,UAE,Trade Show,2026-07-02,2026-08-22,bounced
L01425,Howard Wilkinson,Tomlinson Pvt Ltd,howard.wilkinson@tomlinson.com,+1-615-827-8730,Engineering Manager,Real Estate,120,UAE,Website,2025-12-13,2026-07-10,valid
L01095,Elizabeth Nichols,Green Corp,elizabeth.nichols@green.com,6932591408,CTO,FinTech,50,UK,Webinar,2025-01-19,2025-03-13,valid
L01193,Anthony Wells,Murray Ltd,,1236914961,VP Operations,FinTech,1200,UAE,LinkedIn Ads,2026-07-14,2026-08-10,valid
L00871,Gordon Leonard,Robertson Solutions,gordon.leonard@robertson.com,+1-981-353-5237x36050,Head of Sales,Media,1200,Germany,LinkedIn Ads,2025-01-01,2026-07-09,valid
L00815,Lisa Armstrong,Riggs Inc.,lisa.armstrong@riggs.com,+44306 9990182,Head of Sales,Media,500,USA,Cold Outbound,2025-06-04,2026-06-24,valid
L01221,Sheila Robinson,Walker Corp,sheila.robinson@walker.com,+441164960421,Growth Lead,Healthcare,50,Singapore,LinkedIn Ads,2025-05-22,2026-08-09,valid
L00608,Marion Wilson,Nichols Technologies,marion.wilson@nichols.com,0808 1570281,COO,FinTech,10,UK,Website,2024-11-17,2026-07-20,valid
L00530,Travis Price,Kibe Pvt Ltd,travis.price@kibe.com,8896792408,Head of Sales,Healthcare,10,Germany,Cold Outbound,2026-01-11,2026-09-02,valid
L00617,Stacy Campbell,Kim Pvt Ltd,stacy.campbell@kim.com,+919942376769,CFO,EdTech,1200,UAE,LinkedIn Ads,2026-08-31,2026-08-31,valid
L01961,Bhavini Khatri,Morris Group,bhavini.khatri@morris.com,5295377403,CFO,Logistics,25,Germany,Cold Outbound,2025-09-08,2025-10-11,valid
L00396,Clare Walker,Jani Inc.,,001-847-287-1255x2137,Founder,FinTech,50,India,Referral,2026-03-17,2026-08-11,valid
L00638,Steven Thomas,Wagner Pvt Ltd,steven.thomas@wagner.com,+1-276-950-2412x09579,VP Operations,Retail,500,Singapore,Website,2025-05-19,2026-09-26,valid
L02058,N. Rogers,Rees Solutions,NICOLE.ROGERS@REES.COM,2850215538,VP Operations,Healthcare,120,Singapore,Trade Show,2026-07-24,2026-07-09,valid
L01469,Oliver Biswas,Martin LLC,oliver.biswas@martin.com,+917443602344,Founder,Manufacturing,120,Singapore,Trade Show,2026-04-24,2026-09-19,valid
L00814,Amy Mayo,Baxter Technologies,amy.mayo@baxter.com,+919608587495,IT Director,Healthcare,10,Australia,Cold Outbound,2025-08-21,2026-07-24,bounced
L00223,Shawn Acosta,Li Technologies,shawn.acosta@li.com,06474231220,Founder,FinTech,8000,Germany,Website,2026-07-30,2026-07-30,valid
L00234,Adriana Khan,Mane Pvt Ltd,adriana.khan@mane.com,8302205020,CFO,Manufacturing,50,Germany,Website,2025-08-18,2025-09-09,valid
L00455,Benjamin Shroff,Estes Inc.,benjamin.shroff@estes.com,(028) 9018 0567,IT Director,Logistics,3000,UK,Trade Show,2026-02-24,2026-07-19,valid
L00099,Girik Pradhan,Conley Corp,,+911667467621,CTO,FinTech,250,Singapore,Trade Show,2026-07-22,2026-08-29,valid
L01081,Advaith Goyal,Clarke Technologies,,2095156182,Procurement Manager,Manufacturing,1200,UAE,Cold Outbound,2025-06-26,2026-08-12,valid
L01536,Edward Jensen,Sathe Solutions,edward.jensen@sathe.com,+44(0)1314960144,CTO,Telecom,120,Australia,Cold Outbound,2026-03-20,2026-09-14,valid
L00589,Ian Hayward,Moody Pvt Ltd,ian.hayward@moody.com,(028) 9018710,Procurement Manager,Logistics,250,UK,Website,2024-12-20,2026-06-09,valid
L00048,Sanaya Dixit,Chand Pvt Ltd,sanaya.dixit@chand.com,+1-899-434-7687x014,IT Director,Healthcare,1200,Singapore,Referral,2025-05-08,2026-08-10,valid
L01177,Robert Doyle,Thakkar Technologies,robert.doyle@thakkar.com,3176417268,COO,Telecom,10,Germany,Referral,2026-06-17,2026-08-17,valid
L01843,Donna Harper,Owen Group,donna.harper@owen.com,001-220-786-0146x051,IT Director,Logistics,120,UAE,LinkedIn Ads,2026-04-30,2026-04-30,valid
L01535,Vrishti Sandhu,Sama Inc.,vrishti.sandhu@sama.com,+44115 496 0716,Head of Sales,Real Estate,500,Singapore,Webinar,2025-02-07,2026-07-21,valid
L00209,Tristan Sankaran,Martinez Inc.,tristan.sankaran@martinez.com,02251790864,VP Operations,FinTech,10,Australia,Webinar,2026-05-25,2026-09-09,valid
L00653,Lesley Jackson-Patel,Hussain Pvt Ltd,lesley.jackson-patel@hussain.com,+44191 4960940,Engineering Manager,EdTech,50,USA,Cold Outbound,2026-03-20,2026-09-06,valid
L00344,Guneet Suresh,Ross Pvt Ltd,guneet.suresh@ross.com,001-935-378-5294x563,CTO,FinTech,3000,UAE,Referral,2024-11-13,2026-09-17,valid
L00042,Frances Perry,Palmer Corp,frances.perry@palmer.com,001-890-762-3445,Engineering Manager,EdTech,25,Germany,Trade Show,2025-01-31,2026-08-11,valid
L00148,Willie Dillon,Lutz Group,willie.dillon@lutz.com,469.729.2984,CTO,Logistics,50,Singapore,LinkedIn Ads,2026-05-09,2026-09-12,valid
L01219,Dr Linda Begum,Buchanan LLC,dr.begum@buchanan.com,02642612120,Growth Lead,Logistics,50,UAE,Webinar,2025-01-03,2026-07-16,valid
L01580,Valerie Kelly-Bentley,Wheeler Solutions,valerie.kelly-bentley@wheeler.com,0141 496 0187,CFO,Healthcare,8000,Germany,Cold Outbound,2026-05-07,2026-09-17,valid
L00805,James Jackson,Hayward Technologies,james.jackson@hayward.com,+1-725-487-9643x474,Head of Sales,Real Estate,25,India,Referral,2026-08-07,2026-08-07,valid
L00816,Mr Mitchell Preston,Luna Pvt Ltd,mr.preston@luna.com,+44(0)28 9018316,Engineering Manager,Telecom,120,UK,Referral,2025-02-04,2026-05-29,valid
L02027,Z. Rai,PARKINSON Solutions,,3984028914,CFO,Retail,250,Germany,Website,2024-11-07,2026-07-24,valid
L01325,Michael Briggs,Badal Corp,michael.briggs@badal.com,001-793-589-9204x573,COO,Real Estate,50,UK,Webinar,2025-01-17,2026-08-13,valid
L01294,Jessica White,Good Solutions,jessica.white@good.com,+44(0)29 2018232,Growth Lead,Healthcare,25,USA,Trade Show,2026-08-04,2026-09-07,valid
L02105,N. Garcia,KARAN Corp,,752.773.4114x61331,Growth Lead,Real Estate,8000,USA,Trade Show,2025-09-23,2026-05-18,valid
L01045,Abigail Taylor,Hall Group,abigail.taylor@hall.com,0808 157 0460,Engineering Manager,E-commerce,120,UK,Website,2025-12-27,2026-06-25,valid
L00398,Nimrat Shanker,Bhandari Solutions,nimrat.shanker@bhandari.com,+44(0)3069990507,Engineering Manager,Telecom,500,UK,Referral,2026-06-06,2026-06-26,valid
L01216,Phillip Walsh,Gibbs Technologies,phillip.walsh@gibbs.com,622-842-7677,Engineering Manager,E-commerce,25,UAE,Referral,2025-04-10,2026-06-20,valid
L00545,Charlene Perry,Panchal Ltd,charlene.perry@panchal.com,618.592.3923x1260,Procurement Manager,FinTech,250,UAE,Webinar,2025-03-22,2026-06-23,valid
L00670,Ekavir Brar,Armstrong Inc.,ekavir.brar@armstrong.com,841.717.3098x50344,Founder,FinTech,25,Australia,Referral,2025-11-16,2026-07-26,valid
L01014,Girik Sur,Knight Technologies,girik.sur@knight.com,+910238974326,IT Director,Telecom,8000,Singapore,Webinar,2024-11-27,2026-09-02,valid
L01510,Christopher Rice,Parsons LLC,christopher.rice@parsons.com,0727903716,Engineering Manager,Logistics,3000,UK,Trade Show,2026-02-23,2026-09-15,valid
L01208,Sally Roberts-Parker,James Inc.,sally.roberts-parker@james.com,+1-329-920-7536x051,IT Director,Manufacturing,25,USA,LinkedIn Ads,2025-01-23,2026-08-02,valid
L01526,Kathy Nguyen,Duffy Group,kathy.nguyen@duffy.com,2602925468,Head of Sales,Retail,10,Australia,Webinar,2026-04-11,2026-05-30,valid
L01138,Ashley Olson,Moss Corp,ashley.olson@moss.com,+910385934015,VP Operations,E-commerce,3000,Germany,Referral,2025-03-20,2026-08-15,bounced
L00124,Mary Rivera,Davies LLC,mary.rivera@davies.com,+919878015739,COO,E-commerce,25,USA,LinkedIn Ads,2026-03-17,2026-03-17,valid
L01841,Gavin Krishnan,Swaminathan Pvt Ltd,gavin.krishnan@swaminathan.com,+918664320317,Founder,EdTech,500,USA,Webinar,2025-07-23,2026-05-30,valid
L02007,MEGAN RYAN,SASTRY Corp,MEGAN.RYAN@SASTRY.COM,643.275.1866,VP Operations,Manufacturing,1200,USA,LinkedIn Ads,2025-03-13,2025-01-20,valid
L01003,Dr Ruth Fry,Gallagher Technologies,dr.fry@gallagher.com,829.471.5066,Growth Lead,Real Estate,8000,Australia,Trade Show,2025-07-18,2026-09-24,valid
L02001,A. Bhandari,Sunder Pvt Inc.,,9377756919,Engineering Manager,Media,500,UK,LinkedIn Ads,2024-12-24,2026-06-28,valid
L01708,Lauren Kim,Moore Pvt Ltd,,7802344568,CTO,Media,3000,Singapore,Trade Show,2025-05-26,2026-07-11,valid
L02066,AMOL LATA,Payne Pvt Solutions,,001-914-210-5276x981,CFO,Healthcare,25,Australia,Cold Outbound,2025-06-16,2026-05-17,valid
L00167,Ruben Huff,Brown Inc.,,+911117908075,Head of Sales,FinTech,25,UAE,LinkedIn Ads,2025-04-28,2026-06-04,valid
L01615,Megan Holt,Setty Pvt Ltd,megan.holt@setty.com,8974669194,IT Director,EdTech,50,UK,LinkedIn Ads,2026-07-24,2026-09-07,valid
L00142,John Brown,Douglas Pvt Ltd,john.brown@douglas.com,+910385677005,Founder,Retail,50,USA,Cold Outbound,2025-02-10,2026-07-29,valid
L02085,E. Blake,FIELDS LLC,,01001154773,VP Operations,Media,3000,Singapore,Webinar,2025-03-19,2025-02-14,valid
L00688,Aishani Gola,Green LLC,aishani.gola@green.com,00707057836,COO,Healthcare,50,Australia,Referral,2025-08-27,2026-09-03,valid
L00628,Barbara Flores,Guha Inc.,barbara.flores@guha.com,001-596-371-8839x77457,IT Director,EdTech,120,UK,Webinar,2026-04-20,2026-09-02,valid
L00509,Brian Miller,Brown Corp,brian.miller@brown.com,593-819-5256x90409,Head of Sales,Real Estate,25,Germany,LinkedIn Ads,2025-01-06,2026-07-06,valid
L00657,Catherine Martin,Balakrishnan Solutions,catherine.martin@balakrishnan.com,+918760146723,Head of Sales,Real Estate,8000,UK,Cold Outbound,2025-05-25,2026-09-07,valid
L01539,Sathvik Goyal,Kelly Pvt Ltd,sathvik.goyal@kelly.com,02446931729,Procurement Manager,Manufacturing,25,India,LinkedIn Ads,2026-09-06,2026-09-06,valid
L00825,Chakradev Dhaliwal,Li Ltd,chakradev.dhaliwal@li.com,(290)528-2270,CTO,E-commerce,1200,India,Referral,2025-11-09,2026-06-17,valid
L01284,Mr Christopher Young,Pritchard Technologies,mr.young@pritchard.com,255.982.1477x092,IT Director,Healthcare,3000,USA,Referral,2025-11-27,2026-07-18,valid
L02015,O. Buch,mccarthy pvt,OJAS.BUCH@MCCARTHY.COM,+916141509377,Founder,E-commerce,250,UAE,Webinar,2025-01-20,2026-05-18,valid
L00981,Michael Burke,Varma LLC,michael.burke@varma.com,+4429 2018 0626,Founder,Telecom,25,UAE,Referral,2026-06-06,2026-08-15,valid
L00171,Tyler Cooper,Bryant LLC,tyler.cooper@bryant.com,563.365.5647x2929,VP Operations,FinTech,120,Germany,Website,2025-06-24,2026-06-28,valid
L01607,Lakshmi Rau,Norris Inc.,lakshmi.rau@norris.com,9864912594,COO,EdTech,10,UAE,Cold Outbound,2025-11-26,2026-09-02,valid
L00208,Keith Mills,Taylor Technologies,keith.mills@taylor.com,+441174960206,COO,Real Estate,8000,USA,Website,2026-03-12,2026-03-12,valid
L00256,Ian Cox,Griffiths Pvt Ltd,ian.cox@griffiths.com,02074960719,VP Operations,Manufacturing,50,UK,Cold Outbound,2025-11-23,2026-06-09,valid
L00157,Joanne West,Acosta Solutions,joanne.west@acosta.com,6114351906,Founder,Telecom,500,Australia,Cold Outbound,2026-05-09,2026-08-27,valid
L01653,Robin Donovan,Hayes Pvt Ltd,robin.donovan@hayes.com,09924277392,VP Operations,Telecom,25,India,Cold Outbound,2025-05-23,2026-08-15,valid
L01050,Samarth Sibal,Fletcher Group,samarth.sibal@fletcher.com,1187233351,Head of Sales,EdTech,25,UK,Referral,2026-07-06,2026-07-06,valid
L00443,Frances Bond,Thomas Inc.,frances.bond@thomas.com,07972320024,Head of Sales,Logistics,25,Australia,Webinar,2025-04-14,2026-07-29,valid
L02029,RUTH WHITE-FOWLER,Srinivas LLC,RUTH.WHITE-FOWLER@SRINIVAS.COM,(684)403-5954,Engineering Manager,Manufacturing,500,Singapore,Referral,2025-05-14,2026-07-07,valid
L00132,Helen Thomas,Silva LLC,helen.thomas@silva.com,+442074960688,Procurement Manager,Manufacturing,250,UAE,Webinar,2025-07-15,2026-09-09,valid
L01599,Aaron Giles,Atwal Ltd,aaron.giles@atwal.com,(0115) 4960961,CFO,Real Estate,50,UAE,Referral,2026-06-07,2026-07-13,valid
L00219,Warinder Thaker,Wright Ltd,warinder.thaker@wright.com,+914608432562,Founder,Manufacturing,250,Singapore,Cold Outbound,2026-01-11,2026-09-14,valid
L00203,Sara Ranganathan,Bryant Ltd,sara.ranganathan@bryant.com,001-204-690-8240x4335,IT Director,Retail,500,UK,LinkedIn Ads,2026-01-07,2026-06-10,valid
L01070,Paula Benton,Hayes Pvt Ltd,paula.benton@hayes.com,+44(0)1164960210,COO,Manufacturing,500,UK,Webinar,2024-11-26,2026-08-31,valid
L02096,M. Patel,JAGGI Corp,MATTHEW.PATEL@JAGGI.COM,+44121 496 0085,Engineering Manager,Telecom,10,Germany,Referral,2026-07-25,2026-05-20,valid
L00215,Ekalinga Rama,Gibson Inc.,ekalinga.rama@gibson.com,+44(0)118 496 0510,Growth Lead,Manufacturing,8000,USA,Cold Outbound,2026-06-09,2026-09-09,valid
L00847,Michael Mckee,Vargas Solutions,michael.mckee@vargas.com,00577980660,VP Operations,Retail,25,Australia,Webinar,2025-03-09,2026-08-19,valid
L02012,Ben Shah ,PEREZ Technologies,,+910178822473,Procurement Manager,Healthcare,8000,Singapore,LinkedIn Ads,2025-09-05,2025-09-25,valid
L01365,Angela White,Holland Inc.,angela.white@holland.com,+910123984723,CTO,E-commerce,50,Germany,Website,2026-01-28,2026-01-28,valid
L00419,Pranit Sachdeva,Baxter Technologies,pranit.sachdeva@baxter.com,456.641.1182x42241,VP Operations,Media,500,UK,Referral,2026-01-29,2026-07-28,valid
L00465,Jasmin Harris,Keith Group,jasmin.harris@keith.com,8170580256,Growth Lead,Manufacturing,120,Singapore,Cold Outbound,2026-05-26,2026-07-20,valid
L01391,Meghana Gulati,Alexander Ltd,meghana.gulati@alexander.com,2507524383,Procurement Manager,Healthcare,8000,Australia,Webinar,2025-02-19,2026-06-17,valid
L01022,Callum Thompson-Harris,Hernandez Ltd,callum.thompson-harris@hernandez.com,02632514488,CTO,E-commerce,50,Germany,Trade Show,2025-12-15,2025-12-15,valid
L01685,Upadhriti Halder,Wright Group,upadhriti.halder@wright.com,+910319777486,Head of Sales,EdTech,250,USA,Webinar,2025-06-30,2026-06-09,valid
L01787,Divya Shanker,Williams LLC,divya.shanker@williams.com,0627960242,COO,Real Estate,1200,Australia,LinkedIn Ads,2025-03-19,2026-09-24,bounced
L00554,Vasudha Saini,Lane Corp,vasudha.saini@lane.com,+441614960029,CTO,Logistics,500,Germany,LinkedIn Ads,2025-12-16,2026-08-07,bounced
L01694,Kate Lewis,Tara Corp,kate.lewis@tara.com,1579089458,Growth Lead,Retail,50,Singapore,Website,2025-07-23,2026-07-21,valid
L01923,Geraldine Parker,Hayes Ltd,geraldine.parker@hayes.com,+1-807-316-7532x1633,Growth Lead,Healthcare,25,Australia,Webinar,2026-08-02,2026-08-02,valid
L01481,Nidra Agate,James Corp,nidra.agate@james.com,001-916-992-3273,COO,EdTech,500,USA,Referral,2025-12-05,2026-08-24,valid
L01494,Dayamai Swamy,Ellis Technologies,dayamai.swamy@ellis.com,335-486-1768x225,Procurement Manager,EdTech,10,USA,Website,2025-09-01,2026-07-02,valid
L00902,Ashley Jones,Osborn Solutions,ashley.jones@osborn.com,+912931100591,IT Director,Retail,1200,Australia,Trade Show,2025-12-13,2026-01-01,valid
L00475,Hazel Kent,Bora Inc.,hazel.kent@bora.com,0816470900,COO,Telecom,25,Singapore,Cold Outbound,2025-10-09,2026-09-04,valid
L01378,Fiyaz Dhar,Valdez Technologies,fiyaz.dhar@valdez.com,+44(0)115 4960059,Engineering Manager,EdTech,120,UAE,Trade Show,2026-07-05,2026-07-05,valid
L00553,Jason Dawson,Dave LLC,jason.dawson@dave.com,(0131) 4960571,COO,Media,120,USA,Webinar,2026-05-30,2026-07-01,valid
L01764,Niharika Kulkarni,Baral Inc.,niharika.kulkarni@baral.com,02527410254,COO,Real Estate,3000,Germany,Cold Outbound,2025-10-07,2026-06-09,valid
L01509,Ellie Hall-Barry,Purohit Inc.,ellie.hall-barry@purohit.com,+911137535821,VP Operations,Media,500,UAE,Referral,2025-03-27,2025-05-14,valid
L01520,Dr Benjamin Newton,Murthy Ltd,dr.newton@murthy.com,+1-755-312-8177,Engineering Manager,Media,50,Australia,Trade Show,2025-05-07,2026-08-04,valid
L00426,Bryce Taylor,Harris LLC,bryce.taylor@harris.com,+44(0)1184960639,CTO,E-commerce,10,USA,Cold Outbound,2025-03-22,2026-08-05,valid
L01334,Yashoda Mangat,Anderson Inc.,yashoda.mangat@anderson.com,+44141 496 0397,IT Director,Real Estate,25,UAE,Website,2026-06-06,2026-08-15,valid
L01227,Jill Freeman,Stark Pvt Ltd,jill.freeman@stark.com,+1-463-604-5306x935,Head of Sales,Healthcare,8000,UAE,Cold Outbound,2025-05-01,2026-06-08,bounced
L00743,Christine Miah-Graham,Stokes Pvt Ltd,christine.miah-graham@stokes.com,+914409079772,CFO,Manufacturing,10,India,Trade Show,2026-03-04,2026-08-09,valid
L01517,Melissa Harvey,Turner LLC,melissa.harvey@turner.com,001-224-684-8130,IT Director,EdTech,500,India,Website,2025-04-15,2026-08-06,valid
L00187,Hema Salvi,Wright Ltd,hema.salvi@wright.com,05705120461,COO,Telecom,10,UK,Cold Outbound,2025-12-30,2026-01-26,valid
L00013,Dennis Richardson,Rodriguez Corp,dennis.richardson@rodriguez.com,7721903404,CTO,Media,500,Germany,Website,2025-06-07,2026-08-03,valid
L01462,Jake Braun,Zachariah Group,jake.braun@zachariah.com,+912404326118,CTO,Media,1200,India,Cold Outbound,2026-03-17,2026-07-27,valid
L00987,Phillip Bowen,Pall Corp,phillip.bowen@pall.com,3399111428,CFO,EdTech,50,UAE,Cold Outbound,2025-04-13,2026-09-08,valid
L01816,Ishaan Guha,Dugar Solutions,ishaan.guha@dugar.com,695-819-3500x115,IT Director,FinTech,8000,Singapore,Website,2025-09-16,2026-08-21,valid
L01793,Susan Tomlinson,Pillay Ltd,susan.tomlinson@pillay.com,(895)661-6225,Engineering Manager,Telecom,8000,Australia,Webinar,2026-03-18,2026-07-14,valid
L00411,Vedika Bala,Vaughan Solutions,vedika.bala@vaughan.com,(296)304-4327,CTO,Media,25,UAE,Trade Show,2025-03-02,2025-03-24,valid
L01547,Sue Frank,Panchal Ltd,sue.frank@panchal.com,+919044890932,CFO,Logistics,120,Australia,Cold Outbound,2026-06-08,2026-07-11,valid
L01461,Vaishnavi Dora,Clark Corp,vaishnavi.dora@clark.com,(0141) 496 0496,IT Director,Real Estate,500,Germany,LinkedIn Ads,2024-11-16,2025-01-09,valid
L01287,Mr Elliot Allen,Daniels Technologies,mr.allen@daniels.com,0591611863,Head of Sales,EdTech,250,India,Cold Outbound,2025-10-17,2025-12-01,valid
L01296,Aarnav Bhandari,Sunder Pvt Ltd,aarnav.bhandari@sunder.com,9377756919,Engineering Manager,Media,500,UK,Webinar,2024-12-24,2026-07-21,valid
L00141,Christopher Fry,Booth Pvt Ltd,christopher.fry@booth.com,+44909 8790275,Founder,Real Estate,50,Singapore,Webinar,2026-03-22,2026-06-24,valid
L00270,Samantha Monroe,Peterson LLC,samantha.monroe@peterson.com,03723950410,Founder,FinTech,1200,UAE,Referral,2025-11-05,2025-11-05,valid
L00977,Sam Carter,Krishnamurthy Solutions,sam.carter@krishnamurthy.com,(538)890-2199x4711,COO,E-commerce,3000,India,LinkedIn Ads,2025-11-02,2026-07-18,valid
L00730,Wesley Williams,Sachdeva Solutions,wesley.williams@sachdeva.com,02872866041,CTO,Manufacturing,250,Germany,LinkedIn Ads,2025-06-30,2026-09-13,valid
L01656,Frado Narasimhan,Gutierrez Corp,frado.narasimhan@gutierrez.com,5260756999,COO,Telecom,50,Germany,Referral,2025-03-13,2025-05-04,valid
L01662,Antony Thomson,Srivastava LLC,antony.thomson@srivastava.com,06149745979,Head of Sales,Telecom,1200,India,Cold Outbound,2025-04-19,2026-06-25,valid
L02038,JASON RIVERA,Howard Solutions,JASON.RIVERA@HOWARD.COM,748.801.5373,Engineering Manager,EdTech,500,USA,Trade Show,2025-04-12,2025-03-14,valid
L01132,Madison Anderson,Purohit Inc.,madison.anderson@purohit.com,+44(0)1632 960 946,IT Director,FinTech,50,Germany,Webinar,2024-12-14,2025-01-25,valid
L02073,E. Rowland,Evans Inc.,ELIZABETH.ROWLAND@EVANS.COM,(0161)4960499,Procurement Manager,Healthcare,8000,UAE,Website,2025-05-12,2026-07-03,valid
L01351,Upkaar Madan,Garde Corp,upkaar.madan@garde.com,00882230958,VP Operations,Healthcare,1200,UAE,Website,2025-02-15,2026-06-25,valid
L01840,Thomas Nagar,Chad Inc.,thomas.nagar@chad.com,8357192149,COO,Logistics,8000,UK,Referral,2026-03-24,2026-06-15,valid
L01807,Nathaniel Gala,Stokes Pvt Ltd,,4510462506,Growth Lead,Retail,250,UK,Website,2025-11-05,2025-12-14,valid
L00258,Charles Carpenter,Bera Ltd,charles.carpenter@bera.com,(0808) 157 0022,IT Director,FinTech,8000,Australia,Webinar,2025-04-28,2026-06-07,valid
L01308,Cynthia Miller,Fernandez Pvt Ltd,cynthia.miller@fernandez.com,8760545769,CFO,Telecom,500,UAE,Cold Outbound,2025-04-03,2025-05-30,valid
L00780,Daniel Rodriguez,Morris Corp,daniel.rodriguez@morris.com,+912686536945,Growth Lead,Telecom,3000,UK,Trade Show,2026-08-24,2026-08-24,valid
L00905,Lewis Jones,Lutz Group,lewis.jones@lutz.com,001-379-427-4907x280,Growth Lead,Manufacturing,3000,Germany,Trade Show,2026-02-26,2026-05-29,valid
L01858,Aryan Guha,Walker Solutions,aryan.guha@walker.com,+44(0)131 4960805,Engineering Manager,Real Estate,1200,India,Trade Show,2026-06-21,2026-08-22,valid
L01485,Charlene Brown-Evans,Hale LLC,charlene.brown-evans@hale.com,+914660756999,IT Director,Real Estate,8000,UAE,Webinar,2025-10-12,2026-08-09,bounced
L00892,Leena Varughese,White Ltd,leena.varughese@white.com,+917036924926,COO,E-commerce,500,UAE,Referral,2025-04-03,2026-07-22,valid
L01112,Sam Daniels,Davies Corp,sam.daniels@davies.com,9561337184,CFO,Retail,10,UAE,Cold Outbound,2026-04-25,2026-08-11,valid
L00578,Qabil Singhal,Boone Corp,qabil.singhal@boone.com,+44(0)1154960847,Procurement Manager,EdTech,50,India,Cold Outbound,2025-07-02,2026-06-16,valid
L01897,Frances Ward-Hartley,Atwal Ltd,frances.ward-hartley@atwal.com,+441214960867,Founder,Media,3000,UK,LinkedIn Ads,2024-10-25,2026-07-04,valid
L00456,Nilima Pillai,Smith Technologies,nilima.pillai@smith.com,04602734151,Procurement Manager,EdTech,8000,UK,LinkedIn Ads,2026-03-26,2026-03-26,valid
L01676,Yauvani Sodhi,Thomas Ltd,yauvani.sodhi@thomas.com,+912338686083,IT Director,Manufacturing,500,UAE,LinkedIn Ads,2025-08-24,2026-08-31,valid
L00956,Abdul Ram,Brar Inc.,abdul.ram@brar.com,08081570260,Growth Lead,Retail,120,USA,LinkedIn Ads,2025-08-25,2026-07-05,valid
L01493,Rachel Stewart,Sandhu Corp,rachel.stewart@sandhu.com,+914601915305,Founder,E-commerce,500,Germany,Webinar,2025-09-02,2026-07-31,valid
L01167,Brian Gentry,Combs Technologies,brian.gentry@combs.com,590-572-5873,Engineering Manager,Logistics,1200,India,Website,2025-11-10,2026-06-06,valid
L01795,Laban Kaur,Chandran Group,laban.kaur@chandran.com,(277)381-4564x7437,Procurement Manager,Media,50,UK,Webinar,2026-07-17,2026-07-21,valid
L01630,Dr Jamie Ferguson,Perez Group,dr.ferguson@perez.com,+1-426-861-1584x85805,COO,EdTech,1200,India,Webinar,2025-07-31,2025-08-06,valid
L01066,Mr Keith Jarvis,Sunder Pvt Ltd,mr.jarvis@sunder.com,9056708670,Founder,Real Estate,25,India,Cold Outbound,2024-11-18,2026-06-13,valid
L00380,Lipika Soni,Reed LLC,lipika.soni@reed.com,9616592661,Head of Sales,Real Estate,8000,Australia,Website,2025-05-07,2026-07-12,valid
L02026,B. Blair,VARMA Solutions,BRYCE.BLAIR@VARMA.COM,+914965515641,VP Operations,Real Estate,50,UK,Website,2025-04-10,2026-06-28,valid
L00914,Darika Dutt,Wason Ltd,darika.dutt@wason.com,4969192845,Founder,E-commerce,120,UK,LinkedIn Ads,2025-05-05,2026-08-08,valid
L00436,Manya Hayer,Prabhakar Inc.,manya.hayer@prabhakar.com,+919036133254,Engineering Manager,Logistics,120,Germany,Trade Show,2025-01-03,2026-09-26,valid
L00663,Heather Ball,Williams Group,heather.ball@williams.com,02446176792,Procurement Manager,Logistics,500,UK,LinkedIn Ads,2025-08-24,2026-09-25,valid
L01809,Katherine Campbell,Bhatia Inc.,katherine.campbell@bhatia.com,(0151) 4960934,Founder,E-commerce,10,USA,LinkedIn Ads,2024-11-11,2026-08-07,valid
L01323,Colin Allen,Mishra LLC,colin.allen@mishra.com,(0909) 879 0735,Founder,FinTech,1200,India,LinkedIn Ads,2024-11-25,2026-07-22,valid
L01487,Brittany Taylor,Davis LLC,brittany.taylor@davis.com,679.740.2620x85817,COO,FinTech,1200,UAE,Cold Outbound,2025-05-03,2026-07-13,bounced
L00706,Donald Gonzales,Aguilar Ltd,donald.gonzales@aguilar.com,249-513-4213x8820,IT Director,EdTech,500,India,Website,2025-01-09,2026-07-10,bounced
L01603,Albert Davis,Tomlinson Pvt Ltd,albert.davis@tomlinson.com,975.830.2849,Growth Lead,Manufacturing,25,UK,Website,2024-11-20,2026-09-21,valid
L01389,Martin Mason,Buch Group,martin.mason@buch.com,9994981283,Engineering Manager,Media,50,India,Trade Show,2025-08-30,2026-07-06,valid
L01268,Vivaan Murty,Adams Ltd,vivaan.murty@adams.com,1201227595,Founder,Media,500,Australia,Webinar,2024-11-03,2024-11-19,valid
L02009,MR VICTOR SCOTT,meza,,08201753079,Procurement Manager,Real Estate,25,USA,Trade Show,2024-11-16,2024-10-09,valid
L01265,Clayton Summers,Yang Corp,clayton.summers@yang.com,+441134960855,Engineering Manager,Telecom,10,Australia,Website,2026-08-27,2026-08-27,valid
L01618,Emily Brandt,Wagle Ltd,emily.brandt@wagle.com,0117 4960795,CTO,Real Estate,500,India,Website,2025-03-14,2026-09-06,valid
L01720,Mr Kevin Bevan,Dara Ltd,mr.bevan@dara.com,(867)571-9666x61025,IT Director,Media,3000,Singapore,Webinar,2025-11-17,2026-07-12,valid
L00311,Ross Cook-Clark,Keer Ltd,ross.cook-clark@keer.com,+912814069375,CFO,Telecom,250,Singapore,Trade Show,2025-02-21,2025-02-26,valid
L00379,Karan Parmer,Collins Group,karan.parmer@collins.com,0115 496 0583,Engineering Manager,Retail,50,Singapore,Website,2026-04-24,2026-04-24,valid
L01185,Michael Zimmerman,Saxena Pvt Ltd,michael.zimmerman@saxena.com,+910499809497,VP Operations,Healthcare,3000,India,Webinar,2024-11-13,2026-08-31,valid
L00533,Dhriti Chana,Murphy Technologies,dhriti.chana@murphy.com,+441144960131,VP Operations,Logistics,500,Germany,Cold Outbound,2025-02-20,2026-09-26,valid
L00092,Earl Luna,Roberts Corp,earl.luna@roberts.com,01914960562,Founder,Logistics,25,Germany,Referral,2026-04-22,2026-08-25,valid
L00517,Mr Dale Taylor,Davies LLC,mr.taylor@davies.com,0141 4960475,IT Director,Telecom,50,USA,Webinar,2026-07-24,2026-07-24,valid
L00817,Siya Doshi,Gibson Group,,0131 496 0129,CFO,E-commerce,1200,Singapore,Cold Outbound,2024-10-24,2026-06-27,valid
L00790,Harinakshi Dhar,Gour Technologies,harinakshi.dhar@gour.com,734.915.1773x4547,Growth Lead,FinTech,50,UK,Cold Outbound,2024-11-14,2026-06-29,valid
L00322,Carol Morris,Price Group,carol.morris@price.com,4451895202,Engineering Manager,Logistics,8000,UAE,Webinar,2025-03-31,2026-06-29,valid
L01361,Dr Karl Mitchell,Oak Group,dr.mitchell@oak.com,(217)674-1743,Growth Lead,Telecom,250,UK,Trade Show,2025-11-29,2026-06-02,valid
L00062,Amanda Smith,Nash Solutions,amanda.smith@nash.com,+911526218159,Procurement Manager,Logistics,250,UAE,Website,2025-05-06,2026-06-22,valid
L01542,Wakeeta Gole,Chambers Group,wakeeta.gole@chambers.com,(0909) 8790129,Founder,Media,50,UAE,Referral,2025-01-15,2026-09-07,valid
L00376,Tiffany Nguyen,Chauhan Ltd,tiffany.nguyen@chauhan.com,+441632 960923,COO,Telecom,3000,Australia,LinkedIn Ads,2025-11-20,2026-08-30,valid
L00508,Mr Danny Ward,Sawyer Group,mr.ward@sawyer.com,+44(0)1632 960686,CFO,Retail,500,Germany,Trade Show,2025-06-26,2026-09-21,valid
L01842,Lydia Miles,Todd Corp,,+918246854927,VP Operations,FinTech,25,USA,Website,2026-04-07,2026-09-22,valid
L01765,Unnati Majumdar,Fernandez Pvt Ltd,unnati.majumdar@fernandez.com,01914960566,CFO,Telecom,50,Germany,Referral,2025-02-10,2026-07-11,valid
L01458,Mr Connor Lawrence,Jordan Technologies,mr.lawrence@jordan.com,+441134960577,CTO,E-commerce,250,Australia,LinkedIn Ads,2024-10-17,2026-06-23,valid
L01330,William Hodge,Key Group,william.hodge@key.com,(0116) 496 0225,Procurement Manager,Logistics,1200,Germany,LinkedIn Ads,2025-07-15,2025-09-02,valid
L00310,Jonathan Thomas,Thomas Ltd,jonathan.thomas@thomas.com,02088547492,Head of Sales,Healthcare,1200,Germany,Website,2025-10-18,2025-10-18,valid
L01015,Lynn Dawson,Carter Inc.,lynn.dawson@carter.com,+44(0)1314960501,Growth Lead,Retail,10,Singapore,Webinar,2026-04-02,2026-06-18,bounced
L00842,William Lozano,Sodhi Solutions,william.lozano@sodhi.com,00641769274,VP Operations,Manufacturing,8000,UAE,Webinar,2026-08-18,2026-08-18,valid
L01470,Charles Wong,Thomas Solutions,charles.wong@thomas.com,(652)639-4120,Head of Sales,Logistics,25,USA,LinkedIn Ads,2025-05-19,2025-07-14,valid
L01422,Eric Shaffer,Raju Ltd,eric.shaffer@raju.com,+44(0)151 496 0344,VP Operations,Logistics,500,India,Webinar,2025-03-19,2026-09-21,valid
L00593,Wayne Shaw,Hale LLC,wayne.shaw@hale.com,+44(0)113 4960903,Founder,Telecom,25,UAE,Website,2024-12-11,2025-02-09,valid
L02023,M. Barnes,booth,MICHELE.BARNES@BOOTH.COM,+1-612-434-3888x04851,Engineering Manager,Manufacturing,1200,India,Website,2026-03-17,2026-05-06,valid
L00061,Harrison Srinivas,Bowen Inc.,,+44(0)28 9018327,Head of Sales,Real Estate,50,Germany,Cold Outbound,2026-05-27,2026-09-09,valid
L01553,Miss Tracy Collins,O'Connor Solutions,miss.collins@o'connor.com,(429)841-9375x9192,CFO,Retail,1200,UAE,Cold Outbound,2025-01-20,2026-06-03,valid
L00399,Michelle Holmes,Harris Solutions,michelle.holmes@harris.com,455-262-6060,Growth Lead,Telecom,10,UK,Webinar,2024-12-25,2026-07-30,valid
L01600,Jennifer Anderson,Bail Corp,jennifer.anderson@bail.com,+441134960820,Founder,Logistics,8000,India,Cold Outbound,2025-03-08,2025-03-27,valid
L01636,Elizabeth Anderson,Smith Solutions,elizabeth.anderson@smith.com,7036860506,CFO,Logistics,3000,Germany,Referral,2025-10-27,2026-08-11,bounced
L01213,Widisha Roy,Ward Technologies,widisha.roy@ward.com,964-620-4565x77580,CTO,EdTech,3000,UK,Website,2025-11-14,2026-07-03,valid
L01005,Nitesh Nayar,Hill Solutions,nitesh.nayar@hill.com,+1-959-361-1110x286,Engineering Manager,Media,500,India,Website,2025-01-01,2026-09-26,valid
L00960,Mary Griffin,Peacock LLC,mary.griffin@peacock.com,+44(0)1314960847,Engineering Manager,Retail,250,UAE,LinkedIn Ads,2025-12-22,2026-07-24,valid
L00856,Mr Liam Brown,Gutierrez Corp,mr.brown@gutierrez.com,8974768893,Founder,Media,500,India,Referral,2025-10-31,2026-08-29,valid
L01276,Dr Marilyn Smith,Matthews Technologies,dr.smith@matthews.com,0118 4960784,Procurement Manager,Telecom,120,Australia,Website,2024-12-22,2026-08-14,valid
L00472,Yashawini Basu,Anderson Pvt Ltd,yashawini.basu@anderson.com,+911765636004,Head of Sales,EdTech,8000,Singapore,Trade Show,2026-01-22,2026-08-17,valid
L00297,Sneha Tandon,Perez Pvt Ltd,sneha.tandon@perez.com,380-263-2543,Head of Sales,EdTech,500,Australia,Cold Outbound,2026-05-27,2026-06-07,valid
L00658,Irene Davies-Taylor,Bali Pvt Ltd,irene.davies-taylor@bali.com,+44115 4960620,CFO,E-commerce,3000,UK,Cold Outbound,2025-05-09,2026-05-29,valid
L00397,Kara Mitchell,Manda Inc.,kara.mitchell@manda.com,545-465-3286,CFO,Manufacturing,8000,India,Cold Outbound,2025-09-10,2026-08-06,valid
L00922,Sudiksha Mane,Gara Pvt Ltd,sudiksha.mane@gara.com,001-725-401-0587,IT Director,Retail,3000,USA,Referral,2025-08-25,2025-08-31,valid
L00094,Peter Wright,Jani Corp,peter.wright@jani.com,+1-210-601-6761x84723,CFO,Real Estate,120,Germany,Webinar,2026-07-28,2026-09-02,valid
L00165,Adya Kothari,Brar Inc.,,+916518275539,VP Operations,Real Estate,1200,USA,LinkedIn Ads,2024-10-26,2026-06-10,valid
L01832,Cameron Riley-Woodward,Leonard Technologies,cameron.riley-woodward@leonard.com,4906071210,IT Director,E-commerce,500,Singapore,LinkedIn Ads,2025-12-31,2026-09-05,valid
L01034,Girik Nath,Russell Ltd,girik.nath@russell.com,0211901707,CFO,Media,10,UK,Website,2026-08-01,2026-08-01,valid
L01342,Sarthak More,Morley Corp,sarthak.more@morley.com,791-465-4308,VP Operations,EdTech,3000,Germany,Referral,2025-11-01,2026-09-01,valid
L01026,Yauvani Rau,Williams Solutions,yauvani.rau@williams.com,(939)879-1378,VP Operations,E-commerce,10,India,Cold Outbound,2024-11-26,2025-01-11,valid
L00984,Rajeshri Kumer,Ratta Pvt Ltd,rajeshri.kumer@ratta.com,+914547223989,Head of Sales,EdTech,10,Singapore,Trade Show,2025-10-21,2026-07-15,valid
L01914,Connor Harper,Yang Corp,connor.harper@yang.com,3793631592,IT Director,Manufacturing,25,India,Referral,2025-06-03,2026-09-15,valid
L01117,Onveer Oak,Morris LLC,onveer.oak@morris.com,+448081570797,COO,FinTech,500,Australia,Referral,2026-04-16,2026-07-16,valid
L00900,Lipika Banik,Jones Solutions,lipika.banik@jones.com,(029) 2018465,Engineering Manager,Manufacturing,500,USA,Cold Outbound,2026-05-29,2026-05-29,valid
L02041,Jasmit Thaman ,HALE Ltd,JASMIT.THAMAN@HALE.COM,+911530173167,Head of Sales,Manufacturing,250,UK,Referral,2025-04-23,2026-07-09,valid
L00999,Adam Anderson,Hayre Corp,adam.anderson@hayre.com,3626894301,Growth Lead,EdTech,3000,UK,Website,2024-11-01,2024-11-30,valid
L01240,Ladli Sarma,Bhatia Inc.,ladli.sarma@bhatia.com,300-366-6641x10654,Procurement Manager,Retail,25,Australia,Cold Outbound,2025-11-25,2026-07-04,valid
L00684,Nicole Rogers,Rees Corp,nicole.rogers@rees.com,3059660186,VP Operations,Healthcare,120,Singapore,Webinar,2026-07-24,2026-07-24,valid
L01647,Falan Kadakia,Bryant Ltd,falan.kadakia@bryant.com,001-754-579-4064,Procurement Manager,Retail,120,Germany,LinkedIn Ads,2024-12-06,2025-01-11,valid
L00218,Elizabeth Burns,Pall Corp,elizabeth.burns@pall.com,(0116) 4960055,Procurement Manager,FinTech,3000,Singapore,Referral,2026-08-07,2026-08-07,valid
L01577,Umang Radhakrishnan,Atkinson LLC,umang.radhakrishnan@atkinson.com,(789)504-7238x64100,CTO,Retail,120,UAE,LinkedIn Ads,2025-06-22,2026-05-29,valid
L01282,Lesley Brown-Shah,Martin LLC,lesley.brown-shah@martin.com,766-973-2904,CTO,Media,3000,India,LinkedIn Ads,2024-10-30,2026-08-24,valid
L01532,Mrs Maureen Anderson,Osborn Solutions,mrs.anderson@osborn.com,04053567078,VP Operations,Healthcare,8000,UAE,Referral,2026-04-30,2026-04-30,valid
L00731,Anika Virk,Karan Inc.,anika.virk@karan.com,5922483958,VP Operations,Logistics,8000,Germany,LinkedIn Ads,2025-01-11,2025-02-14,valid
L00631,Emily Lloyd,Tiwari Technologies,emily.lloyd@tiwari.com,07983631462,Founder,Telecom,3000,Australia,LinkedIn Ads,2025-07-12,2026-07-26,valid
L00133,Paul Berger,Naylor Ltd,paul.berger@naylor.com,+916822239431,CFO,Retail,8000,Singapore,Cold Outbound,2025-08-16,2025-09-23,valid
L01571,Gabriel Ford,Shaw Solutions,gabriel.ford@shaw.com,261-676-2313x361,CTO,Logistics,120,Australia,Trade Show,2025-03-02,2026-06-30,valid
L00982,Harry Hill,Norris Inc.,harry.hill@norris.com,01214960369,Engineering Manager,Retail,120,USA,Referral,2025-08-12,2026-06-18,valid
L01875,Steven Watts,Odom LLC,steven.watts@odom.com,+441214960450,Engineering Manager,Logistics,25,Singapore,Website,2026-04-20,2026-07-18,valid
L00599,Lucy Burke-Green,Chand Group,lucy.burke-green@chand.com,04235677826,COO,EdTech,25,India,Website,2024-12-17,2026-06-02,valid
L00519,Shane Robertson,Ortiz Solutions,shane.robertson@ortiz.com,0115 496 0926,Head of Sales,Media,3000,Australia,LinkedIn Ads,2026-09-03,2026-09-03,valid
L01674,Harish Gera,Bennett Group,harish.gera@bennett.com,06400068758,Growth Lead,Telecom,25,Singapore,Webinar,2024-11-30,2026-07-09,valid
L00278,Ashley Alexander,Barton Group,ashley.alexander@barton.com,+910119470720,CTO,E-commerce,120,UK,LinkedIn Ads,2025-03-13,2026-09-20,valid
L00874,Miss Rachael Chambers,Valdez Technologies,miss.chambers@valdez.com,0803149982,COO,Telecom,3000,USA,Webinar,2025-04-03,2026-08-04,valid
L00267,Gregory Thompson,Collins Ltd,gregory.thompson@collins.com,+1-649-604-7128x14429,Engineering Manager,Telecom,1200,Singapore,Website,2025-12-22,2026-08-19,bounced
L00070,Mr Darren Wells,Walsh Pvt Ltd,mr.wells@walsh.com,+912332061632,CFO,Telecom,10,UK,Cold Outbound,2025-12-07,2026-08-19,valid
L02004,A. Butler,pillai,,728.801.8323x53068,IT Director,E-commerce,500,India,LinkedIn Ads,2024-12-17,2026-08-16,valid
L00151,Pavani Desai,Cook Corp,pavani.desai@cook.com,03149864300,Growth Lead,Real Estate,8000,UAE,LinkedIn Ads,2026-08-28,2026-09-02,valid
L02093,T. Wadhwa,FITZGERALD Pvt Ltd,,5573952328,VP Operations,EdTech,8000,UK,Website,2024-12-09,2026-05-13,valid
L00129,Brenda Bailey,Mcguire Corp,,0289018190,COO,Telecom,120,UK,LinkedIn Ads,2025-11-12,2026-07-07,valid
L00516,John Landry,Bali Inc.,,459.862.6301x36749,Growth Lead,Real Estate,50,Germany,Trade Show,2024-11-26,2026-07-21,valid
L00544,Bimala Manda,Raghavan Solutions,bimala.manda@raghavan.com,+916392823414,CFO,Healthcare,500,Germany,Website,2026-09-02,2026-09-21,valid
L00718,Ashley Donaldson,Fitzgerald LLC,ashley.donaldson@fitzgerald.com,0131 496 0298,Head of Sales,Real Estate,50,Singapore,LinkedIn Ads,2024-10-19,2026-09-03,valid
L01754,Dr Lydia Roberts,Murthy Ltd,dr.roberts@murthy.com,+44(0)118 4960814,Engineering Manager,FinTech,250,Australia,Webinar,2025-03-18,2026-07-14,valid
L01477,Terry Clarke-Chapman,Douglas Ltd,terry.clarke-chapman@douglas.com,+914848647082,CTO,Manufacturing,25,Australia,Webinar,2024-11-22,2026-06-13,valid
L00579,Sachi Arya,Newton Ltd,sachi.arya@newton.com,+912009282066,Procurement Manager,FinTech,3000,Singapore,Webinar,2025-10-30,2026-07-16,valid
L01072,Jamie Gallagher,Bansal Technologies,jamie.gallagher@bansal.com,+44(0)28 9018 0164,COO,E-commerce,3000,USA,Webinar,2025-08-25,2025-09-24,valid
L00547,Avni Panchal,Marshall Inc.,,+44(0)1414960350,Engineering Manager,Healthcare,120,Singapore,Referral,2025-11-30,2025-11-30,valid
L00285,Naomi Collins,Gonzalez Inc.,naomi.collins@gonzalez.com,879-793-1365,Head of Sales,EdTech,250,Germany,Cold Outbound,2025-01-12,2026-09-18,valid
L01149,Lawrence Johns,Nori Solutions,lawrence.johns@nori.com,0113 4960491,Engineering Manager,Healthcare,1200,Australia,Cold Outbound,2026-01-13,2026-02-25,valid
L01895,Debra Baker-Cox,Parker Corp,debra.baker-cox@parker.com,+441144960530,VP Operations,Logistics,500,Germany,LinkedIn Ads,2026-02-07,2026-09-08,valid
L00470,Girish Ramaswamy,Lee Ltd,girish.ramaswamy@lee.com,+44(0)1134960324,Procurement Manager,Logistics,3000,Germany,LinkedIn Ads,2025-08-18,2026-05-31,valid
L00082,Chanchal Guha,Stanley Group,chanchal.guha@stanley.com,230.596.5207x44666,Head of Sales,FinTech,250,Germany,Cold Outbound,2025-03-14,2025-03-28,valid
L01661,Priya Setty,Pollard Solutions,priya.setty@pollard.com,+915906200363,Procurement Manager,EdTech,50,India,Website,2025-03-12,2025-05-07,valid
L02121,LOGAN MCKINNEY JR.,Sabharwal Group,LOGAN.JR@SABHARWAL.COM,+44118 4960969,IT Director,Media,8000,Australia,Website,2025-04-24,2025-06-01,valid
L00072,Charles Matthews,Griffiths Pvt Ltd,charles.matthews@griffiths.com,991-948-5646,Procurement Manager,Logistics,120,USA,Webinar,2026-05-09,2026-05-29,valid
L00667,Jeffrey Mitchell,Read Technologies,jeffrey.mitchell@read.com,001-726-883-1901x3020,CFO,E-commerce,120,USA,LinkedIn Ads,2025-07-09,2025-08-07,valid
L00882,Dr Rachel Williams,Willis Group,dr.williams@willis.com,+1-583-235-0902x54257,Head of Sales,Logistics,10,India,Referral,2026-02-08,2026-06-13,valid
L01572,Radhika Mistry,Buch Group,radhika.mistry@buch.com,416.954.4137,Engineering Manager,Media,8000,UK,Website,2026-04-28,2026-04-28,valid
L01500,Michael Snyder,Bera Pvt Ltd,michael.snyder@bera.com,+1-581-682-7306,IT Director,Media,8000,Australia,Cold Outbound,2025-10-03,2025-11-02,valid
L00855,Denise Simpson,Duncan Pvt Ltd,denise.simpson@duncan.com,+441174960337,IT Director,Manufacturing,25,Australia,Trade Show,2025-11-23,2026-06-28,valid
L01253,Alicia Navarro,Gay Solutions,alicia.navarro@gay.com,+1-463-456-4072x3247,Head of Sales,Manufacturing,250,Australia,Referral,2026-07-16,2026-08-15,valid
L01379,Sharon Wright,Cross Pvt Ltd,sharon.wright@cross.com,856-530-2955,IT Director,E-commerce,500,Singapore,Website,2025-10-01,2026-06-10,valid
L00901,Niharika Oommen,Muni Corp,niharika.oommen@muni.com,(348)237-4417x158,Procurement Manager,Manufacturing,50,Australia,Cold Outbound,2025-12-24,2026-06-14,valid
L01190,Mr Terence Charlton,Khanna Pvt Ltd,mr.charlton@khanna.com,0306 999 0998,COO,Healthcare,25,USA,Website,2025-01-23,2026-09-08,valid
L01642,Barbara Kelley,Wood Group,barbara.kelley@wood.com,05834456622,Growth Lead,E-commerce,25,Australia,Cold Outbound,2026-06-28,2026-06-28,valid
L01224,Sandra Brady,Jani Inc.,sandra.brady@jani.com,323-927-4897,Engineering Manager,Logistics,50,Singapore,Trade Show,2025-11-01,2026-07-14,valid
L01426,Arthur White,Hayes Pvt Ltd,arthur.white@hayes.com,4653537801,Growth Lead,EdTech,50,UK,Trade Show,2025-01-27,2026-06-21,valid
L00329,Michelle Brandt,Quinn Solutions,michelle.brandt@quinn.com,001-880-813-8759x27125,Procurement Manager,FinTech,1200,Germany,LinkedIn Ads,2025-08-04,2026-06-18,valid
L01940,Jennifer Pearce,Powers Inc.,jennifer.pearce@powers.com,586.219.4118,Engineering Manager,Telecom,10,UK,LinkedIn Ads,2026-04-05,2026-04-05,valid
L00843,Ann Dennis,Kramer LLC,ann.dennis@kramer.com,(0909)8790537,Engineering Manager,Manufacturing,50,UK,Trade Show,2025-02-02,2026-09-16,bounced
L01385,Aadi Basak,Harvey Ltd,aadi.basak@harvey.com,+919877873585,VP Operations,Manufacturing,250,Australia,Cold Outbound,2026-01-27,2026-07-30,valid
L02032,JEAN HIGGINS,JOHNSTON LLC,,684.531.8848x52008,COO,Telecom,10,Germany,Trade Show,2025-09-24,2026-05-23,valid
L02083,A. Perry,velasquez,ASHLEY.PERRY@VELASQUEZ.COM,+44(0)808 1570917,Founder,EdTech,25,UAE,Website,2025-05-24,2026-04-02,valid
L00758,Judy Martin,Day Ltd,judy.martin@day.com,+1-723-224-4123x36132,COO,EdTech,50,UAE,LinkedIn Ads,2026-07-13,2026-09-22,valid
L02048,T. Pugh,THOMPSON LLC,,+917165789391,Head of Sales,Media,120,Singapore,Website,2025-10-28,2026-06-13,valid
L02075,SHERRY SHANNON,Jones Pvt Ltd,,475.751.2944x149,Procurement Manager,Media,250,Australia,LinkedIn Ads,2026-03-07,2026-06-02,valid
L00100,Amy Dunlap,Robson Corp,amy.dunlap@robson.com,769-279-7296,IT Director,Manufacturing,1200,Singapore,Webinar,2025-07-06,2026-09-01,valid
L01871,Nathan Rege,George Technologies,nathan.rege@george.com,+44(0)1914960344,CFO,Healthcare,120,Australia,Cold Outbound,2026-03-19,2026-03-19,valid
L01991,Amanda Tran,Campbell Group,amanda.tran@campbell.com,(840)765-4747,Engineering Manager,EdTech,120,USA,Webinar,2026-05-24,2026-06-20,valid
L00417,Gerard Reed,Allen Corp,gerard.reed@allen.com,0191 4960378,Engineering Manager,Real Estate,500,Australia,LinkedIn Ads,2025-07-02,2026-06-04,valid
L01451,Neelima Lad,Phillips LLC,neelima.lad@phillips.com,0306 9990909,Procurement Manager,Retail,10,UK,LinkedIn Ads,2025-05-02,2026-09-19,valid
L01092,Vansha Wadhwa,Baxter Technologies,vansha.wadhwa@baxter.com,(703)335-9101x57090,CTO,EdTech,3000,USA,Trade Show,2025-09-14,2026-06-10,valid
L01727,Praneel Natt,Rush Group,praneel.natt@rush.com,+913444867228,VP Operations,Telecom,10,UK,Trade Show,2025-04-11,2026-07-22,valid
L00784,Abbie Tyler,Bala Technologies,abbie.tyler@bala.com,+915932971509,CTO,E-commerce,3000,Germany,LinkedIn Ads,2025-05-09,2026-09-12,valid
L00565,Alex Serrano,Chaudry Solutions,alex.serrano@chaudry.com,+44(0)1134960231,CTO,EdTech,10,UK,Trade Show,2024-12-19,2026-08-06,valid
L01364,David Mcdonald,Summers Corp,david.mcdonald@summers.com,001-716-575-0762x7995,CFO,Media,120,USA,Website,2024-12-26,2026-06-15,valid
L00979,Saanvi Doctor,Bhatt Corp,saanvi.doctor@bhatt.com,+44(0)9098790696,Growth Lead,EdTech,120,UAE,Referral,2026-03-26,2026-08-16,valid
L00921,Pamela Miller,Young Group,pamela.miller@young.com,+917682975147,Founder,Media,1200,Australia,Trade Show,2024-10-24,2026-06-29,valid
L00040,Gautami Agarwal,Brahmbhatt Inc.,gautami.agarwal@brahmbhatt.com,0141 496 0413,COO,EdTech,8000,India,Website,2026-07-19,2026-07-19,bounced
L00089,Aayush Barad,Peacock LLC,aayush.barad@peacock.com,(0117) 496 0505,Growth Lead,Real Estate,500,UAE,LinkedIn Ads,2025-02-14,2026-08-13,valid
L01147,Steven Knight,Brown Corp,steven.knight@brown.com,+441174960677,Founder,Telecom,1200,Australia,Website,2025-06-23,2026-08-07,valid
L00313,Jill Powers,Pillai Ltd,jill.powers@pillai.com,863.775.9980x56265,COO,Logistics,3000,India,Website,2025-02-10,2026-07-12,valid
L01579,Connie Ferguson,Bhargava LLC,connie.ferguson@bhargava.com,6047614378,Head of Sales,Telecom,10,UAE,Referral,2024-10-09,2026-06-08,valid
L00724,Sophie Newman,Connolly Technologies,sophie.newman@connolly.com,+919456804473,Growth Lead,FinTech,120,USA,Referral,2025-04-27,2026-08-02,valid
L01558,Brenda Perkins,Brar Inc.,brenda.perkins@brar.com,730-687-7972x4792,Founder,Real Estate,8000,UAE,Referral,2025-12-11,2026-09-06,valid
L01594,James Davidson,Spence Pvt Ltd,james.davidson@spence.com,+441174960158,CFO,Healthcare,8000,India,Cold Outbound,2025-09-05,2025-11-02,valid
L01069,David Guzman,Nath Pvt Ltd,,+44(0)191 4960795,CFO,Healthcare,1200,UAE,Referral,2025-11-24,2025-11-24,valid
L00427,Dr Maurice Harding,Reyes Group,dr.harding@reyes.com,+44118 496 0743,VP Operations,Manufacturing,50,Germany,Website,2024-10-29,2026-06-23,valid
L01803,Alan Martin-Smith,Lad Pvt Ltd,alan.martin-smith@lad.com,8669327841,Founder,E-commerce,10,India,LinkedIn Ads,2026-03-11,2026-06-27,valid
L01131,Grace Brooks,More Corp,grace.brooks@more.com,+918679632594,CFO,Manufacturing,25,UAE,Cold Outbound,2026-08-27,2026-08-27,valid
L01305,Dylan Gibson,Fletcher Inc.,dylan.gibson@fletcher.com,+441414960234,Founder,EdTech,25,UK,Referral,2026-04-29,2026-07-17,valid
L00912,James Hernandez,Bell LLC,james.hernandez@bell.com,+910762484337,Procurement Manager,Real Estate,25,Germany,Website,2025-08-07,2026-08-28,valid
L00968,Miss Marie Lewis,Hutchinson Solutions,miss.lewis@hutchinson.com,9899927517,VP Operations,Manufacturing,8000,Australia,Website,2025-01-18,2026-09-21,valid
L01606,Yashvi Din,Allan Pvt Ltd,yashvi.din@allan.com,(497)573-8546x623,Procurement Manager,Retail,10,Germany,LinkedIn Ads,2024-12-04,2026-05-29,valid
L00879,Joe Thomas-Perkins,Nash Solutions,joe.thomas-perkins@nash.com,+1-631-611-2712x85246,CFO,Telecom,500,Singapore,Referral,2025-05-16,2026-08-15,valid
L01953,Anay Nayak,Solanki Ltd,anay.nayak@solanki.com,09375402428,IT Director,Real Estate,1200,USA,Website,2025-07-04,2026-09-10,valid
L00130,Mr Antony Murray,Taylor LLC,mr.murray@taylor.com,449-814-7660x7283,CFO,Manufacturing,8000,USA,Cold Outbound,2025-07-31,2026-05-30,valid
L02065,EDWARD WEBSTER,Dhar Solutions,,9075199198,Engineering Manager,Logistics,3000,UAE,Referral,2025-04-06,2025-04-19,valid
L00015,Debra Daniels,Ryan Pvt Ltd,debra.daniels@ryan.com,0783613407,CFO,Media,10,USA,Website,2026-03-27,2026-09-08,valid
L01785,Joe Doyle,Santiago Group,joe.doyle@santiago.com,07250842324,VP Operations,Retail,3000,Germany,Webinar,2025-06-07,2026-09-14,valid
L01673,Herbert Flores,Jani Group,herbert.flores@jani.com,8645786555,COO,FinTech,250,UAE,Webinar,2025-04-18,2026-08-04,valid
L01860,Tiffany Gomez,Chadha Solutions,tiffany.gomez@chadha.com,01887114860,Founder,Retail,8000,UAE,Referral,2025-11-16,2026-06-09,valid
L01575,Lawrence Barrett,Moran Solutions,lawrence.barrett@moran.com,2024837444,IT Director,Media,50,India,Cold Outbound,2025-06-04,2026-09-19,valid
L00723,Jonathan Warner,Sachdeva Solutions,jonathan.warner@sachdeva.com,+44(0)141 4960008,Founder,FinTech,120,Australia,Referral,2025-07-18,2026-09-07,valid
L01853,Rachana Vora,Allen Technologies,rachana.vora@allen.com,0292018501,COO,FinTech,250,UK,Website,2025-02-23,2026-06-22,valid
L00803,Megan Davis,Issac LLC,megan.davis@issac.com,08231334845,IT Director,Manufacturing,50,Australia,Trade Show,2025-08-21,2026-08-04,valid
L00639,Andrew Smith,Saxena Group,andrew.smith@saxena.com,01214960388,CFO,Real Estate,120,Australia,Cold Outbound,2025-06-27,2026-06-29,valid
L00182,Robert Charles,Martin LLC,robert.charles@martin.com,07807740649,CTO,Media,25,India,Trade Show,2025-07-03,2026-07-01,valid
L01504,Mrs Denise Talbot,Contractor Inc.,mrs.talbot@contractor.com,0151 496 0037,CFO,FinTech,50,Singapore,Referral,2025-10-26,2025-10-27,valid
L00368,Chakradev Ahluwalia,Hoffman Solutions,chakradev.ahluwalia@hoffman.com,9646528092,Procurement Manager,Telecom,8000,Singapore,Webinar,2024-11-27,2026-06-12,valid
L01427,Alexander Evans,Torres Ltd,alexander.evans@torres.com,01614960344,CTO,EdTech,250,India,LinkedIn Ads,2026-07-22,2026-07-22,valid
L00837,Mr Vincent Evans,Bartlett Pvt Ltd,mr.evans@bartlett.com,001-882-552-1293x289,CTO,EdTech,1200,UAE,Webinar,2026-03-03,2026-09-15,valid
L00236,Jeremy Begum,Santiago Inc.,jeremy.begum@santiago.com,001-745-856-1681x47214,IT Director,Telecom,3000,UAE,Website,2025-02-23,2026-09-15,valid
L01377,Linda Stewart,Powell LLC,,827-377-5225x920,VP Operations,Retail,25,India,LinkedIn Ads,2026-03-09,2026-09-10,valid
L01249,Gautam Devi,Burton Inc.,gautam.devi@burton.com,06921188241,Engineering Manager,Healthcare,500,USA,Cold Outbound,2025-09-03,2026-07-16,valid
L00742,Whitney Gonzalez,Sengupta Ltd,whitney.gonzalez@sengupta.com,3094515480,IT Director,EdTech,120,India,LinkedIn Ads,2025-12-14,2025-12-14,valid
L00365,Neil Fletcher,Wall Corp,neil.fletcher@wall.com,+910443973597,CTO,Media,500,India,Webinar,2025-06-07,2025-07-13,valid
L01998,Laura Parker,Brown Inc.,laura.parker@brown.com,01632960147,Engineering Manager,E-commerce,1200,Singapore,Referral,2024-12-21,2026-09-23,valid
L00584,Daniel Moore,Garrett Corp,daniel.moore@garrett.com,+910514054683,Growth Lead,Retail,120,UAE,LinkedIn Ads,2026-04-02,2026-06-22,valid
L01372,Nancy Merritt,Hayes Pvt Ltd,nancy.merritt@hayes.com,412.222.7643x3872,Founder,Media,500,Singapore,Webinar,2026-03-07,2026-09-25,valid
L01830,Joshua Meyers,Stewart Ltd,joshua.meyers@stewart.com,+1-997-920-7382,IT Director,Logistics,25,UK,Webinar,2026-04-02,2026-09-23,valid
L01279,Mrs. Beverly Myers,Williams Inc.,mrs.myers@williams.com,+917842902923,COO,Manufacturing,50,India,Referral,2025-03-24,2026-08-09,valid
L01009,Beth Abbott,Li Technologies,beth.abbott@li.com,02775844663,CFO,Real Estate,8000,USA,Cold Outbound,2025-10-21,2026-08-12,valid
L01597,Joseph Burke,Mitchell Technologies,joseph.burke@mitchell.com,2448500728,Head of Sales,Media,25,UK,Trade Show,2025-06-18,2026-07-26,valid
L01887,Michele Barnes,Booth LLC,michele.barnes@booth.com,+1-612-434-3888x04851,Engineering Manager,Manufacturing,1200,India,Cold Outbound,2026-03-17,2026-06-13,valid
L00186,Christian Booker,Babu Corp,christian.booker@babu.com,(414)242-7031,VP Operations,EdTech,1200,UAE,Webinar,2024-11-26,2026-07-05,valid
L00678,Alexander Krish,Williams Pvt Ltd,alexander.krish@williams.com,502-672-4055,Founder,Real Estate,8000,Australia,Trade Show,2026-04-01,2026-06-12,valid
L00610,Alexander Smith,Robson Corp,alexander.smith@robson.com,(0116) 496 0098,CTO,Media,10,Germany,Trade Show,2026-01-11,2026-09-22,valid
L00753,John Johnson,Reeves Corp,john.johnson@reeves.com,727.227.9559x69051,IT Director,E-commerce,8000,India,Trade Show,2024-12-11,2026-08-07,valid
L01375,Roger Brown,Rees Corp,roger.brown@rees.com,+912059685195,Head of Sales,Media,3000,Germany,Webinar,2025-11-30,2026-07-15,valid
L01217,Lisa Price,Yohannan Technologies,lisa.price@yohannan.com,824-211-5848,VP Operations,EdTech,120,India,LinkedIn Ads,2026-02-17,2026-06-01,valid
L01266,Mark Collins,Nigam Pvt Ltd,mark.collins@nigam.com,+1-791-631-1178x61902,CTO,EdTech,10,UK,Referral,2026-07-10,2026-07-10,valid
L01691,Bryan Lee,Hawkins Inc.,bryan.lee@hawkins.com,+913272371798,CFO,FinTech,8000,India,Cold Outbound,2024-11-16,2026-07-16,valid
L00485,Aaron Kane,Russell Pvt Ltd,aaron.kane@russell.com,502.532.1298,COO,Telecom,50,Germany,Website,2025-09-13,2026-06-16,valid
L00117,Yasti Mani,Raj Ltd,yasti.mani@raj.com,0292018066,COO,Manufacturing,500,Singapore,LinkedIn Ads,2024-11-26,2026-07-31,valid
L01905,Mrs Victoria Young,Edwards Technologies,mrs.young@edwards.com,0306 999 0194,Engineering Manager,Telecom,8000,USA,Cold Outbound,2025-12-30,2026-07-03,valid
L00824,Tanmayi Babu,Barad Inc.,tanmayi.babu@barad.com,(966)215-5416x4316,CTO,Healthcare,500,UK,Referral,2025-01-29,2026-07-22,valid
L00935,Susan Davis,Naidu Group,susan.davis@naidu.com,0114 496 0040,Procurement Manager,Telecom,500,India,Website,2025-05-25,2026-07-04,valid
L01659,Ayaan Savant,Randhawa LLC,ayaan.savant@randhawa.com,785.403.6059,Founder,E-commerce,1200,UAE,Trade Show,2026-02-26,2026-02-26,valid
L01313,Wriddhish Pillai,Arora LLC,wriddhish.pillai@arora.com,+4420 7496 0142,COO,Manufacturing,50,UK,Referral,2026-05-08,2026-07-26,valid
L00768,Jairaj Suri,Walsh Corp,jairaj.suri@walsh.com,00954654084,Growth Lead,Retail,250,UAE,Cold Outbound,2026-08-16,2026-09-06,valid
L01638,Naomi Iqbal,Mangat Solutions,naomi.iqbal@mangat.com,7304252094,CTO,Real Estate,8000,UAE,LinkedIn Ads,2025-03-10,2026-08-05,valid
L01304,Carol Davies,Jaggi Group,carol.davies@jaggi.com,+4428 9018 0087,CTO,Real Estate,8000,Germany,LinkedIn Ads,2026-08-13,2026-09-17,valid
L01436,Neil Dawson,Wood Inc.,neil.dawson@wood.com,+917059844514,Engineering Manager,E-commerce,1200,Singapore,Website,2025-04-22,2026-08-09,valid
L00044,Traci Clark,Guha Inc.,traci.clark@guha.com,04112490352,CTO,Manufacturing,8000,Germany,Trade Show,2025-09-24,2026-08-11,valid
L01781,Aadi Saini,Sama Inc.,aadi.saini@sama.com,01514960904,Founder,E-commerce,1200,USA,Trade Show,2026-08-14,2026-08-17,valid
L00846,Naomi Bull,Francis Group,naomi.bull@francis.com,0115 4960911,Founder,Telecom,8000,UK,Website,2024-10-10,2026-08-13,valid
L01467,Damian Young,Walker Technologies,damian.young@walker.com,(0141) 496 0722,CTO,Manufacturing,120,UAE,Cold Outbound,2025-12-30,2026-06-24,valid
L00005,Mr. Thomas Miller,Santiago Technologies,mr.miller@santiago.com,0116 496 0545,Founder,Healthcare,500,USA,Website,2025-09-06,2026-08-13,valid
L01833,Michael Burns,Warren Group,michael.burns@warren.com,0114 4960577,Head of Sales,E-commerce,8000,Germany,LinkedIn Ads,2026-05-26,2026-05-26,valid
L01466,Joel Gilbert,Holden Technologies,joel.gilbert@holden.com,807.222.1138,VP Operations,FinTech,3000,Singapore,Trade Show,2025-03-08,2026-07-20,valid
L01448,Paige Gough,Todd Corp,paige.gough@todd.com,+916101975358,CFO,Logistics,50,USA,LinkedIn Ads,2025-04-12,2026-06-16,valid
L00350,Emily Washington,Moore Pvt Ltd,emily.washington@moore.com,00324204482,CTO,EdTech,500,India,Trade Show,2025-02-25,2026-07-07,valid
L01430,Laura Tyler,Burgess Technologies,laura.tyler@burgess.com,+44(0)113 496 0108,CFO,Logistics,8000,Germany,LinkedIn Ads,2025-05-23,2026-07-07,valid
L01220,Crystal Wolf,Marshall Corp,crystal.wolf@marshall.com,03659680785,Procurement Manager,EdTech,25,UK,Trade Show,2026-04-21,2026-09-01,valid
L00769,Jason Griffin,Rees Technologies,,0915086321,Growth Lead,EdTech,50,UK,Cold Outbound,2026-05-06,2026-06-16,valid
L01554,Veer Chaudhry,Mohanty Ltd,veer.chaudhry@mohanty.com,03626475286,COO,Telecom,8000,India,LinkedIn Ads,2025-09-16,2026-08-01,valid
L00991,Reece Mitchell-Norris,Oconnell LLC,reece.mitchell-norris@oconnell.com,+918720319541,Growth Lead,Media,500,Australia,LinkedIn Ads,2026-08-15,2026-08-15,valid
L01945,Dr Jonathan Simpson,Stewart Solutions,,+4428 9018 0895,Head of Sales,Media,10,Germany,Webinar,2025-08-18,2026-07-18,valid
L01620,Mr Daniel Lane,Hunter Ltd,mr.lane@hunter.com,9919387337,Growth Lead,FinTech,10,Australia,LinkedIn Ads,2026-05-23,2026-09-26,valid
L01750,Wendy Chen,Chad Inc.,,4563391729,Founder,E-commerce,25,India,Webinar,2025-09-05,2026-07-24,valid
L02140,RICARDO FRANKLIN,Williams LLC,RICARDO.FRANKLIN@WILLIAMS.COM,1621593896,IT Director,E-commerce,8000,UAE,Website,2024-11-21,2026-06-15,valid
L00568,Ashley Phillips,Evans Ltd,ashley.phillips@evans.com,+44(0)909 8790620,CTO,Manufacturing,8000,Germany,Referral,2026-02-02,2026-07-28,valid
L00695,Tanveer Radhakrishnan,Scott LLC,tanveer.radhakrishnan@scott.com,+441134960261,Growth Lead,Healthcare,120,Australia,LinkedIn Ads,2025-09-25,2026-06-10,valid
L02033,Billy Parkinson ,Alvarez LLC,BILLY.PARKINSON@ALVAREZ.COM,07718375307,Procurement Manager,Manufacturing,25,UAE,Referral,2026-07-02,2026-04-30,valid
L01492,Deborah Patel,Richardson Ltd,deborah.patel@richardson.com,+917665344604,Head of Sales,E-commerce,25,Australia,Cold Outbound,2025-02-13,2026-08-20,valid
L00116,Jesse Jensen,Mueller Solutions,jesse.jensen@mueller.com,+44(0)1632 960 838,VP Operations,Logistics,1200,Australia,Referral,2026-05-29,2026-06-11,valid
L00746,Mrs Charlene Ahmed,Wright Solutions,mrs.ahmed@wright.com,(029) 2018 0013,Growth Lead,Media,3000,India,Webinar,2025-02-03,2025-03-20,valid
L01595,Mr Lee Lamb,Frazier Ltd,mr.lamb@frazier.com,2815037017,CFO,Real Estate,8000,Germany,Trade Show,2025-10-13,2026-07-16,valid
L00989,John Bradford,Aguilar Ltd,john.bradford@aguilar.com,+1-259-347-3721x329,Head of Sales,Logistics,50,Australia,Cold Outbound,2025-11-12,2026-08-09,valid
L00924,Mr Danny Bird,Swamy Group,mr.bird@swamy.com,0306 9990908,CTO,Logistics,3000,Germany,LinkedIn Ads,2025-07-27,2025-08-12,valid
L01704,Brijesh Nadkarni,Setty Solutions,brijesh.nadkarni@setty.com,0521879938,VP Operations,Manufacturing,120,Australia,Trade Show,2026-03-01,2026-03-01,valid
L00543,Karan Choudhary,Smith Ltd,karan.choudhary@smith.com,8222580305,Head of Sales,Media,1200,UAE,Trade Show,2024-10-14,2026-08-31,valid
L02057,S. Fisher,DRAKE Ltd,SEAN.FISHER@DRAKE.COM,+914975341157,CFO,Healthcare,120,Germany,Referral,2025-02-26,2025-01-30,valid
L00144,James Matthews,More Corp,james.matthews@more.com,946.438.6557x79082,Procurement Manager,Healthcare,25,Australia,Trade Show,2026-09-02,2026-09-02,valid
L01742,Gaurangi Bhatti,Narayanan Corp,gaurangi.bhatti@narayanan.com,06253809664,Growth Lead,Real Estate,10,UK,Trade Show,2025-05-20,2026-07-16,valid
L01592,Neil Metcalfe,Parsa LLC,,8243884302,Engineering Manager,Retail,3000,India,Cold Outbound,2025-09-26,2026-05-31,valid
L00173,Champak Rao,Sathe Technologies,champak.rao@sathe.com,001-620-734-7175x455,VP Operations,Manufacturing,1200,India,Cold Outbound,2025-07-01,2026-07-27,valid
L00822,Samesh Rai,Ratta Pvt Ltd,samesh.rai@ratta.com,(0808) 1570112,Engineering Manager,Real Estate,25,UAE,Webinar,2025-04-28,2026-09-10,valid
L01894,Joshua Sanders,Narain Group,joshua.sanders@narain.com,273-976-7105x29877,Founder,Healthcare,10,Germany,Website,2026-05-14,2026-07-05,valid
L00502,Mr James Foster,Butler Group,mr.foster@butler.com,+44(0)1184960357,COO,EdTech,50,Australia,Webinar,2025-07-10,2026-08-19,valid
L01584,Bethany Payne,Baldwin Pvt Ltd,,7306718222,Procurement Manager,Retail,120,USA,Referral,2025-12-22,2026-09-03,valid
L01899,Kimberly Davis,Bali Solutions,kimberly.davis@bali.com,582.572.1051,Procurement Manager,EdTech,50,Germany,Website,2025-07-10,2025-07-28,valid
L00138,Parth Bumb,Mcgee Solutions,parth.bumb@mcgee.com,+918341108099,VP Operations,E-commerce,500,UK,Referral,2025-04-30,2025-05-26,bounced
L01568,Qasim Bhavsar,Thomas LLC,qasim.bhavsar@thomas.com,00039101933,CFO,Media,3000,Germany,Trade Show,2026-04-11,2026-04-11,valid
L02117,Tina Berry ,SANDOVAL Inc.,TINA.BERRY@SANDOVAL.COM,02182998747,Head of Sales,E-commerce,250,USA,Cold Outbound,2026-07-22,2026-08-13,valid
L01792,Dr Paul Gallagher,Patla LLC,dr.gallagher@patla.com,(919)301-9333x59379,Founder,EdTech,500,UK,LinkedIn Ads,2025-06-29,2025-07-15,valid
L01975,Chasmum Chandran,Dubey LLC,chasmum.chandran@dubey.com,735-518-3025,Head of Sales,Logistics,10,Australia,Referral,2026-04-26,2026-08-05,valid
L01411,Yadavi Srinivasan,Mills Technologies,yadavi.srinivasan@mills.com,(0113) 4960187,VP Operations,Media,25,UK,Cold Outbound,2026-03-07,2026-03-07,valid
L00156,Rachel Owen,Swaminathan Pvt Ltd,rachel.owen@swaminathan.com,+44(0)29 2018026,COO,EdTech,500,Australia,Website,2025-12-27,2026-09-22,valid
L00868,Kavya Boase,Gutierrez Corp,kavya.boase@gutierrez.com,797.428.3512,Head of Sales,FinTech,1200,UK,Cold Outbound,2025-06-06,2026-09-16,valid
L01062,Alan Oliver,Harrison Pvt Ltd,alan.oliver@harrison.com,+44191 4960157,CFO,EdTech,120,USA,Website,2025-02-08,2026-08-06,valid
L01947,Chaitanya Kuruvilla,Landry Corp,chaitanya.kuruvilla@landry.com,+918830099542,Engineering Manager,E-commerce,50,India,Website,2024-11-24,2026-06-09,valid
L01612,Allen Prince,Garrett LLC,allen.prince@garrett.com,00762914304,COO,Media,25,India,Webinar,2026-04-29,2026-09-22,valid
L00050,Kyle Johnson,Lamb Technologies,kyle.johnson@lamb.com,+917859321334,CFO,Retail,50,Australia,Cold Outbound,2025-05-03,2025-06-12,valid
L01944,Miss Dawn Jarvis,Carr Solutions,miss.jarvis@carr.com,001-782-269-2855x0743,Head of Sales,Logistics,250,Australia,Webinar,2026-01-16,2026-08-10,valid
L00925,Michelle Crawford,Long Pvt Ltd,michelle.crawford@long.com,(721)382-3155,COO,E-commerce,3000,Australia,Referral,2026-06-14,2026-08-26,valid
L01527,Shravya Grewal,Mohan Technologies,shravya.grewal@mohan.com,0191 498 0407,Founder,E-commerce,1200,UK,Website,2026-08-23,2026-08-23,valid
L01801,Mark Le,Whitehead Group,mark.le@whitehead.com,+44(0)1614960563,Head of Sales,Retail,50,USA,Website,2026-08-16,2026-08-16,valid
L00027,Bryce Blair,Varma Corp,bryce.blair@varma.com,05234138999,VP Operations,Real Estate,50,UK,Webinar,2025-04-10,2026-09-19,valid
L01649,Nidhi Kala,Kulkarni Ltd,nidhi.kala@kulkarni.com,06183359748,IT Director,EdTech,8000,USA,LinkedIn Ads,2025-07-17,2026-09-10,valid
L00869,Yashica Dixit,Sampath Group,yashica.dixit@sampath.com,+919081441529,Head of Sales,EdTech,1200,India,Website,2026-04-29,2026-04-29,valid
L01818,Morgan Ray,Cox LLC,morgan.ray@cox.com,+441632960044,Procurement Manager,E-commerce,50,Australia,Webinar,2025-10-03,2026-08-01,valid
L00242,Chandani Mutti,Gould Corp,chandani.mutti@gould.com,(0191)4960039,VP Operations,Real Estate,1200,USA,Referral,2025-04-24,2026-08-24,valid
L01449,Yvonne Finch-Thomas,Fraser Pvt Ltd,yvonne.finch-thomas@fraser.com,+910388027304,Growth Lead,Real Estate,3000,Australia,LinkedIn Ads,2026-08-30,2026-08-30,valid
L00440,Mark Jones,Finch LLC,mark.jones@finch.com,01144960804,CFO,Media,120,UK,Website,2025-05-28,2026-08-23,valid
L00178,Simon Kelly-Frost,Walker Technologies,simon.kelly-frost@walker.com,678-400-6811,Engineering Manager,Telecom,250,Australia,Cold Outbound,2025-11-27,2026-08-26,valid
L00733,Dr Christopher Stephens,Baker Technologies,dr.stephens@baker.com,(971)704-3318,CFO,FinTech,10,UAE,Cold Outbound,2026-08-16,2026-08-16,valid
L01866,Robert Hayes,Page Pvt Ltd,robert.hayes@page.com,640.257.1446x9567,Engineering Manager,Media,8000,India,LinkedIn Ads,2026-05-05,2026-06-12,valid
L00671,Brooke Roberts,Tank LLC,brooke.roberts@tank.com,(020) 7496 0389,CFO,Media,1200,Australia,Referral,2026-06-30,2026-08-11,valid
L00051,Mr Jamie Allen,Bassi Solutions,mr.allen@bassi.com,02239559059,VP Operations,Manufacturing,10,Germany,Referral,2026-08-05,2026-08-05,valid
L01416,Damyanti Srinivasan,Evans Group,damyanti.srinivasan@evans.com,08455939652,CFO,EdTech,120,Singapore,Trade Show,2026-06-17,2026-06-17,valid
L00726,Watika Ramesh,Hodges Solutions,watika.ramesh@hodges.com,1739063757,IT Director,Telecom,250,Australia,Website,2026-08-17,2026-08-17,valid
L00149,Victor Radhakrishnan,Wason Ltd,victor.radhakrishnan@wason.com,+911038862912,CTO,Media,8000,UAE,Cold Outbound,2025-01-04,2025-01-28,valid
L01963,Sean Fisher,Drake Technologies,sean.fisher@drake.com,+914975341157,CFO,Healthcare,120,Germany,Webinar,2025-02-26,2025-03-10,valid
L01434,Dr Chloe Moore,Barad Inc.,dr.moore@barad.com,05958281902,COO,Media,10,USA,Trade Show,2025-10-30,2026-08-17,valid
L01879,Sara James,Bera Ltd,sara.james@bera.com,+1-751-308-5738x38554,CTO,Healthcare,50,Singapore,Trade Show,2026-08-14,2026-08-14,valid
L00414,Erika Marsh,Morales Inc.,,(028) 9018 0663,IT Director,Logistics,1200,UK,LinkedIn Ads,2025-06-29,2026-06-29,valid
L00264,Laura Bush,Evans Technologies,laura.bush@evans.com,001-371-528-4781,Growth Lead,Real Estate,10,Australia,Cold Outbound,2026-01-19,2026-08-23,valid
L00158,Dakshesh Gill,Butler Corp,dakshesh.gill@butler.com,+44161 496 0703,CTO,Manufacturing,120,Australia,Website,2024-11-28,2026-07-10,valid
L00619,Indira Rao,Watson LLC,indira.rao@watson.com,725-762-5313,VP Operations,EdTech,500,Germany,Website,2025-01-04,2025-02-04,valid
L00950,Daksha Sangha,Bora Group,daksha.sangha@bora.com,+4420 7496 0799,VP Operations,EdTech,8000,USA,Trade Show,2026-08-17,2026-08-17,valid
L01815,Janice Bailey,Chand Group,janice.bailey@chand.com,4946920856,COO,Retail,500,Australia,Trade Show,2024-11-30,2026-09-23,valid
L01629,Kieran Smith,Saxena Pvt Ltd,kieran.smith@saxena.com,380.367.0898x70920,Engineering Manager,Retail,500,UAE,Referral,2024-12-12,2026-07-29,valid
L00534,Angela Mitchell,Jones Pvt Ltd,angela.mitchell@jones.com,+916827788160,CTO,Manufacturing,500,Australia,Referral,2024-12-15,2026-06-12,valid
L01023,Lisa Robinson,Evans Corp,lisa.robinson@evans.com,9313421751,IT Director,Manufacturing,1200,UAE,LinkedIn Ads,2026-07-14,2026-07-14,valid
L02024,S. Garcia,Allen Pvt Inc.,SCOTT.GARCIA@ALLEN.COM,+1-814-686-2675x11997,CFO,Retail,25,USA,Webinar,2025-05-23,2026-06-29,valid
L00801,Anika Tailor,Pau Corp,,+44(0)116 496 0587,CTO,Healthcare,120,Germany,LinkedIn Ads,2026-05-28,2026-05-28,valid
L01714,Unnati Johal,Thomson Solutions,unnati.johal@thomson.com,06746215958,CFO,Real Estate,250,UK,Website,2026-01-09,2026-06-05,valid
L01347,Karl Wilson-Martin,Jones LLC,karl.wilson-martin@jones.com,+44(0)131 4960970,CTO,Retail,3000,Singapore,Cold Outbound,2025-04-23,2026-09-16,valid
L01537,Ms Christine Patel,Bumb Technologies,,(690)439-2202x69801,Growth Lead,Manufacturing,250,India,LinkedIn Ads,2025-03-02,2026-07-10,valid
L00974,Rhys Ryan,Clark Technologies,rhys.ryan@clark.com,(279)317-6651x22150,IT Director,Media,120,Singapore,LinkedIn Ads,2026-07-22,2026-07-22,valid
L02051,ALLISON BAUTISTA,Wood Corp,,960-674-5553x4705,CFO,Real Estate,500,UAE,Cold Outbound,2025-11-24,2026-08-08,valid
L01289,Jake Campbell,Acosta Group,jake.campbell@acosta.com,(888)400-5378x9318,Founder,Logistics,500,Australia,Cold Outbound,2026-05-14,2026-08-27,valid
L01748,Louis Olsen,Bir Corp,louis.olsen@bir.com,01632960082,IT Director,Real Estate,25,Germany,LinkedIn Ads,2025-06-23,2025-07-26,valid
L01480,Lisa Smith,Kohli Corp,lisa.smith@kohli.com,02074960911,IT Director,Real Estate,3000,UAE,Trade Show,2026-03-29,2026-09-06,valid
L01867,Dr Kelly Evans,Jackson Corp,dr.evans@jackson.com,05345146688,IT Director,Healthcare,500,USA,LinkedIn Ads,2024-12-16,2026-09-16,valid
L00561,Diana Scott,Evans Corp,diana.scott@evans.com,+1-591-764-9837,Growth Lead,Logistics,3000,UAE,Cold Outbound,2026-05-18,2026-07-12,valid
L00283,Nidra Dani,Guha Inc.,nidra.dani@guha.com,+1-287-582-9310x2707,Engineering Manager,Manufacturing,10,UAE,Website,2026-08-23,2026-08-23,valid
L00281,Louise Naylor,Mack Corp,louise.naylor@mack.com,3461571732,VP Operations,E-commerce,1200,UAE,LinkedIn Ads,2026-03-28,2026-06-21,bounced
L00893,Mr Keith Ali,Mani Technologies,mr.ali@mani.com,+912759980111,COO,EdTech,1200,UAE,Trade Show,2025-04-30,2026-07-25,valid
L00351,Mr Norman Gill,Keer Pvt Ltd,mr.gill@keer.com,459-541-6516,CFO,Retail,8000,Singapore,Website,2026-04-15,2026-04-15,valid
L00994,Chatresh Palla,Robson Inc.,chatresh.palla@robson.com,06194588707,Procurement Manager,E-commerce,120,USA,Cold Outbound,2026-04-19,2026-07-27,valid
L00067,Gordon Gallagher,Zachariah Group,gordon.gallagher@zachariah.com,02704774349,IT Director,EdTech,120,USA,Trade Show,2025-12-17,2026-09-25,valid
L02003,G. Brooks,MORE Ltd,,+44116 496 0582,CFO,Manufacturing,25,UAE,LinkedIn Ads,2026-08-27,2026-07-30,valid
L00213,Dalaja Sengupta,Ingram Solutions,dalaja.sengupta@ingram.com,+915383388487,CTO,EdTech,250,Germany,Webinar,2026-03-14,2026-06-02,valid
L01490,Sean Sanders,Armstrong Corp,sean.sanders@armstrong.com,2792230466,Growth Lead,E-commerce,50,Singapore,Referral,2025-10-09,2026-06-25,valid
L01179,Michelle Simpson,Walker Solutions,michelle.simpson@walker.com,(0114) 496 0713,Growth Lead,Manufacturing,50,India,Webinar,2026-08-27,2026-08-27,valid
L01654,Sharon Pearson,Perry Group,,(832)509-1401,VP Operations,E-commerce,25,UAE,Website,2026-02-14,2026-05-31,valid
L01245,Ms Paula Price,Marshall Corp,ms.price@marshall.com,001-476-809-3201,COO,Logistics,10,USA,Referral,2026-05-12,2026-05-12,valid
L01731,Joseph Brooks,Murthy Ltd,joseph.brooks@murthy.com,3187731439,Procurement Manager,Manufacturing,1200,UK,Webinar,2025-04-17,2025-04-21,valid
L00446,Denis Marshall,Saran Inc.,denis.marshall@saran.com,5995946521,VP Operations,Real Estate,120,Germany,LinkedIn Ads,2026-02-15,2026-06-20,valid
L00403,Yashasvi Choudhry,Sankar Corp,yashasvi.choudhry@sankar.com,(0114) 496 0548,Founder,Manufacturing,500,Germany,Referral,2026-06-29,2026-06-29,valid
L01836,Amol Badal,Alvarez Inc.,amol.badal@alvarez.com,01632960522,Head of Sales,Telecom,10,Australia,Webinar,2025-10-03,2025-11-09,valid
L00983,Yagnesh Bhattacharyya,Clarke LLC,yagnesh.bhattacharyya@clarke.com,0695560767,CFO,Manufacturing,25,Singapore,Referral,2025-11-13,2025-11-18,valid
L01168,Corey James,Torres LLC,corey.james@torres.com,+1-402-374-8124,IT Director,Manufacturing,25,USA,Cold Outbound,2025-10-11,2026-09-03,valid
L00674,Kristy Bishop,Allen Pvt Ltd,kristy.bishop@allen.com,(216)999-1872x401,IT Director,FinTech,250,UK,Trade Show,2025-12-01,2026-07-07,valid
L01311,Tony Palmer,Ingram Solutions,tony.palmer@ingram.com,(634)321-2545x08095,CTO,E-commerce,10,Australia,Cold Outbound,2025-11-18,2026-08-17,valid
L01393,Joseph Reynolds,Compton Group,joseph.reynolds@compton.com,03328389633,Growth Lead,Telecom,10,UK,Cold Outbound,2025-01-14,2026-07-16,valid
L00424,Aarav Shetty,Morar Technologies,aarav.shetty@morar.com,01214960200,VP Operations,E-commerce,500,USA,Referral,2025-07-19,2026-09-17,valid
L01927,Sarah Leach,Johnston Corp,sarah.leach@johnston.com,06212360186,Head of Sales,Manufacturing,1200,UK,LinkedIn Ads,2025-10-18,2026-08-30,valid
L00933,Ubika Bhagat,Chandran Ltd,ubika.bhagat@chandran.com,(028) 9018394,Founder,Real Estate,1200,Germany,Website,2025-02-08,2026-07-09,valid
L01716,Gayathri Arya,Turner LLC,gayathri.arya@turner.com,(318)516-9814,COO,Retail,50,India,Trade Show,2026-07-30,2026-07-30,valid
L00002,Dr Abdul Sims,D’Alia Group,dr.sims@d’alia.com,8911352909,CFO,Retail,50,UAE,Cold Outbound,2025-06-24,2025-07-16,valid
L01690,Ms. Stephanie Duran,Chad Pvt Ltd,ms.duran@chad.com,8242655946,IT Director,Retail,50,UK,Trade Show,2025-02-20,2025-03-19,valid
L00184,Brandon Black-Owens,Davies Technologies,brandon.black-owens@davies.com,+916389448463,VP Operations,Real Estate,8000,Singapore,Webinar,2025-07-08,2026-08-06,valid
L01992,Allison Harrell,Vaidya LLC,allison.harrell@vaidya.com,+441614960985,Founder,EdTech,50,Australia,LinkedIn Ads,2026-03-01,2026-06-15,valid
L00214,Steven Booth-King,Hawkins Inc.,steven.booth-king@hawkins.com,8042043940,Procurement Manager,Media,1200,Singapore,LinkedIn Ads,2024-12-17,2026-08-26,valid
L01443,Ben Mason,Suresh Ltd,ben.mason@suresh.com,910.545.0243x73615,CFO,Retail,10,UK,Trade Show,2025-04-09,2026-07-12,valid
L01529,Tejas Wadhwa,Fitzgerald LLC,tejas.wadhwa@fitzgerald.com,8790604886,VP Operations,EdTech,8000,UK,Referral,2024-12-09,2026-08-01,valid
L01004,Azaan Nath,Thomas Corp,azaan.nath@thomas.com,+914377693663,Engineering Manager,Healthcare,120,UAE,Website,2026-07-03,2026-07-14,valid
L00056,Morgan Kim,Roberts LLC,morgan.kim@roberts.com,(0161) 4960528,Procurement Manager,EdTech,25,Singapore,Cold Outbound,2025-10-17,2026-07-17,valid
L02137,L. Price,yohannan,LISA.PRICE@YOHANNAN.COM,824-211-5848,VP Operations,EdTech,120,India,Website,2026-02-17,2026-05-20,valid
L01920,Vincent Adams,Shepherd Pvt Ltd,vincent.adams@shepherd.com,(717)735-6316x31297,Head of Sales,Media,120,Singapore,Webinar,2026-02-04,2026-02-04,bounced
L00410,Terry Wood,Morar Group,terry.wood@morar.com,+1-661-715-9408x215,CFO,E-commerce,10,Singapore,LinkedIn Ads,2025-11-24,2026-06-22,valid
L02087,M. Bates,Evans Ltd,MISS.BATES@EVANS.COM,0191 4960591,Head of Sales,Healthcare,500,UK,Referral,2025-04-09,2026-07-25,valid
L01930,Krishna Mall,Ryan Ltd,krishna.mall@ryan.com,+441134960899,Head of Sales,Real Estate,8000,India,Webinar,2026-01-12,2026-08-27,valid
L01980,Nancy Garcia,Karan Inc.,nancy.garcia@karan.com,752.773.4114x61331,Growth Lead,Real Estate,8000,USA,LinkedIn Ads,2025-09-23,2026-06-14,valid
L01482,Dylan Thomas-Bailey,Murray Ltd,dylan.thomas-bailey@murray.com,01314960481,COO,EdTech,1200,Singapore,LinkedIn Ads,2025-09-09,2026-08-17,valid
L01521,Jacob Hart,Finch LLC,jacob.hart@finch.com,0115 4960554,Procurement Manager,E-commerce,500,UAE,Trade Show,2026-09-06,2026-09-06,valid
L01610,Mohammed Kota,Burns LLC,mohammed.kota@burns.com,687-368-8777x92560,Growth Lead,EdTech,8000,UK,Referral,2024-10-09,2026-06-30,valid
L01339,Todd Duncan,Drake Technologies,todd.duncan@drake.com,01514960967,Procurement Manager,Healthcare,25,India,Trade Show,2025-08-16,2026-09-10,valid
L02084,Chandani Vasa ,Bora Technologies,,+912077587089,Growth Lead,Healthcare,8000,Australia,Webinar,2026-08-07,2026-05-20,valid
L00025,Megan Jones,Andersen Solutions,megan.jones@andersen.com,01134960927,VP Operations,Media,3000,UAE,Trade Show,2026-06-23,2026-06-23,valid
L01108,Anna Brennan,Moore Pvt Ltd,anna.brennan@moore.com,(028) 9018760,VP Operations,Logistics,1200,UAE,Trade Show,2025-09-07,2026-06-29,valid
L00416,Owen Herbert,Loke Technologies,owen.herbert@loke.com,+44115 4960813,CTO,E-commerce,3000,Australia,Website,2025-06-21,2026-09-01,bounced
L00421,David Harper,Bora Solutions,david.harper@bora.com,288.861.4057x8617,CFO,Telecom,8000,USA,Referral,2024-10-11,2026-09-01,valid
L01073,Austin Horton,Wilkinson Pvt Ltd,austin.horton@wilkinson.com,(029)2018428,CTO,EdTech,10,UK,Webinar,2025-01-31,2026-06-25,valid
L01835,Radha Palla,Sathe Technologies,radha.palla@sathe.com,07640996833,IT Director,Telecom,25,India,Webinar,2024-10-11,2026-06-13,bounced
L01645,Jasmit Thaman,Hale LLC,jasmit.thaman@hale.com,+911530173167,Head of Sales,Manufacturing,250,UK,LinkedIn Ads,2025-04-23,2026-09-05,valid
L00309,Kashish Sen,Nigam Pvt Ltd,kashish.sen@nigam.com,(0116)4960841,COO,Media,3000,India,LinkedIn Ads,2025-07-21,2026-09-16,valid
L00425,Zashil Rai,Parkinson Technologies,zashil.rai@parkinson.com,3984028914,CFO,Retail,250,Germany,Referral,2024-11-07,2026-08-23,valid
L00077,Christina Brown,Roberts LLC,christina.brown@roberts.com,705.934.5786x103,Head of Sales,Media,50,Singapore,LinkedIn Ads,2026-06-05,2026-07-31,valid
L00602,Laura Smith,Chaudhuri Inc.,laura.smith@chaudhuri.com,+914481776655,COO,Media,1200,Germany,Cold Outbound,2025-01-26,2025-03-12,valid
L00771,Tara Baria,Connor Group,tara.baria@connor.com,450-629-1681x54660,IT Director,Telecom,50,Germany,Cold Outbound,2025-06-30,2025-07-27,valid
L00349,Samar Sachar,Barton Group,samar.sachar@barton.com,02493631230,COO,E-commerce,8000,USA,Webinar,2025-07-29,2026-09-23,valid
L01335,Dr Charlotte Sinclair,Jani Group,dr.sinclair@jani.com,00554912151,CTO,Real Estate,1200,Australia,Cold Outbound,2026-02-03,2026-09-01,valid
L00254,Philip Buckley,Riley Pvt Ltd,philip.buckley@riley.com,1581487696,Growth Lead,FinTech,1200,UK,Cold Outbound,2025-07-21,2025-08-28,valid
L00188,George Lucas,Black Technologies,george.lucas@black.com,00136730371,Head of Sales,E-commerce,3000,UK,Trade Show,2026-03-11,2026-03-11,valid
L01824,Alex Williams,Douglas Pvt Ltd,alex.williams@douglas.com,+441632960833,CTO,Telecom,8000,UAE,Referral,2024-11-29,2026-07-21,valid
L01097,Martin Simmons,Bhatia Inc.,martin.simmons@bhatia.com,760.772.3483x893,COO,Retail,500,Germany,Cold Outbound,2025-03-15,2026-08-19,valid
L01349,Dr Stewart Leach,Tripathi Corp,dr.leach@tripathi.com,06345443441,Growth Lead,FinTech,250,UAE,Webinar,2025-10-12,2026-07-12,valid
L01732,Danielle Hamilton,Gentry Corp,danielle.hamilton@gentry.com,+44(0)141 496 0210,Head of Sales,FinTech,10,UK,Website,2024-11-22,2025-01-13,valid
L01169,Richard Vega,Cooper Technologies,richard.vega@cooper.com,01914960250,Head of Sales,Logistics,10,UAE,Referral,2025-08-22,2025-09-11,valid
L00418,Timothy White,Kelly Pvt Ltd,timothy.white@kelly.com,933-297-1895x690,Head of Sales,Retail,25,UAE,Webinar,2025-12-24,2026-07-16,valid
L00936,Lakshmi Dutta,Chand Group,lakshmi.dutta@chand.com,2536365146,COO,Healthcare,8000,Australia,Trade Show,2025-07-13,2026-07-12,valid
L01205,Ryan Clements,Dean Pvt Ltd,ryan.clements@dean.com,001-449-389-8088x067,IT Director,Media,10,Australia,Referral,2025-12-17,2026-08-25,valid
L02113,J. Hamilton,HARRISON LLC,,5950837456,Engineering Manager,E-commerce,50,USA,Website,2025-11-14,2026-04-23,valid
L00495,Dawn Turner,Garg Inc.,dawn.turner@garg.com,029 2018 0694,Procurement Manager,FinTech,250,Germany,Website,2024-12-05,2026-07-24,valid
L02119,Robin Donovan ,hayes pvt,,(029)2018001,VP Operations,Telecom,25,India,Referral,2025-05-23,2026-05-25,valid
L00303,Judith Miller,Bryant Ltd,judith.miller@bryant.com,811-424-1272x3804,Growth Lead,Media,10,India,Referral,2025-04-30,2026-09-12,valid
L00244,Azad Magar,Mitchell Corp,azad.magar@mitchell.com,+917357438421,VP Operations,Healthcare,500,Australia,Trade Show,2026-07-05,2026-07-05,valid
L01955,Kalpit Narayanan,Soni LLC,kalpit.narayanan@soni.com,+1-638-557-6264x81638,CTO,Retail,120,UAE,Cold Outbound,2025-11-13,2026-09-21,bounced
L00093,Jagrati Guha,Divan LLC,jagrati.guha@divan.com,(803)632-3098x2150,Head of Sales,EdTech,1200,UAE,Trade Show,2025-03-07,2026-09-02,valid
L02089,M. Reynolds,Mohanty Corp,,958-577-7496x90333,COO,Manufacturing,10,UAE,Cold Outbound,2024-11-15,2026-05-03,valid
L01120,Neha Taneja,Gibson Pvt Ltd,neha.taneja@gibson.com,(782)705-0682x1223,Head of Sales,E-commerce,25,UK,LinkedIn Ads,2025-12-30,2026-07-17,valid
L00938,Karen Simon,Ravi Technologies,karen.simon@ravi.com,816.460.0767,COO,Healthcare,500,India,Trade Show,2025-10-16,2026-07-03,valid
L01192,Miss Kathleen Wilkinson,Hans Inc.,miss.wilkinson@hans.com,001-417-258-8397x85708,CTO,Retail,8000,Germany,Trade Show,2026-06-12,2026-08-30,valid
L00196,Kathleen Arnold,Silva LLC,kathleen.arnold@silva.com,0121 496 0565,Procurement Manager,Logistics,25,Singapore,LinkedIn Ads,2025-05-18,2026-06-19,valid
L01758,Craig Coleman,Sawyer Group,craig.coleman@sawyer.com,01614960917,IT Director,Manufacturing,250,Germany,Website,2024-12-04,2026-06-11,valid
L00321,Eleanor Humphries,Bowen Solutions,eleanor.humphries@bowen.com,06504481832,Procurement Manager,Media,50,USA,LinkedIn Ads,2025-11-30,2026-08-14,valid
L01238,Julia Harris,Varughese Technologies,julia.harris@varughese.com,3198074682,IT Director,Real Estate,8000,USA,Referral,2025-05-25,2026-09-06,valid
L02071,WATIKA SACHAR,reeves pvt,,1538201140,COO,Retail,8000,Singapore,Website,2026-09-06,2026-07-08,valid
L01737,Diana Johnson,Sabharwal Inc.,diana.johnson@sabharwal.com,+919222056201,IT Director,Media,10,Germany,Website,2025-07-01,2026-07-09,valid
L01788,Darsh Khare,Brennan Pvt Ltd,darsh.khare@brennan.com,329.759.4523,VP Operations,Telecom,1200,USA,LinkedIn Ads,2026-02-08,2026-06-28,valid
L01637,James Hamilton,Harrison Technologies,james.hamilton@harrison.com,(202)581-6409x891,Engineering Manager,E-commerce,50,USA,LinkedIn Ads,2025-11-14,2026-06-16,valid
L00108,Chakradev Gala,Pollard Solutions,chakradev.gala@pollard.com,+916149331637,IT Director,EdTech,1200,India,Referral,2026-02-22,2026-08-25,valid
L01390,Alicia Robinson,Collins Group,alicia.robinson@collins.com,06020005328,Growth Lead,Logistics,250,USA,Referral,2026-03-31,2026-08-31,valid
L00687,Paula Phillips-Smith,Andrews Solutions,paula.phillips-smith@andrews.com,(0808) 157 0901,Head of Sales,Healthcare,120,Singapore,Cold Outbound,2025-11-22,2025-11-22,valid
L01082,Miss Marie Todd,Murthy Ltd,miss.todd@murthy.com,04916093659,VP Operations,EdTech,500,India,Trade Show,2025-04-21,2025-04-28,valid
L00154,Craig Middleton,Stark Pvt Ltd,,(0161) 496 0449,CFO,Healthcare,250,Australia,Trade Show,2025-04-17,2026-09-12,valid
L01119,Sam Miles,Sandhu Corp,sam.miles@sandhu.com,+919707986617,COO,EdTech,10,Singapore,Cold Outbound,2025-08-20,2025-09-15,valid
L01373,Mason Dhawan,Mall Corp,mason.dhawan@mall.com,(626)654-9633x0833,IT Director,EdTech,8000,India,Trade Show,2025-01-14,2026-09-14,valid
L00623,Aayush Shenoy,Walla Inc.,aayush.shenoy@walla.com,+916088050171,COO,FinTech,25,UAE,Website,2025-09-29,2026-06-05,valid
L00529,Guneet Purohit,Ahmed LLC,guneet.purohit@ahmed.com,(611)328-4971x8594,Engineering Manager,Media,3000,Australia,Webinar,2026-04-27,2026-07-25,valid
L00765,Yashica Rajagopalan,Mall Corp,yashica.rajagopalan@mall.com,+441514960076,CFO,Media,500,UAE,Cold Outbound,2025-10-04,2026-07-05,valid
L00488,Rebecca Smith,Pillai Ltd,rebecca.smith@pillai.com,01498282467,Founder,Real Estate,8000,Australia,Referral,2026-02-04,2026-08-30,valid
L00047,Sandra Rivera,Donaldson Group,sandra.rivera@donaldson.com,502.496.6706x625,Engineering Manager,Real Estate,3000,UAE,Trade Show,2025-01-07,2026-06-12,bounced
L01320,Laura Murray,Walker Pvt Ltd,laura.murray@walker.com,08000272214,Engineering Manager,Logistics,120,Australia,Trade Show,2026-07-29,2026-07-29,valid
L00789,Balveer Patla,Bir Technologies,balveer.patla@bir.com,8761124912,Procurement Manager,Retail,3000,India,LinkedIn Ads,2025-01-24,2026-09-18,valid
L00587,Megan Young,King Corp,megan.young@king.com,+44(0)289018228,Engineering Manager,Retail,10,UK,LinkedIn Ads,2025-08-03,2026-09-08,valid
L00930,Dr Tracy Lee,Evans Corp,dr.lee@evans.com,(0118)4960535,Founder,Manufacturing,500,USA,Webinar,2026-09-02,2026-09-02,bounced
L00806,Irya Murty,Walker Pvt Ltd,irya.murty@walker.com,06966060652,Growth Lead,FinTech,1200,Australia,Website,2025-07-22,2026-09-05,valid
L00275,Brandon Mays,Gardner LLC,brandon.mays@gardner.com,+44(0)808 157 0391,IT Director,Manufacturing,250,Germany,Referral,2025-09-28,2026-08-29,valid
L00008,Nidhi Gour,Bhasin Ltd,nidhi.gour@bhasin.com,+1-666-309-3796x6033,Engineering Manager,Retail,8000,Germany,Referral,2026-07-26,2026-08-18,valid
L00114,Allison Thomas,Kanda Ltd,allison.thomas@kanda.com,01144960342,CTO,Telecom,120,Singapore,LinkedIn Ads,2025-07-26,2026-08-19,valid
L01503,Arya Butala,Swaminathan Pvt Ltd,arya.butala@swaminathan.com,+44(0)1164960301,CFO,Logistics,50,USA,Webinar,2024-10-25,2026-06-13,valid
L00939,Amanda Brown,Gulati Technologies,amanda.brown@gulati.com,4734043370,Founder,Real Estate,10,USA,Website,2025-06-04,2026-07-07,valid
L01103,Jai Krishnamurthy,Perry Solutions,jai.krishnamurthy@perry.com,001-546-282-3948x40027,VP Operations,Logistics,500,India,Webinar,2025-06-29,2025-07-05,valid
L01105,Austin Rose,Gola Solutions,austin.rose@gola.com,+44(0)28 9018 0414,Head of Sales,Manufacturing,250,India,Trade Show,2025-02-19,2026-05-31,valid
L00079,Penny Lewis,Williams Pvt Ltd,penny.lewis@williams.com,+1-533-646-8007x2290,VP Operations,Real Estate,10,India,LinkedIn Ads,2025-01-22,2025-02-18,valid
L01782,Zinal Sanghvi,Taylor Technologies,zinal.sanghvi@taylor.com,(210)365-6733x7457,CFO,Telecom,250,Australia,LinkedIn Ads,2026-08-20,2026-09-15,valid
L01353,Zaid Dugar,Lyons Corp,zaid.dugar@lyons.com,9977202170,CTO,Real Estate,3000,USA,Cold Outbound,2026-07-29,2026-07-29,valid
L00065,Gopal Bawa,Jani Corp,gopal.bawa@jani.com,8720506149,Procurement Manager,Media,8000,Singapore,LinkedIn Ads,2026-05-20,2026-08-15,valid
L01981,Chatura Bhatnagar,Brown Corp,chatura.bhatnagar@brown.com,+910304407781,COO,Retail,8000,UAE,Webinar,2026-05-18,2026-06-10,valid
L01564,Dr Christian Francis,Randhawa LLC,,(0141) 4960282,Growth Lead,EdTech,50,UAE,Referral,2026-02-15,2026-02-15,valid
L00908,Johnny Orr,Morley Corp,johnny.orr@morley.com,+1-661-770-1595x919,CTO,E-commerce,500,Singapore,Cold Outbound,2025-02-02,2026-05-31,bounced
L00802,Josephine Burns-Taylor,Wolfe LLC,josephine.burns-taylor@wolfe.com,448-484-7127x05877,IT Director,EdTech,8000,USA,Website,2025-12-29,2026-07-28,valid
L01419,Miss Hazel Potter,Wells Corp,miss.potter@wells.com,+912942525161,IT Director,EdTech,10,Singapore,Website,2025-09-06,2026-07-31,valid
L01297,Emily Read,Balay LLC,emily.read@balay.com,(0113)4960291,Founder,Logistics,120,Germany,Referral,2025-11-10,2026-08-15,valid
L01999,Peter Andrews-Barnes,Barad Inc.,peter.andrews-barnes@barad.com,+918395167309,VP Operations,Real Estate,1200,Singapore,LinkedIn Ads,2024-10-14,2024-11-25,valid
L00253,Ganga Nair,Williams Solutions,ganga.nair@williams.com,00171577245,Growth Lead,Media,3000,India,Webinar,2025-09-19,2026-08-24,valid
L01286,Tyler Garcia,Harris Ltd,tyler.garcia@harris.com,(01632)960215,Head of Sales,E-commerce,8000,Australia,LinkedIn Ads,2026-07-18,2026-07-18,valid
L01127,Ashley Palmer,Naylor Ltd,ashley.palmer@naylor.com,+1-817-979-8768x299,VP Operations,E-commerce,25,UK,LinkedIn Ads,2025-12-04,2026-09-04,valid
L00505,Finn Pall,Dawson Corp,finn.pall@dawson.com,01649328980,Growth Lead,Media,3000,USA,Webinar,2024-11-10,2026-06-09,valid
L01987,Jane Montgomery,Singh Pvt Ltd,jane.montgomery@singh.com,+910834791005,COO,EdTech,50,Germany,Trade Show,2025-01-27,2025-01-28,valid
L00821,Teerth Pant,Wright Ltd,teerth.pant@wright.com,(971)960-7360,COO,Retail,50,USA,Trade Show,2025-04-14,2026-08-01,valid
L00168,Dr Carly Taylor,Santiago Technologies,dr.taylor@santiago.com,+918463920867,COO,Media,10,Germany,Webinar,2026-05-02,2026-09-06,valid
L01812,Xavier Hans,Jones Solutions,xavier.hans@jones.com,2094516767,Growth Lead,Healthcare,250,UK,Trade Show,2025-08-07,2026-06-07,valid
L00622,Rudra Hegde,Stokes Corp,rudra.hegde@stokes.com,570.246.1172x9596,Head of Sales,Logistics,250,USA,LinkedIn Ads,2025-04-15,2025-05-27,valid
L00518,Bradley Burns,Davis Solutions,bradley.burns@davis.com,+44(0)161 4960309,COO,EdTech,50,India,Webinar,2026-07-16,2026-08-18,valid
L01143,Chanchal Ganesh,Bartlett LLC,chanchal.ganesh@bartlett.com,458.454.8596x5594,VP Operations,Logistics,3000,Germany,Cold Outbound,2025-08-12,2025-10-05,valid
L00273,Amara Chaudhari,Sullivan LLC,amara.chaudhari@sullivan.com,9673938525,IT Director,Real Estate,250,Australia,Webinar,2025-05-07,2026-07-03,valid
L01399,Ms Kayleigh Marshall,Knight Technologies,ms.marshall@knight.com,7202665686,CTO,Real Estate,50,UK,Trade Show,2025-01-23,2026-09-23,valid
L00913,Frederick Williams-May,Tripathi Corp,frederick.williams-may@tripathi.com,505.811.5794x2387,Growth Lead,E-commerce,25,USA,Trade Show,2025-03-25,2025-04-14,valid
L00402,Jean Higgins,Johnston Group,,684.531.8848x52008,COO,Telecom,10,Germany,Website,2025-09-24,2026-07-30,valid
L00711,Rushil Chakrabarti,Perez Technologies,rushil.chakrabarti@perez.com,(0909) 879 0306,Growth Lead,Telecom,1200,UK,Trade Show,2025-05-14,2026-08-17,valid
L01338,Antony Nelson,Miller Solutions,antony.nelson@miller.com,402.304.2620x1971,Founder,Manufacturing,10,UK,Cold Outbound,2026-03-30,2026-09-23,valid
L00745,John Ross,Dixon Corp,john.ross@dixon.com,0909 8790529,CFO,EdTech,50,India,Referral,2026-07-18,2026-08-03,valid
L02109,SCOTT MALONE,acosta,,0114 496 0151,Engineering Manager,EdTech,120,Singapore,Referral,2025-11-01,2026-04-07,valid
L01872,Monica Shea,Khosla Technologies,monica.shea@khosla.com,01314960805,IT Director,Logistics,120,India,Website,2025-02-13,2026-08-08,valid
L00988,Dr Craig Gould,Hawkins Inc.,dr.gould@hawkins.com,205.824.8088,VP Operations,EdTech,3000,UAE,Webinar,2025-01-01,2026-07-24,valid
L02052,BRENDA PERKINS,Brar Group,,730-687-7972x4792,Founder,Real Estate,8000,UAE,Referral,2025-12-11,2026-08-06,valid
L00941,Joanna Slater,Hayes Ltd,joanna.slater@hayes.com,8825562965,Growth Lead,Manufacturing,10,USA,Cold Outbound,2025-04-14,2026-09-07,valid
L00049,Zaid Bahl,Patel Technologies,zaid.bahl@patel.com,5787598564,CFO,Telecom,120,UAE,Website,2026-08-10,2026-08-24,valid
L02100,STEVEN KNIGHT,BROWN Corp,STEVEN.KNIGHT@BROWN.COM,+441174960677,Founder,Telecom,1200,Australia,Website,2025-06-23,2026-07-21,valid
L01188,Thomas Rice,Reeves Corp,thomas.rice@reeves.com,+916203708782,IT Director,Retail,3000,Australia,Trade Show,2026-05-21,2026-08-29,valid
L00207,Karen Elliott-Allen,Bala Technologies,karen.elliott-allen@bala.com,001-205-756-6139x06048,Growth Lead,Real Estate,10,UAE,Referral,2026-06-05,2026-08-12,valid
L01274,Aimee Osborne-Green,Harrison Pvt Ltd,aimee.osborne-green@harrison.com,+1-259-792-8553x5952,COO,FinTech,120,USA,LinkedIn Ads,2025-04-17,2025-05-11,valid
L01141,Gary Reed-Bailey,Edwin Inc.,gary.reed-bailey@edwin.com,+913888562258,VP Operations,Media,8000,India,Cold Outbound,2024-11-10,2025-01-08,valid
L00945,Pamela McDonald,Griffith Pvt Ltd,pamela.mcdonald@griffith.com,+44116 496 0357,COO,Healthcare,120,India,Cold Outbound,2025-06-11,2026-09-18,valid
L00600,Advaith Issac,Francis Solutions,advaith.issac@francis.com,001-899-625-5027x2751,COO,FinTech,3000,USA,Cold Outbound,2025-01-29,2026-06-19,valid
L00324,Jackson Deep,Finch LLC,jackson.deep@finch.com,554.452.7985x2401,IT Director,Real Estate,3000,Singapore,Trade Show,2025-10-11,2026-06-21,valid
L01822,Dr. Joshua Johnson,Pall Corp,dr.johnson@pall.com,+44(0)113 496 0271,COO,Healthcare,25,UAE,LinkedIn Ads,2025-05-15,2026-09-05,valid
L00542,Jason Rivera,Howard Group,jason.rivera@howard.com,(437)741-6787,Engineering Manager,EdTech,500,USA,Website,2025-04-12,2025-05-03,valid
L01928,Debbie Scott,Williams Solutions,debbie.scott@williams.com,001-984-853-1563x0930,CFO,Healthcare,50,India,Webinar,2025-05-18,2026-06-07,valid
L01932,Elizabeth Jones,Reeves Pvt Ltd,elizabeth.jones@reeves.com,001-540-224-2224x198,Founder,E-commerce,120,UAE,Cold Outbound,2026-03-08,2026-03-08,bounced
L00163,Heather Ford,Khare LLC,heather.ford@khare.com,01848947697,VP Operations,Retail,8000,UAE,Referral,2024-11-27,2026-06-20,valid
L00451,Miss Katherine Foster,Dubey Pvt Ltd,miss.foster@dubey.com,01184960099,CFO,Logistics,10,India,Referral,2026-03-29,2026-07-01,valid
L00721,Donna Roberts,Nagy Inc.,donna.roberts@nagy.com,06383000818,Procurement Manager,Retail,1200,UK,Website,2026-04-05,2026-06-21,valid
L01275,Bahadurjit Bhargava,Wilkinson Solutions,bahadurjit.bhargava@wilkinson.com,09900696801,Procurement Manager,FinTech,8000,Australia,Referral,2024-10-31,2026-09-20,valid
L01401,Laban Bajaj,Rowe Technologies,laban.bajaj@rowe.com,07296694179,IT Director,Media,1200,USA,LinkedIn Ads,2025-10-25,2026-09-08,valid
L00993,Vidhi Rastogi,Wali Group,vidhi.rastogi@wali.com,7537260321,Head of Sales,EdTech,3000,UAE,Webinar,2025-10-10,2026-07-14,valid
L01000,Deborah Webb,Shroff LLC,deborah.webb@shroff.com,772.971.1759,Engineering Manager,Manufacturing,10,Singapore,Trade Show,2026-05-10,2026-05-10,valid
L00555,Bimala Bath,Turner LLC,bimala.bath@turner.com,(0114) 496 0367,COO,Media,50,UK,Referral,2026-07-02,2026-08-13,valid
L00293,Eshana Karpe,Hunt Pvt Ltd,eshana.karpe@hunt.com,431-536-3631x79706,Procurement Manager,Real Estate,120,UK,Cold Outbound,2025-04-15,2025-04-27,valid
L00560,Mackenzie Compton,Tyler Corp,mackenzie.compton@tyler.com,+918426945005,COO,E-commerce,250,Germany,Website,2025-10-08,2026-06-13,valid
L02025,Kieran Smith ,saxena pvt,,380.367.0898x70920,Engineering Manager,Retail,500,UAE,Webinar,2024-12-12,2026-06-15,valid
L01142,Dalbir Nair,Saran Pvt Ltd,dalbir.nair@saran.com,+44(0)161 496 0678,Procurement Manager,Retail,120,USA,LinkedIn Ads,2025-04-09,2026-09-22,valid
L00466,Indrajit Dayal,Dubey Pvt Ltd,indrajit.dayal@dubey.com,+44(0)1414960716,Engineering Manager,Real Estate,1200,UAE,Website,2025-01-31,2026-09-04,valid
L01016,Siddharth Divan,Bora Inc.,siddharth.divan@bora.com,8486899936,Engineering Manager,Retail,25,UK,Cold Outbound,2025-12-04,2025-12-04,valid
L01324,Tracy Bell,Contreras Inc.,tracy.bell@contreras.com,+4429 2018 0332,Head of Sales,Retail,250,Singapore,LinkedIn Ads,2024-12-20,2026-09-04,valid
L02131,D. Page,NicholsPvt Pvt Ltd,,586.286.6943x202,VP Operations,Logistics,8000,UAE,Trade Show,2025-01-26,2024-11-04,valid
L01107,Ms Frances White,Harmon Ltd,ms.white@harmon.com,477.794.6207x2662,Procurement Manager,Retail,8000,USA,Referral,2026-08-29,2026-08-29,valid
L02112,M. Brown,Bal Ltd,,7147973418,VP Operations,Healthcare,10,India,Website,2025-12-05,2026-06-12,valid
L00301,Michele Castro,Rajagopalan Pvt Ltd,michele.castro@rajagopalan.com,(753)781-7933,Head of Sales,E-commerce,25,Germany,Trade Show,2026-03-20,2026-03-20,valid
L01228,Maria Baker,Allen Pvt Ltd,maria.baker@allen.com,+910181677848,COO,E-commerce,120,UAE,Cold Outbound,2026-02-09,2026-07-17,valid
L00231,Oliver Young-Green,Ellis LLC,oliver.young-green@ellis.com,2111751868,CTO,Healthcare,500,Germany,Website,2026-01-06,2026-08-17,valid
L00289,Lisa Johnson,Scott Inc.,lisa.johnson@scott.com,001-379-714-5608x331,VP Operations,FinTech,10,UAE,Website,2026-07-19,2026-09-20,valid
L01260,Nitara Padmanabhan,Weston Technologies,nitara.padmanabhan@weston.com,+1-644-371-6198x273,Head of Sales,Media,8000,USA,Cold Outbound,2025-12-03,2026-09-13,valid
L01559,Brandon Gardner,Montoya Solutions,brandon.gardner@montoya.com,(0808)1570458,COO,Healthcare,500,UK,Trade Show,2025-09-15,2026-09-04,valid
L01489,Melissa Mays,Walsh Ltd,melissa.mays@walsh.com,+44(0)116 496 0559,COO,EdTech,25,Germany,Webinar,2025-09-21,2026-08-10,valid
L02111,Dr Danielle McCarthy ,Bhatnagar Ltd,DR.MCCARTHY@BHATNAGAR.COM,3093984336,Head of Sales,Retail,500,UAE,Webinar,2026-09-01,2026-08-17,valid
L00679,Karen Martinez,Carr Corp,karen.martinez@carr.com,748-637-5374,VP Operations,Healthcare,50,India,LinkedIn Ads,2026-05-13,2026-06-01,valid
L01310,Rajeshri Prabhakar,Jimenez Technologies,rajeshri.prabhakar@jimenez.com,0161 496 0466,CFO,Real Estate,8000,Singapore,Trade Show,2025-11-06,2026-09-20,valid
L01563,Dr Joseph Gibbons,Lawrence Group,dr.gibbons@lawrence.com,6845672925,Engineering Manager,Real Estate,50,Germany,Trade Show,2024-11-18,2026-06-22,bounced
L02002,ARYAN PRADHAN,wilson,ARYAN.PRADHAN@WILSON.COM,03713887402,Head of Sales,Logistics,500,Germany,LinkedIn Ads,2024-12-06,2024-10-23,valid
L01846,Aarush Mukherjee,Edwards Technologies,aarush.mukherjee@edwards.com,+44(0)1134960283,Growth Lead,Logistics,3000,USA,Referral,2025-08-04,2025-09-04,valid
L01345,Lekha Palan,Vaidya LLC,lekha.palan@vaidya.com,0450063553,Growth Lead,Manufacturing,3000,UK,LinkedIn Ads,2025-05-31,2026-09-23,valid
L01435,Patrick Ford,Dubey Group,patrick.ford@dubey.com,+44(0)2074960124,Growth Lead,Retail,10,Australia,Referral,2026-03-20,2026-07-16,valid
L01182,Rachael Holland-O'Neill,Reyes LLC,rachael.holland-o'neill@reyes.com,333-596-2746x66215,IT Director,E-commerce,1200,UAE,LinkedIn Ads,2025-01-17,2026-09-10,valid
L00689,Angela Prince,Miah Solutions,angela.prince@miah.com,+441214960172,Growth Lead,Healthcare,500,India,LinkedIn Ads,2025-06-29,2026-08-28,valid
L01267,Maurice McCarthy,Price Group,maurice.mccarthy@price.com,+44(0)292018220,CTO,Telecom,1200,Germany,Cold Outbound,2024-11-05,2026-08-20,valid
L01518,Lindsay Pacheco,Pillai Ltd,lindsay.pacheco@pillai.com,530-521-5167x58646,CTO,Retail,10,Singapore,LinkedIn Ads,2026-08-08,2026-09-22,valid
L00744,Balvan Pingle,Evans Technologies,balvan.pingle@evans.com,+1-622-521-6107x051,VP Operations,Media,120,UK,Cold Outbound,2024-12-19,2026-06-02,valid
L01429,Laura Oneal,Brar Inc.,laura.oneal@brar.com,+44(0)3069990645,IT Director,Manufacturing,25,Singapore,Referral,2025-10-16,2025-10-30,valid
L01743,Richard Wood,Ravi Inc.,richard.wood@ravi.com,(895)424-7466x5353,COO,EdTech,50,India,Referral,2025-03-26,2026-06-03,valid
L01806,Thomas Kothari,Lalla Group,thomas.kothari@lalla.com,06569764878,CTO,FinTech,120,India,Trade Show,2025-07-16,2025-09-08,valid
L00990,Aadi Mani,Ahmed Group,aadi.mani@ahmed.com,7688687859,CTO,Media,1200,UK,Cold Outbound,2026-01-19,2026-09-20,valid
L00033,Meredith Martin,Dean Pvt Ltd,meredith.martin@dean.com,8425241056,COO,Manufacturing,1200,UK,LinkedIn Ads,2025-11-14,2026-08-19,valid
L00701,Upma Chaudhuri,Chauhan Ltd,upma.chaudhuri@chauhan.com,8607212886,Engineering Manager,Logistics,8000,Singapore,Website,2025-04-15,2026-08-24,valid
L01484,Mr Francis Reeves,Taylor Pvt Ltd,mr.reeves@taylor.com,215.519.8545x82942,Founder,EdTech,250,Australia,Referral,2025-11-30,2026-01-14,valid
L00221,Shirley Coates,Turner Corp,shirley.coates@turner.com,0131 496 0782,IT Director,Telecom,10,UAE,Cold Outbound,2025-10-16,2026-06-29,valid
L02091,GIRINDRA SANKAR,DesaiPvt LLC,,00373416781,Procurement Manager,Real Estate,25,Germany,Trade Show,2026-05-30,2026-06-25,valid
L01888,Lawrence Allen,Ward Technologies,lawrence.allen@ward.com,00282313427,Founder,Media,8000,USA,Website,2025-12-01,2026-06-25,valid
L01861,Heather Williams,Suresh Solutions,heather.williams@suresh.com,+44(0)20 74960244,Growth Lead,Healthcare,500,UAE,Webinar,2025-02-25,2026-09-25,valid
L00057,Antony Wilson,Osborn Solutions,antony.wilson@osborn.com,(0808) 1570264,IT Director,E-commerce,250,India,Referral,2025-08-14,2026-08-07,valid
L01775,Jacob Parsa,Hans Inc.,jacob.parsa@hans.com,0978302801,CFO,Retail,120,UK,Website,2025-01-17,2026-07-23,valid
L01525,Damyanti Kari,Jackson Corp,damyanti.kari@jackson.com,(0113) 4960274,Procurement Manager,E-commerce,500,Germany,Referral,2025-01-10,2026-07-15,valid
L00634,Ms Stephanie Barrett,Guerra Solutions,ms.barrett@guerra.com,+1-348-297-8610x313,COO,Healthcare,3000,Germany,Webinar,2025-04-08,2025-05-11,valid
L00408,Ria Suri,Shroff LLC,ria.suri@shroff.com,+44(0)141 4960228,COO,Telecom,10,Australia,Trade Show,2026-06-18,2026-07-04,valid
L01059,Rita Clarke,Jones Pvt Ltd,rita.clarke@jones.com,481.587.6920,Growth Lead,Healthcare,3000,Germany,Trade Show,2024-12-01,2026-06-02,valid
L00770,Samantha Wood,Dubey LLC,samantha.wood@dubey.com,+44161 496 0645,COO,Retail,3000,UK,Trade Show,2025-08-26,2026-07-26,valid
L01178,Kelly Burnett,Dalal Technologies,kelly.burnett@dalal.com,+44(0)131 496 0712,VP Operations,Logistics,25,India,Webinar,2025-04-19,2026-06-02,valid
L01442,Dr Clive O'Neill,Walters Group,dr.o'neill@walters.com,0151 4960090,Founder,FinTech,120,USA,Trade Show,2025-07-05,2026-08-05,valid
L01506,Peter Francis,Reid Solutions,peter.francis@reid.com,+910347131719,Founder,Logistics,10,USA,LinkedIn Ads,2025-12-03,2026-06-01,valid
L01256,Gregory Hart,Good Solutions,gregory.hart@good.com,0306 999 0011,Head of Sales,FinTech,500,Germany,Referral,2025-05-12,2026-08-24,valid
L00603,Miss Amy Bennett,Fraser Pvt Ltd,miss.bennett@fraser.com,05289286646,COO,Healthcare,8000,UK,Referral,2025-03-02,2026-08-08,valid
L01515,Mitali Sodhi,Dash LLC,mitali.sodhi@dash.com,(275)316-9139x5215,Growth Lead,E-commerce,1200,USA,Webinar,2024-10-30,2026-07-09,valid
L01124,Geoffrey Adams-Freeman,Nichols Pvt Ltd,geoffrey.adams-freeman@nichols.com,+44(0)20 7496 0484,COO,Healthcare,250,Germany,Website,2025-04-27,2026-06-24,valid
L02045,DAMINI RAVAL,MITCHELL Solutions,DAMINI.RAVAL@MITCHELL.COM,+44(0)1314960495,CFO,Media,500,Australia,Trade Show,2025-07-06,2026-05-28,valid
L00732,Marie Hall-Hudson,Schultz Group,marie.hall-hudson@schultz.com,(01632) 960228,CTO,Logistics,3000,UAE,Referral,2025-12-28,2026-06-06,valid
L01760,Dean Bennett,Soni LLC,dean.bennett@soni.com,(347)302-8814,Founder,E-commerce,3000,Singapore,Trade Show,2025-08-02,2026-06-11,valid
L01140,Amol Lata,Payne Pvt Ltd,amol.lata@payne.com,001-914-210-5276x981,CFO,Healthcare,25,Australia,Website,2025-06-16,2026-06-29,valid
L01395,Aadi Borde,Moss Inc.,aadi.borde@moss.com,(582)733-9218,IT Director,EdTech,50,Germany,Trade Show,2024-11-12,2026-09-03,valid
L01235,Shivansh Gera,Mittal LLC,shivansh.gera@mittal.com,(0909)8790809,IT Director,EdTech,1200,Germany,Cold Outbound,2024-10-23,2024-11-29,valid
L00644,Miss Denise Bates,Evans Corp,miss.bates@evans.com,0191 4960591,Head of Sales,Healthcare,500,UK,LinkedIn Ads,2025-04-09,2026-08-22,valid
L00172,Elaine Duffy-Baxter,Sehgal Pvt Ltd,elaine.duffy-baxter@sehgal.com,(727)902-6728,COO,FinTech,10,UAE,Referral,2025-01-07,2026-07-01,valid
L00598,Donald Miller,Meza Inc.,donald.miller@meza.com,+44151 4960683,COO,Healthcare,50,Singapore,LinkedIn Ads,2024-12-21,2026-07-06,valid
L01222,Denis Myers,Lutz Group,denis.myers@lutz.com,+44(0)1214960454,IT Director,Media,500,Germany,LinkedIn Ads,2025-04-09,2026-06-27,bounced
L01588,Samesh Grover,Balakrishnan Ltd,samesh.grover@balakrishnan.com,001-416-929-0739x92891,CTO,Real Estate,120,UK,Website,2026-02-25,2026-07-25,valid
L01771,Sarah Jones,Luna Pvt Ltd,sarah.jones@luna.com,481.415.2232,Procurement Manager,Manufacturing,120,Singapore,Cold Outbound,2025-03-23,2025-05-08,valid
L02103,MR JACK ROBINSON,Tran Ltd,,+913121980418,IT Director,E-commerce,8000,UAE,Referral,2025-08-05,2026-06-14,valid
L02046,Eesha Warrior ,Misra Corp,,04627205364,Growth Lead,FinTech,8000,UAE,Cold Outbound,2025-04-20,2026-06-01,valid
L00341,Ayaan Bath,Pau Group,ayaan.bath@pau.com,(259)505-6165x565,IT Director,Real Estate,8000,Germany,LinkedIn Ads,2026-08-12,2026-08-12,valid
L00654,Neha Ahuja,Jennings Solutions,neha.ahuja@jennings.com,7010415914,IT Director,Telecom,50,Germany,Referral,2026-04-02,2026-04-02,valid
L00841,Jacob Verma,Gibson Inc.,jacob.verma@gibson.com,1973741897,VP Operations,Media,10,Germany,Cold Outbound,2025-10-16,2026-08-05,valid
L01819,Emma Bird,Datta Group,emma.bird@datta.com,+911566851353,Founder,FinTech,10,UK,Website,2024-12-14,2026-08-07,valid
L01817,Richard Schmidt,Pillai Corp,richard.schmidt@pillai.com,01632 960080,Head of Sales,Real Estate,8000,India,Webinar,2025-04-25,2026-07-23,valid
L00069,Sara Cardenas,Gallagher Technologies,sara.cardenas@gallagher.com,7937416089,Founder,FinTech,250,Germany,Webinar,2026-04-16,2026-05-30,valid
L01948,Julian Kelly,Merchant Inc.,julian.kelly@merchant.com,09668667989,Growth Lead,EdTech,8000,India,Trade Show,2026-07-20,2026-07-20,valid
L01237,Ishwar Bath,Mitchell Corp,ishwar.bath@mitchell.com,698.276.1081x43561,CFO,Media,10,UK,Webinar,2025-08-04,2025-08-23,valid
L01707,Ishaan Nair,Handa Ltd,ishaan.nair@handa.com,0306 999 0689,IT Director,Manufacturing,3000,UAE,LinkedIn Ads,2026-01-28,2026-06-08,valid
L00084,Urishilla Dave,Riley Pvt Ltd,,+44118 496 0825,VP Operations,FinTech,1200,Singapore,Website,2026-02-25,2026-06-26,valid
L01437,Philip Moore,Keith Group,philip.moore@keith.com,1123038856,CFO,EdTech,50,Australia,Webinar,2025-07-28,2026-09-12,valid
L02129,FRADO JOSHI,REYNOLDS PVT Solutions,,001-748-852-7758x67036,Procurement Manager,EdTech,8000,Singapore,Website,2025-08-16,2026-05-31,valid
L00774,Anirudh Sachdeva,Anderson Pvt Ltd,anirudh.sachdeva@anderson.com,+44(0)115 496 0447,CFO,FinTech,8000,India,Website,2025-12-26,2026-08-20,valid
L01968,Devika Mohan,Lalla Group,devika.mohan@lalla.com,06186870479,IT Director,Media,3000,UK,Cold Outbound,2026-08-24,2026-08-24,valid
L01698,Ann Murray,Le Technologies,ann.murray@le.com,+44(0)306 9990886,COO,FinTech,1200,Singapore,Website,2025-07-28,2025-09-14,valid
L00004,James Barton,Naik Ltd,james.barton@naik.com,+44292018825,Head of Sales,Retail,500,UK,Cold Outbound,2026-08-17,2026-08-17,valid
L01964,Christine Howell,White Corp,christine.howell@white.com,4095406565,Head of Sales,Retail,10,UAE,Website,2025-07-19,2026-08-29,valid
L01683,Judith Jackson,Shaw Solutions,judith.jackson@shaw.com,03069990802,Engineering Manager,Manufacturing,120,Singapore,Trade Show,2025-04-28,2026-07-11,valid
L01199,Jorge Hernandez,Cortez Solutions,jorge.hernandez@cortez.com,+912851622593,Founder,E-commerce,500,UAE,Website,2025-05-06,2026-06-09,valid
L01501,Kevin Roberts,Stewart Ltd,kevin.roberts@stewart.com,08081570218,Head of Sales,Telecom,1200,India,Website,2026-08-16,2026-08-20,valid
L00839,Kelly Preston-Osborne,Shaw Solutions,kelly.preston-osborne@shaw.com,8628272362,Procurement Manager,Retail,25,India,Webinar,2026-04-14,2026-08-16,valid
L01896,Eesha Behl,Saxena Pvt Ltd,eesha.behl@saxena.com,(202)568-3878,Founder,E-commerce,120,Germany,Referral,2025-03-24,2026-08-01,valid
L01291,Molly Khan,Clark Technologies,molly.khan@clark.com,0306 9990720,IT Director,Media,250,Singapore,Website,2025-09-28,2026-06-04,valid
L01153,Jenna Dunn,Foley Technologies,jenna.dunn@foley.com,001-471-272-1733x739,Growth Lead,EdTech,10,UK,Website,2026-02-20,2026-08-26,valid
L00054,Anthony Divan,Nair Pvt Ltd,anthony.divan@nair.com,01632 960 218,Engineering Manager,Logistics,250,Singapore,LinkedIn Ads,2025-05-24,2026-08-14,valid
L00460,Dhriti Guha,Smith Corp,dhriti.guha@smith.com,6377805292,CTO,FinTech,120,India,LinkedIn Ads,2026-06-30,2026-06-30,valid
L01048,Eric Duran,Bell Group,eric.duran@bell.com,4936999516,CTO,Retail,10,Singapore,Webinar,2025-11-30,2026-05-31,valid
L01145,Bonnie Wiley,Mistry Solutions,bonnie.wiley@mistry.com,351-630-5570x83682,Growth Lead,Manufacturing,10,Germany,Website,2025-10-27,2026-06-17,valid
L00415,Chakradev Savant,Torres LLC,chakradev.savant@torres.com,+44(0)1184960120,Founder,Healthcare,250,Australia,Webinar,2025-01-29,2025-03-06,valid
L01769,Abigail Cardenas,Wali LLC,abigail.cardenas@wali.com,+44(0)28 9018 0624,Founder,Telecom,50,Australia,Cold Outbound,2025-12-10,2026-07-03,valid
L01244,Mohamed Hart,Tripathi Group,mohamed.hart@tripathi.com,+44114 496 0505,Growth Lead,Retail,25,India,Trade Show,2026-05-22,2026-09-04,valid
L01587,Derek Bradshaw,Howard Group,derek.bradshaw@howard.com,970-248-6186,CFO,Telecom,500,Australia,Website,2025-08-09,2026-06-16,valid
L00897,Andrea Taylor,Oconnor Pvt Ltd,andrea.taylor@oconnor.com,6213541597,Growth Lead,Retail,500,Australia,LinkedIn Ads,2025-09-27,2026-07-29,valid
L01573,Janaki Sood,Nichols Pvt Ltd,janaki.sood@nichols.com,+916349429046,Engineering Manager,Manufacturing,3000,UK,Trade Show,2026-01-16,2026-06-27,valid
L01176,Pavani Gera,Thomas LLC,pavani.gera@thomas.com,371-324-7601x080,Growth Lead,EdTech,250,UK,Referral,2024-11-15,2024-12-15,valid
L00681,Sarah Meyer,Raghavan Pvt Ltd,sarah.meyer@raghavan.com,8315203771,Founder,E-commerce,50,UAE,Webinar,2025-10-30,2025-12-21,valid
L00096,Dylan Hardy-Clark,Bassi Solutions,dylan.hardy-clark@bassi.com,939.534.8356x4208,Founder,Real Estate,500,Australia,Referral,2024-12-27,2026-08-07,valid
L01902,Keith Contreras,Hammond Inc.,keith.contreras@hammond.com,+1-473-269-0789x4767,Founder,Real Estate,8000,UAE,Webinar,2026-01-09,2026-08-08,valid
L01317,Louise Williams-Howe,Vasa Ltd,louise.williams-howe@vasa.com,04701732086,VP Operations,Media,1200,Germany,Referral,2025-11-08,2026-06-27,valid
L01433,Georgina White-Cross,Morar Technologies,georgina.white-cross@morar.com,(0121) 4960997,IT Director,Healthcare,120,UAE,Trade Show,2026-06-18,2026-07-17,bounced
L01996,Dr Simon Mitchell,Davis Solutions,dr.mitchell@davis.com,(0113) 496 0380,Founder,Real Estate,50,UAE,Trade Show,2024-12-29,2026-07-05,valid
L01910,Gillian Holmes,Clayton Ltd,gillian.holmes@clayton.com,03069990461,Engineering Manager,FinTech,25,India,Trade Show,2025-09-30,2026-08-02,bounced
L01078,Christine Hubbard,Bennett Group,christine.hubbard@bennett.com,+918495163211,CFO,Media,50,UK,Referral,2026-06-11,2026-07-27,valid
L02043,MISS ANDREA DANIELS,James Group,,+914991537038,Founder,Media,10,USA,Website,2026-05-02,2026-05-02,valid
L01198,Miss Irene Patel,Saunders Group,miss.patel@saunders.com,(0118) 496 0496,Procurement Manager,FinTech,25,USA,Trade Show,2024-11-23,2026-07-12,valid
L01880,Banjeet Buch,Khosla Group,banjeet.buch@khosla.com,+44(0)1174960511,Procurement Manager,Logistics,500,India,Webinar,2026-05-27,2026-09-14,valid
L01047,Michael Spencer,Long Ltd,michael.spencer@long.com,(0131) 496 0073,CTO,Manufacturing,25,USA,LinkedIn Ads,2024-12-20,2025-02-12,valid
L01157,Matthew Mclaughlin PhD,Modi Corp,matthew.phd@modi.com,(964)330-9544,COO,E-commerce,50,UK,Website,2025-07-04,2026-08-17,valid
L01848,Dorothy Cox,Francis Group,dorothy.cox@francis.com,337-466-1366x280,CTO,FinTech,50,USA,Trade Show,2025-07-08,2025-09-02,valid
L01901,Matthew Jackson,Riley Pvt Ltd,matthew.jackson@riley.com,(508)831-6816,CTO,Media,120,Germany,Webinar,2025-05-06,2026-08-23,valid
L01067,April Green,Saunders Group,april.green@saunders.com,(555)815-8482x6691,IT Director,Healthcare,8000,UK,Cold Outbound,2024-11-28,2026-08-10,valid
L00672,Suzanne Hurst-Kaur,Walker Corp,suzanne.hurst-kaur@walker.com,001-774-200-5643,VP Operations,Logistics,8000,UAE,Trade Show,2025-05-07,2026-06-14,valid
L00197,Matthew Williams,Chaudry Solutions,matthew.williams@chaudry.com,(803)917-3109,Procurement Manager,Telecom,120,Germany,Referral,2025-08-25,2026-07-16,valid
L01211,Maureen Patel-Hartley,Dennis LLC,maureen.patel-hartley@dennis.com,+910099424894,CFO,Healthcare,1200,Australia,LinkedIn Ads,2025-01-21,2026-08-14,valid
L01844,Luke Tandon,Ross Pvt Ltd,luke.tandon@ross.com,(230)233-5636x9301,Engineering Manager,Telecom,250,UAE,Webinar,2025-07-14,2025-08-24,valid
L01114,Girindra Sankar,Desai Pvt Ltd,girindra.sankar@desai.com,00373416781,Procurement Manager,Real Estate,25,Germany,Website,2026-05-30,2026-09-08,valid
L00835,Micheal Martinez,Lawson Corp,micheal.martinez@lawson.com,07681826832,IT Director,Retail,50,Germany,Website,2025-04-21,2026-09-24,valid
L00750,Louise White-Armstrong,Good Solutions,louise.white-armstrong@good.com,+913432447417,Head of Sales,Media,50,Australia,Referral,2024-10-06,2026-09-16,valid
L00035,Kevin Wilson,Balasubramanian Ltd,kevin.wilson@balasubramanian.com,0113 496 0003,IT Director,Retail,50,Australia,Referral,2025-10-15,2026-06-08,bounced
L01906,Paula Smith-Evans,Boone Ltd,paula.smith-evans@boone.com,0161 496 0296,Engineering Manager,Retail,500,India,LinkedIn Ads,2025-03-14,2025-03-15,valid
L00474,Lisa Thompson,Davenport Corp,lisa.thompson@davenport.com,+1-462-510-4275,Procurement Manager,Healthcare,1200,Singapore,Webinar,2025-12-25,2026-06-15,valid
L02101,ABHIRAM MITTAL,Bumb Solutions,ABHIRAM.MITTAL@BUMB.COM,341.636.2334x70407,CFO,Media,120,USA,Referral,2025-07-02,2026-08-28,valid
L01252,Richard Martinez,Wright Group,richard.martinez@wright.com,0116 496 0257,Engineering Manager,EdTech,25,India,LinkedIn Ads,2026-06-26,2026-09-10,valid
L02008,DR LYDIA ROBERTS,murthy,,+44(0)118 4960814,Engineering Manager,FinTech,250,Australia,Cold Outbound,2025-03-18,2026-06-14,valid
L01164,Idika Gaba,Thomas Inc.,idika.gaba@thomas.com,001-991-602-9295x0143,COO,Retail,3000,Germany,Trade Show,2026-03-21,2026-06-26,valid
L01174,Anthony Sachar,Howard Group,anthony.sachar@howard.com,(224)581-5542,Head of Sales,EdTech,10,UAE,Trade Show,2025-01-09,2026-07-15,valid
L00812,Logan Bir,Bishop Pvt Ltd,logan.bir@bishop.com,01632960557,CTO,FinTech,10,Australia,Trade Show,2025-03-22,2026-07-07,valid
L01876,Alyssa Fisher,Carter Group,alyssa.fisher@carter.com,5150204502,Growth Lead,EdTech,10,Australia,Website,2025-10-17,2026-07-20,valid
L01839,Justin Robbins,Johnson Technologies,justin.robbins@johnson.com,+44118 496 0759,Procurement Manager,FinTech,1200,Australia,Referral,2026-05-31,2026-08-29,valid
L01814,Samarth Kala,Varghese Ltd,samarth.kala@varghese.com,09608289671,Engineering Manager,EdTech,10,India,Trade Show,2025-04-06,2025-04-12,bounced
L01850,Susan Robinson,Bradley Pvt Ltd,susan.robinson@bradley.com,5589330967,CFO,Logistics,500,India,Website,2025-09-02,2026-06-16,valid
L00445,Bishakha Pillay,Barton Group,bishakha.pillay@barton.com,792.503.8806x53331,Founder,Retail,3000,USA,Cold Outbound,2026-08-25,2026-08-25,valid
L00503,Hugh Taylor,Barad Solutions,hugh.taylor@barad.com,+44(0)141 496 0305,CFO,EdTech,120,Singapore,Webinar,2026-04-25,2026-04-25,valid
L01660,Derek Kirk,Saxena Group,derek.kirk@saxena.com,+910740274067,Procurement Manager,Manufacturing,1200,UK,Referral,2024-12-30,2026-07-07,valid
L01582,Darpan Dixit,Jenkins Pvt Ltd,darpan.dixit@jenkins.com,02910845078,CFO,Retail,1200,Germany,Cold Outbound,2025-10-02,2025-12-01,valid
L00328,Phyllis Austin,Myers LLC,phyllis.austin@myers.com,020 74960119,CFO,Real Estate,120,UAE,Cold Outbound,2025-09-04,2026-09-13,valid
L01709,Nisha Solanki,Raj Technologies,nisha.solanki@raj.com,(0808) 157 0403,VP Operations,Telecom,25,India,Website,2024-10-23,2026-08-26,valid
L00453,Miss Rachael Reynolds,Mohanty Corp,miss.reynolds@mohanty.com,958-577-7496x90333,COO,Manufacturing,10,UAE,LinkedIn Ads,2024-11-15,2026-06-15,valid
L00461,Xalak Pant,Andrews Solutions,xalak.pant@andrews.com,+916668459090,Growth Lead,Media,8000,Singapore,Cold Outbound,2026-05-28,2026-05-28,valid
L01556,Avi Agrawal,Barnett Inc.,avi.agrawal@barnett.com,+4420 74960284,Head of Sales,Media,250,UK,Cold Outbound,2026-05-28,2026-08-05,valid
L00861,Desiree King,Sarraf Pvt Ltd,desiree.king@sarraf.com,+44113 4960976,Growth Lead,Retail,250,India,Cold Outbound,2024-11-10,2025-01-09,valid
L00381,Valerie Rhodes,Datta Group,valerie.rhodes@datta.com,+4429 2018278,CFO,Real Estate,10,Australia,Cold Outbound,2025-05-01,2026-06-03,valid
L00918,Anya Dhar,Rodriguez Corp,anya.dhar@rodriguez.com,+917330559782,COO,Logistics,250,Germany,Trade Show,2025-11-16,2026-06-01,valid
L00751,Ikshita Virk,Ferguson LLC,ikshita.virk@ferguson.com,2096289365,Growth Lead,Telecom,250,India,Website,2026-02-01,2026-06-28,valid
L00552,Joshua Cooper,Palmer Pvt Ltd,joshua.cooper@palmer.com,0161 4960382,COO,Telecom,50,India,Cold Outbound,2024-10-20,2026-09-16,valid
L00304,Osha Sawhney,Frazier Ltd,osha.sawhney@frazier.com,+44(0)28 9018 0043,Engineering Manager,Telecom,120,UAE,Referral,2025-10-20,2025-10-20,valid
L00811,Jessica Murphy,Sunder Solutions,jessica.murphy@sunder.com,(0306) 999 0488,Procurement Manager,Manufacturing,25,Singapore,Trade Show,2026-04-30,2026-07-19,valid
L02039,E. Read,BALAY Ltd,EMILY.READ@BALAY.COM,7155446053,Founder,Logistics,120,Germany,LinkedIn Ads,2025-11-10,2026-07-28,valid
L01767,Yamini Minhas,Spence Technologies,yamini.minhas@spence.com,(871)772-6625,Engineering Manager,Manufacturing,500,UK,Webinar,2025-12-03,2026-07-12,valid
L01859,Tamara Pugh,Thompson Ltd,,+917165789391,Head of Sales,Media,120,Singapore,Cold Outbound,2025-10-28,2026-07-04,valid
L01454,Stephen Smith,Modi Corp,stephen.smith@modi.com,8116403439,VP Operations,Media,3000,Australia,Webinar,2025-12-10,2025-12-10,valid
L01857,Eesha Wason,Brar Corp,eesha.wason@brar.com,(755)997-7726,COO,Manufacturing,1200,India,LinkedIn Ads,2026-01-15,2026-01-15,valid
L01254,Ben Shah,Perez Technologies,,+910178822473,Procurement Manager,Healthcare,8000,Singapore,Webinar,2025-09-05,2025-10-30,valid
L01133,Cheyenne Horne,Moore Ltd,cheyenne.horne@moore.com,01154960562,Procurement Manager,Real Estate,10,Germany,Webinar,2025-10-17,2025-11-29,valid
L00832,Leah Newman,Kelly Corp,leah.newman@kelly.com,001-960-932-0203x2650,CFO,FinTech,8000,USA,LinkedIn Ads,2026-02-21,2026-07-19,valid
L00515,Jacob Bartlett,Marshall Corp,jacob.bartlett@marshall.com,430.259.1266,CTO,Healthcare,25,India,Cold Outbound,2025-10-10,2026-06-02,valid
L00859,Dr. Katie Alvarez,Burgess Technologies,dr.alvarez@burgess.com,+919358374907,Founder,Real Estate,250,USA,Cold Outbound,2026-07-02,2026-07-02,valid
L00692,Yasti Brahmbhatt,Thakkar Solutions,yasti.brahmbhatt@thakkar.com,259.756.1642,Founder,Healthcare,3000,UAE,Referral,2025-11-13,2026-08-03,valid
L01728,Jemma Savage,Chad Inc.,,+913145461574,IT Director,Media,25,UK,Cold Outbound,2026-03-22,2026-07-01,valid
L00691,Crystal Lynn,Tiwari LLC,crystal.lynn@tiwari.com,00580935118,CFO,EdTech,3000,USA,Trade Show,2026-05-11,2026-07-30,valid
L00464,Cassandra Serrano,Herrera Technologies,cassandra.serrano@herrera.com,(0161)4960023,VP Operations,EdTech,25,USA,Trade Show,2024-12-14,2026-09-21,valid
L02042,W. Short,Wright LLC,,+914938620448,Procurement Manager,EdTech,3000,Germany,LinkedIn Ads,2026-02-23,2026-05-30,valid
L01214,Rehaan Toor,Chaudhary Solutions,rehaan.toor@chaudhary.com,+44113 4960623,Procurement Manager,Telecom,25,India,LinkedIn Ads,2026-08-22,2026-08-30,valid
L00735,Aachal Jain,Norris Inc.,aachal.jain@norris.com,001-421-834-2491,Procurement Manager,Healthcare,120,UK,Webinar,2025-08-05,2025-08-30,valid
L00747,Wendy Short,Wright LLC,wendy.short@wright.com,+914938620448,Procurement Manager,EdTech,3000,Germany,Webinar,2026-02-23,2026-06-14,valid
L02080,Pavani Dora ,GIBSON Inc.,PAVANI.DORA@GIBSON.COM,3436877156,Growth Lead,Logistics,25,Australia,Webinar,2024-10-09,2026-07-04,valid
L00894,Scott Brown,Wood LLC,scott.brown@wood.com,453-623-4159x59775,Founder,Media,120,Germany,Webinar,2026-07-31,2026-07-31,valid
L01359,Joshua Watson,Gola Solutions,joshua.watson@gola.com,623-862-2033x4742,COO,Logistics,25,India,Trade Show,2026-02-14,2026-07-20,valid
L01770,Kayla Strickland,Reddy LLC,kayla.strickland@reddy.com,9064689041,Engineering Manager,Real Estate,500,USA,LinkedIn Ads,2026-02-24,2026-08-11,valid
L01962,Udyati Saini,Sims Corp,udyati.saini@sims.com,0161 4960404,VP Operations,Telecom,3000,Singapore,LinkedIn Ads,2026-04-15,2026-09-15,valid
L00867,Mrs. Jacqueline Jackson,Wall Corp,mrs.jackson@wall.com,(0113) 496 0056,CFO,Telecom,3000,Australia,Website,2026-01-07,2026-06-19,valid
L01397,Lekha Chandran,Andrews Group,lekha.chandran@andrews.com,+44(0)1134960659,CFO,Logistics,3000,UAE,LinkedIn Ads,2025-12-31,2026-08-10,valid
L01804,Watika Sachar,Reeves Pvt Ltd,watika.sachar@reeves.com,1538201140,COO,Retail,8000,Singapore,Cold Outbound,2026-09-06,2026-09-06,valid
L00980,Denise Macias,Armstrong Inc.,,08550789679,VP Operations,E-commerce,8000,UAE,Cold Outbound,2025-05-07,2026-07-03,valid
L01682,Ucchal Jayaraman,Davis Corp,ucchal.jayaraman@davis.com,07480957394,COO,Real Estate,50,Australia,Referral,2025-10-06,2026-07-09,valid
L01939,Alice Jones,Dean Pvt Ltd,alice.jones@dean.com,0141 4960696,Engineering Manager,Media,250,Germany,Trade Show,2026-04-08,2026-07-15,valid
L00700,Jacob Bumb,Gara Solutions,jacob.bumb@gara.com,08297327021,Engineering Manager,Media,3000,USA,Referral,2024-12-07,2024-12-11,valid
L01609,Elijah Setty,Clarke LLC,elijah.setty@clarke.com,(020)74960623,VP Operations,E-commerce,8000,UK,Webinar,2026-03-28,2026-07-26,valid
L00413,Kevin Devi,Evans Group,kevin.devi@evans.com,+4428 9018 0777,Procurement Manager,Media,500,UK,Webinar,2025-12-15,2025-12-31,valid
L01652,Teerth Gupta,Krishnamurthy Solutions,teerth.gupta@krishnamurthy.com,001-497-732-3964x402,IT Director,Telecom,25,USA,Trade Show,2026-06-21,2026-06-21,valid
L00139,Balhaar Lad,Williams Ltd,balhaar.lad@williams.com,+44191 496 0725,COO,Healthcare,3000,UAE,Cold Outbound,2026-02-07,2026-08-13,valid
L00073,Jamie Montgomery,Vaughan Solutions,jamie.montgomery@vaughan.com,+44(0)29 2018 0606,IT Director,Retail,8000,Germany,Trade Show,2026-04-03,2026-07-11,valid
L01341,Mr Gary Williams,Chaudhuri Inc.,mr.williams@chaudhuri.com,0759889786,Procurement Manager,Logistics,1200,Singapore,Cold Outbound,2026-02-20,2026-06-09,valid
L01834,Prisha Dara,Divan LLC,prisha.dara@divan.com,(020) 74960971,COO,E-commerce,10,USA,Referral,2024-11-12,2024-11-15,valid
L00388,Charan Nath,Payne Pvt Ltd,charan.nath@payne.com,966-879-9840,Engineering Manager,Real Estate,3000,USA,Referral,2025-07-27,2026-08-05,valid
L01643,Dr Keith Lees,Wilson Corp,dr.lees@wilson.com,+44161 496 0056,VP Operations,Logistics,3000,India,Trade Show,2024-11-26,2026-06-27,valid
L00798,Morgan Lowery,Russell Ltd,,340.533.3997x71805,Head of Sales,Media,3000,Australia,Website,2024-12-27,2026-06-28,valid
L01640,Samantha Costa,Hill Ltd,samantha.costa@hill.com,6987602757,CTO,FinTech,500,Germany,Trade Show,2025-08-12,2026-07-27,valid
L01071,Jason Ramanathan,Luna Pvt Ltd,jason.ramanathan@luna.com,1880442877,Growth Lead,E-commerce,3000,USA,Cold Outbound,2024-12-01,2026-06-22,valid
L01473,Indali Choudhury,Bera Ltd,indali.choudhury@bera.com,+912119158912,CTO,Logistics,8000,Germany,Trade Show,2024-12-30,2026-07-08,valid
L01989,Joy Warner,Saxena Group,joy.warner@saxena.com,(400)674-8597,CFO,Media,25,Singapore,Referral,2025-02-18,2026-06-21,valid
L00581,Suzanne Hurst,Booth LLC,suzanne.hurst@booth.com,(828)591-7756x6205,Procurement Manager,E-commerce,250,UK,Referral,2025-04-07,2025-05-27,valid
L01376,Joan Scott,Andrews Group,joan.scott@andrews.com,+44(0)116 4960663,VP Operations,FinTech,500,India,Trade Show,2024-11-12,2026-06-15,bounced
L00433,Graham Fisher,Fox Corp,graham.fisher@fox.com,+44(0)1632 960 999,Engineering Manager,Manufacturing,25,Germany,Referral,2025-10-24,2026-07-27,valid
L00356,Dayamai Patil,Chhabra Technologies,dayamai.patil@chhabra.com,+44115 4960837,CFO,Healthcare,120,UK,LinkedIn Ads,2024-11-04,2026-08-21,valid
L01984,Todd Mathews,Loyal LLC,todd.mathews@loyal.com,+441184960520,CTO,Retail,10,USA,Webinar,2025-02-20,2026-07-21,valid
L00764,Hiral Chaudhuri,Kapur Corp,hiral.chaudhuri@kapur.com,(0909) 8790602,COO,Media,250,Singapore,Cold Outbound,2026-08-08,2026-08-08,valid
L01301,Dustin Hines,Armstrong Inc.,dustin.hines@armstrong.com,00766349339,Procurement Manager,Logistics,500,India,Website,2026-04-18,2026-06-17,valid
L01218,Veronica Smith,Sullivan Pvt Ltd,veronica.smith@sullivan.com,8677823129,Growth Lead,Retail,1200,India,Referral,2025-12-26,2026-07-07,valid
L00910,Ekta Rau,Santiago Group,ekta.rau@santiago.com,07226602562,CFO,Media,250,India,Webinar,2026-02-26,2026-08-15,valid
L00535,Sarah Edwards,Palmer Inc.,sarah.edwards@palmer.com,(0191) 4960538,Head of Sales,E-commerce,3000,USA,Cold Outbound,2025-05-04,2026-06-16,valid
L01456,Cindy Campbell,Hawkins Ltd,cindy.campbell@hawkins.com,00413090915,Engineering Manager,EdTech,10,USA,Referral,2026-08-01,2026-09-08,valid
L00229,Ranveer Manne,Chaudhary Solutions,ranveer.manne@chaudhary.com,04472649082,CFO,Retail,10,USA,Trade Show,2026-04-29,2026-04-29,valid
L00230,Gautam Tella,Setty Pvt Ltd,gautam.tella@setty.com,(498)926-6570,VP Operations,Media,50,UK,Cold Outbound,2024-12-19,2026-07-16,valid
L00808,Christopher Sharp,Holden Technologies,christopher.sharp@holden.com,+4420 74960706,IT Director,FinTech,250,Singapore,Trade Show,2025-10-30,2026-08-17,valid
L00524,Yuvraj Mital,Hughes Inc.,yuvraj.mital@hughes.com,348.272.9758x59883,CFO,Telecom,8000,USA,LinkedIn Ads,2026-03-25,2026-07-10,valid
L02136,B. Rice,Cooke Pvt Ltd,BRIAN.RICE@COOKE.COM,03643159489,Growth Lead,EdTech,500,Australia,Trade Show,2026-01-11,2025-11-07,valid
L00016,Gagan Sarna,Sachdeva Solutions,gagan.sarna@sachdeva.com,001-733-695-9629x23309,CFO,FinTech,50,UAE,LinkedIn Ads,2024-11-15,2026-08-08,valid
L00772,Simon Smart,Moss Corp,simon.smart@moss.com,+913944988305,Founder,E-commerce,3000,Singapore,Cold Outbound,2026-06-03,2026-06-03,valid
L01956,Mrs Hollie Cooper,Collins Solutions,mrs.cooper@collins.com,5301012789,Procurement Manager,Manufacturing,10,UAE,Website,2025-09-23,2026-09-03,valid
L00690,Aashi Talwar,Meyer Inc.,,922.790.3102,Procurement Manager,Real Estate,10,India,Referral,2025-03-23,2025-05-10,valid
L00715,Idika Rao,Parker Technologies,idika.rao@parker.com,+441154960779,VP Operations,Telecom,500,UK,Website,2026-06-04,2026-07-14,valid
L02125,Omisha Ramaswamy ,Brown Corp,,+916362198655,Engineering Manager,Manufacturing,1200,UAE,Trade Show,2025-01-31,2026-08-12,valid
L01550,Martyn Mann,Rastogi Inc.,martyn.mann@rastogi.com,3933324362,CFO,Retail,250,India,Cold Outbound,2026-01-01,2026-08-29,valid
L00122,Aimee Richards,Ahmed LLC,aimee.richards@ahmed.com,(0121)4960798,IT Director,Retail,10,UK,LinkedIn Ads,2025-02-16,2025-03-26,valid
L01033,Kieran Walker,Sagar LLC,kieran.walker@sagar.com,(0121) 4960160,CFO,Retail,120,UK,Cold Outbound,2025-11-10,2026-09-26,valid
L02000,Jonathan Ramesh,Choudhry Inc.,jonathan.ramesh@choudhry.com,+918488686562,Founder,FinTech,8000,Germany,LinkedIn Ads,2025-07-17,2026-05-31,valid
L01548,Corey Clark,Khosla Technologies,corey.clark@khosla.com,(235)310-2555,VP Operations,EdTech,250,UK,Cold Outbound,2025-06-21,2026-07-07,valid
L01657,Tyler Martinez,Oconnell Corp,tyler.martinez@oconnell.com,001-964-933-2262x277,COO,E-commerce,8000,India,Website,2025-01-08,2026-09-19,valid
L00299,Nidra Goyal,Korpal Technologies,,7016580464,CFO,EdTech,25,UK,Referral,2025-10-05,2026-08-01,valid
L00107,Courtney Peterson,Long Ltd,courtney.peterson@long.com,0808 157 0488,CTO,Healthcare,25,Singapore,Webinar,2024-10-16,2026-05-29,valid
L00605,Andrew King,Wood LLC,andrew.king@wood.com,+913786137157,Founder,E-commerce,8000,India,LinkedIn Ads,2025-05-24,2026-08-20,valid
L01664,Bradley Gray-Anderson,Lopez Technologies,bradley.gray-anderson@lopez.com,598-460-9955x049,Procurement Manager,Logistics,3000,UK,Cold Outbound,2024-10-12,2026-07-16,valid
L01976,Eesha Warrior,Misra Solutions,eesha.warrior@misra.com,(739)288-5217x895,Growth Lead,FinTech,8000,UAE,Website,2025-04-20,2026-08-03,valid
L01531,Alexander Warren,Jackson Corp,alexander.warren@jackson.com,(0306)9990273,VP Operations,Logistics,1200,UAE,Website,2025-09-21,2026-08-24,valid
L01156,Briana Mosley,Moore Pvt Ltd,briana.mosley@moore.com,5398358446,Growth Lead,Healthcare,3000,UAE,Website,2026-05-26,2026-09-24,valid
L00906,Shawn Johnston,Turner LLC,shawn.johnston@turner.com,001-811-632-5326x949,Procurement Manager,FinTech,3000,Australia,Cold Outbound,2025-08-19,2025-10-13,valid
L00500,Mr Christopher Long,Lalla Group,mr.long@lalla.com,+1-890-713-8069x84775,CTO,Telecom,50,UK,Website,2026-04-21,2026-06-02,valid
L01374,Andrew Mody,Read Technologies,andrew.mody@read.com,+44(0)8081570878,COO,Retail,10,UAE,Cold Outbound,2026-08-03,2026-08-03,valid
L00454,Damini Sandal,Foster Solutions,damini.sandal@foster.com,2548121478,COO,Media,8000,UK,Trade Show,2026-04-22,2026-09-21,valid
L00779,Duncan Scott-Patel,Nichols Pvt Ltd,duncan.scott-patel@nichols.com,+44(0)115 496 0691,Growth Lead,Real Estate,10,India,LinkedIn Ads,2025-12-15,2026-09-13,valid
L00636,Dwayne Carlson,Griffin Ltd,dwayne.carlson@griffin.com,0113 496 0128,COO,EdTech,50,UAE,LinkedIn Ads,2024-11-12,2026-09-24,valid
L01319,Antonio Wilcox,Lal Technologies,antonio.wilcox@lal.com,+44(0)292018527,COO,Real Estate,25,UAE,Cold Outbound,2025-10-07,2025-10-28,valid
L00967,Avni Shetty,Raj Ltd,avni.shetty@raj.com,08081570548,VP Operations,FinTech,10,UK,Website,2025-01-15,2026-07-26,valid
L01784,Kayla Lee,Freeman Inc.,kayla.lee@freeman.com,+44141 496 0992,Founder,EdTech,1200,Singapore,Trade Show,2026-01-24,2026-09-26,valid
L00934,Emily Robinson,Jimenez Technologies,emily.robinson@jimenez.com,537-365-7692x77894,Head of Sales,Retail,500,India,LinkedIn Ads,2026-01-31,2026-02-13,valid
L01703,Pamela Larsen,Jenkins Pvt Ltd,pamela.larsen@jenkins.com,+44(0)909 879 0315,COO,Telecom,8000,Australia,LinkedIn Ads,2024-11-09,2026-09-23,valid
L00201,Christopher Morales,Merchant Group,christopher.morales@merchant.com,2897558556,Engineering Manager,Retail,500,Germany,Cold Outbound,2026-06-03,2026-06-03,valid
L01495,Meera Sethi,Hall Technologies,meera.sethi@hall.com,966.665.6224x19768,COO,FinTech,8000,India,Trade Show,2025-07-13,2026-06-15,bounced
L02118,Joe Doyle ,Santiago Ltd,,970-739-6101,VP Operations,Retail,3000,Germany,Cold Outbound,2025-06-07,2026-07-28,valid
L01820,Toby Webb,Manning Corp,toby.webb@manning.com,+44(0)28 9018 0374,Growth Lead,E-commerce,1200,Singapore,Trade Show,2026-02-19,2026-09-02,valid
L00651,Qadim Prashad,Armstrong Inc.,qadim.prashad@armstrong.com,+912875857567,COO,EdTech,50,Australia,Referral,2025-03-13,2026-08-01,valid
L00705,Eiravati Gokhale,Brown Corp,eiravati.gokhale@brown.com,7366849951,CTO,Real Estate,10,Germany,Referral,2025-05-13,2026-06-09,valid
L01080,Upkaar Baral,Boase Inc.,upkaar.baral@boase.com,+911198756178,Growth Lead,E-commerce,10,USA,Website,2025-02-26,2026-07-23,valid
L01432,Bradley Wheeler,Morales Inc.,bradley.wheeler@morales.com,0191 4960442,Growth Lead,EdTech,1200,India,Cold Outbound,2026-02-03,2026-09-05,valid
L00102,Harry Jones-Adams,Li Technologies,harry.jones-adams@li.com,01414960289,CTO,E-commerce,8000,Germany,Webinar,2025-05-23,2025-07-12,valid
L00911,Akshay Saraf,Robinson Inc.,akshay.saraf@robinson.com,+441164960292,CFO,Media,10,USA,Webinar,2024-10-15,2026-09-22,valid
L01543,Courtney Pearson,Moore Pvt Ltd,courtney.pearson@moore.com,6026676527,Procurement Manager,Real Estate,25,Australia,Cold Outbound,2026-08-26,2026-08-26,valid
L00575,Vincent Wilkinson,Biswas Corp,vincent.wilkinson@biswas.com,(719)968-9313x5030,Procurement Manager,Media,8000,India,Trade Show,2026-04-14,2026-07-21,valid
L00437,Anne Castillo,Nori Solutions,anne.castillo@nori.com,001-754-531-7350,Growth Lead,Retail,120,UK,Website,2025-07-29,2026-06-27,valid
L00318,Wakeeta Sheth,Sarna Solutions,wakeeta.sheth@sarna.com,4029447146,Engineering Manager,FinTech,8000,Germany,Trade Show,2025-04-08,2025-05-09,valid
L01020,Tiffany Norton,Dalton Technologies,tiffany.norton@dalton.com,+44(0)306 999 0490,Head of Sales,E-commerce,500,Australia,LinkedIn Ads,2025-02-19,2026-09-14,valid
L00904,Charles Hardin,Dash LLC,charles.hardin@dash.com,(811)706-3301,Engineering Manager,Media,3000,UK,Website,2025-05-09,2026-07-13,valid
L00760,Gabriel Campbell,Pillai Group,gabriel.campbell@pillai.com,+441632 960 696,CTO,Healthcare,500,India,Webinar,2025-04-28,2026-09-12,valid
L00942,Brinda Divan,Rege Ltd,brinda.divan@rege.com,0306 999 0786,CTO,EdTech,500,UAE,Website,2025-06-09,2026-08-15,valid
L01619,Agastya Ben,Sampath Group,agastya.ben@sampath.com,07321750361,CFO,E-commerce,500,UK,Website,2025-07-14,2026-09-24,valid
L00531,Lydia Clarke,Lee Corp,lydia.clarke@lee.com,4053967275,Growth Lead,FinTech,500,UK,Trade Show,2026-02-06,2026-08-04,valid
L01194,Luke McDonald,Short LLC,luke.mcdonald@short.com,+44161 4960942,Procurement Manager,Real Estate,3000,Singapore,LinkedIn Ads,2025-11-09,2025-11-09,valid
L01151,Stephanie Castillo,Jones Ltd,stephanie.castillo@jones.com,05847262905,Engineering Manager,Healthcare,1200,India,Cold Outbound,2025-01-07,2025-02-15,valid
L00661,Ucchal Saha,Sims Corp,ucchal.saha@sims.com,+910471960940,COO,Healthcare,8000,Germany,Webinar,2025-11-26,2025-11-26,valid
L01752,Jocelyn Chambers,Dubey Ltd,jocelyn.chambers@dubey.com,8335391016,Engineering Manager,FinTech,120,USA,Webinar,2024-11-03,2024-11-29,valid
L00862,Mr Joe Stevens,Doshi Pvt Ltd,mr.stevens@doshi.com,08453986289,Head of Sales,Manufacturing,10,UK,LinkedIn Ads,2025-05-17,2026-07-22,valid
L00919,Vedhika Murthy,Harrison Technologies,vedhika.murthy@harrison.com,+44(0)909 8790833,CFO,Retail,3000,Germany,Cold Outbound,2025-07-08,2026-06-03,valid
L01215,Nidhi Raj,Smith Pvt Ltd,nidhi.raj@smith.com,+1-226-254-0165x9953,Head of Sales,FinTech,250,USA,Referral,2026-09-01,2026-09-01,valid
L02110,Wazir Batta ,Quinn Pvt Ltd,,+919346754182,Head of Sales,FinTech,3000,Singapore,Trade Show,2025-12-22,2026-01-02,valid
L00546,Luis Davis,Jordan Corp,luis.davis@jordan.com,(668)343-3567x0860,IT Director,Media,25,UK,Webinar,2026-02-13,2026-02-13,valid
L01326,Jeffery Hunter,Kirk Group,jeffery.hunter@kirk.com,461.508.7082x6971,Growth Lead,Telecom,500,Singapore,LinkedIn Ads,2024-10-22,2026-06-17,valid
L01008,Larry Green,Bowen Solutions,larry.green@bowen.com,+44306 999 0817,Procurement Manager,Real Estate,3000,USA,Trade Show,2025-11-03,2025-11-17,bounced
L01811,Waida Sheth,Turner Corp,waida.sheth@turner.com,(318)640-7033x982,VP Operations,EdTech,500,India,Referral,2026-07-16,2026-09-08,valid
L00308,Brett James-Wade,Atkinson Group,brett.james-wade@atkinson.com,2597274523,Head of Sales,Real Estate,120,Singapore,Cold Outbound,2026-01-03,2026-08-22,valid
L01938,Graeme Hartley,Anderson Inc.,graeme.hartley@anderson.com,(411)203-5659x4299,Procurement Manager,EdTech,250,USA,Website,2024-10-18,2024-12-15,valid
L00728,Darlene Collins,Tomlinson Pvt Ltd,darlene.collins@tomlinson.com,+910599604387,CFO,Real Estate,250,Germany,Website,2025-04-12,2026-07-22,valid
L01229,Haley Jackson,Thomas Solutions,haley.jackson@thomas.com,05446083851,Head of Sales,Media,120,India,Website,2025-11-02,2026-06-26,valid
L00332,Praneel Arya,Sridhar Group,praneel.arya@sridhar.com,(0161)4960167,VP Operations,E-commerce,50,UAE,Trade Show,2025-11-09,2026-07-01,valid
L00507,Naveen Narain,Ortiz Solutions,naveen.narain@ortiz.com,03471287153,CFO,Media,500,Australia,LinkedIn Ads,2026-02-09,2026-02-09,valid
L00192,Gina Booker,Bhatt Ltd,gina.booker@bhatt.com,(0114) 496 0052,Engineering Manager,FinTech,10,Australia,Website,2024-10-16,2026-08-28,valid
L01622,Gavin Taylor,Rajagopalan Pvt Ltd,gavin.taylor@rajagopalan.com,910-576-5191x70851,Growth Lead,EdTech,1200,Germany,Cold Outbound,2025-05-07,2026-07-06,valid
L01705,Adya Basu,Sanders Technologies,adya.basu@sanders.com,08831141470,Procurement Manager,Logistics,3000,India,Cold Outbound,2024-10-16,2026-07-13,valid
L00523,Frado Dash,Loyal LLC,frado.dash@loyal.com,(0121) 4960582,IT Director,Healthcare,10,India,LinkedIn Ads,2025-01-23,2026-08-19,valid
L00038,Falak Chadha,Moore Pvt Ltd,falak.chadha@moore.com,+441514960053,CTO,Media,8000,Germany,LinkedIn Ads,2025-01-23,2026-09-02,valid
L01972,Darika Sundaram,Leonard LLC,darika.sundaram@leonard.com,03389147852,Head of Sales,Telecom,50,Australia,LinkedIn Ads,2025-03-13,2026-06-11,valid
L00241,Angela O'Connor,Wilson Corp,angela.o'connor@wilson.com,7702727857,COO,Healthcare,250,Australia,LinkedIn Ads,2026-03-16,2026-09-16,valid
L00346,Dr Allan Kelly,Sanchez LLC,dr.kelly@sanchez.com,+1-948-446-8536x6498,Growth Lead,Retail,500,India,LinkedIn Ads,2025-07-16,2026-07-08,valid
L01115,Natalie Porter,Lad Pvt Ltd,natalie.porter@lad.com,+44116 4960210,VP Operations,EdTech,500,UK,Website,2025-10-20,2025-11-07,valid
L00490,Christina Hendricks,Wright Solutions,christina.hendricks@wright.com,9856766656,CFO,EdTech,10,Germany,Cold Outbound,2026-07-07,2026-07-07,valid
L00467,Daniel Reynolds,Sullivan LLC,daniel.reynolds@sullivan.com,0292018729,Growth Lead,Healthcare,50,Australia,Webinar,2025-01-24,2026-07-30,valid
L00185,Dylan Walsh,Anderson Pvt Ltd,dylan.walsh@anderson.com,+44151 4960497,Founder,E-commerce,8000,UK,LinkedIn Ads,2026-06-13,2026-07-23,valid
L01381,Mr Michael Williams,Wilkinson Inc.,mr.williams@wilkinson.com,249-680-8513x31380,Procurement Manager,Telecom,120,UAE,Trade Show,2025-12-07,2026-01-04,valid
L01789,Brian Whittaker,Kerr Solutions,brian.whittaker@kerr.com,3409296629,Procurement Manager,Manufacturing,250,USA,LinkedIn Ads,2026-01-26,2026-08-06,valid
L00128,Christopher King,Hawkins Ltd,christopher.king@hawkins.com,001-234-866-7665,Founder,Media,500,USA,LinkedIn Ads,2026-04-20,2026-07-11,valid
L00037,Richard Gardner,Keith Group,richard.gardner@keith.com,+44(0)1134960617,CFO,Retail,120,Australia,Webinar,2026-07-17,2026-08-08,valid
L01909,Aryan Pradhan,Wilson Inc.,aryan.pradhan@wilson.com,03713887402,Head of Sales,Logistics,500,Germany,Webinar,2024-12-06,2024-12-21,valid
L02062,Gopal Bawa ,JANI Corp,,8720506149,Procurement Manager,Media,8000,Singapore,Website,2026-05-20,2026-06-11,valid
L01773,Balvan Loyal,Hughes Inc.,balvan.loyal@hughes.com,1351135053,CTO,EdTech,25,UK,Website,2025-02-02,2026-08-14,valid
L02108,D. Scott,EVANS Technologies,DIANA.SCOTT@EVANS.COM,+1-591-764-9837,Growth Lead,Logistics,3000,UAE,Webinar,2026-05-18,2026-07-04,valid
L02069,A. Bhagat,varma,,03504763928,Growth Lead,Retail,250,Singapore,Referral,2024-10-27,2026-06-23,valid
L00217,Samuel Birch,Clark Corp,samuel.birch@clark.com,+44(0)151 496 0800,Procurement Manager,E-commerce,10,UK,Trade Show,2025-02-04,2026-08-08,valid
L00536,Michael Jenkins,Ellis Technologies,michael.jenkins@ellis.com,+1-783-321-5285x06762,Growth Lead,FinTech,8000,UK,Trade Show,2025-03-06,2026-07-29,valid
L02130,ANDREW KING,Wood Inc.,ANDREW.KING@WOOD.COM,+913786137157,Founder,E-commerce,8000,India,Referral,2025-05-24,2026-07-25,valid
L02104,BRYAN DAVIES-GRAHAM,naylor,BRYAN.DAVIES-GRAHAM@NAYLOR.COM,+1-610-706-4934x03910,COO,Media,25,India,Website,2026-04-14,2026-01-17,valid
L00637,Shane Cox,Allan Pvt Ltd,,0118 4960251,CTO,Retail,50,Australia,Referral,2025-01-17,2025-02-15,valid
L01696,Russell Martin,Contreras Inc.,russell.martin@contreras.com,(307)461-2396,Founder,Media,10,India,Webinar,2026-08-13,2026-08-13,valid
L01855,Lucy Field,Brown Corp,lucy.field@brown.com,08809376165,CFO,Manufacturing,3000,UK,Referral,2026-01-13,2026-06-12,valid
L01970,Hemal Prasad,Kibe Pvt Ltd,hemal.prasad@kibe.com,291.742.3302x92764,Procurement Manager,Telecom,25,Australia,Website,2025-09-17,2025-09-20,valid
L01668,Damien Hughes,Parkinson Technologies,,+44306 999 0882,CTO,Retail,500,India,LinkedIn Ads,2025-08-12,2026-07-08,valid
L01007,Nicola Flynn,Nelson LLC,nicola.flynn@nelson.com,(367)614-9498,Engineering Manager,E-commerce,1200,UAE,Website,2026-05-02,2026-08-11,valid
L01862,Stanley Farrell-Wells,Holland Solutions,stanley.farrell-wells@holland.com,+44(0)808 157 0757,Procurement Manager,E-commerce,250,UAE,Referral,2026-08-16,2026-08-16,valid
L02040,NIHAL SAMRA,Hunt Pvt Group,NIHAL.SAMRA@HUNT.COM,(0116) 496 0609,CTO,Retail,25,UK,Website,2026-07-22,2026-07-05,valid
L00090,Julie Davies,Bumb Corp,julie.davies@bumb.com,+441632 960335,Engineering Manager,Media,120,Australia,Webinar,2026-04-07,2026-09-03,valid
L00583,Ellen Arnold,Murray Ltd,ellen.arnold@murray.com,+441134960341,Engineering Manager,FinTech,500,India,Webinar,2026-01-08,2026-06-16,valid
L01225,Samuel Kibe,Stark Pvt Ltd,samuel.kibe@stark.com,(0121) 496 0272,CTO,Retail,10,Germany,Trade Show,2025-11-10,2025-12-19,valid
L01613,Alan Lloyd,Watson LLC,alan.lloyd@watson.com,4382975287,VP Operations,Manufacturing,1200,Singapore,Referral,2025-08-05,2025-09-22,valid
L01965,Holly Ward-Whittaker,Baker Group,,6535232660,IT Director,Retail,25,Germany,Trade Show,2024-12-19,2026-07-25,valid
L00193,Alexander Harvey,James Inc.,alexander.harvey@james.com,685-973-0652x40778,CTO,E-commerce,10,Singapore,Cold Outbound,2026-07-21,2026-08-08,valid
L01701,Dr Mohamed Rogers,Lewis LLC,dr.rogers@lewis.com,+913506757896,Procurement Manager,Real Estate,500,Singapore,LinkedIn Ads,2024-12-03,2026-08-21,valid
L01369,Eileen Gill,Lee Ltd,,06844823733,Procurement Manager,E-commerce,1200,Singapore,LinkedIn Ads,2026-03-20,2026-06-12,valid
L01269,Scott Malone,Acosta Group,scott.malone@acosta.com,0114 496 0151,Engineering Manager,EdTech,120,Singapore,Referral,2025-11-01,2026-06-19,valid
L00971,Lauren Thompson,Richardson LLC,lauren.thompson@richardson.com,(01632)960433,IT Director,Healthcare,10,Germany,Cold Outbound,2025-08-15,2026-08-12,valid
L01934,Dr Martin King,Ellis Technologies,dr.king@ellis.com,+44113 4960243,IT Director,FinTech,10,Australia,Website,2026-03-22,2026-06-10,valid
L00183,Kimberly Lopez,Riley Ltd,kimberly.lopez@riley.com,(0151) 496 0632,Head of Sales,Retail,8000,UK,Cold Outbound,2026-08-23,2026-09-21,bounced
L01195,Phillip Moore,Bates LLC,phillip.moore@bates.com,01164960769,Founder,Healthcare,10,India,Trade Show,2024-10-09,2024-10-24,valid
L01146,Zinal Vohra,Patla Corp,zinal.vohra@patla.com,01414960699,Engineering Manager,Telecom,500,UK,Webinar,2026-08-11,2026-08-11,valid
L00282,Nathan Watkins,Baker Ltd,nathan.watkins@baker.com,01847870050,Head of Sales,FinTech,8000,USA,Cold Outbound,2025-06-24,2026-08-08,valid
L00385,Lindsey Savage,Bath Solutions,lindsey.savage@bath.com,(780)806-1027x76974,Head of Sales,Telecom,8000,India,Trade Show,2026-09-01,2026-09-01,valid
L01018,Albert Lawrence,Sabharwal Inc.,albert.lawrence@sabharwal.com,567.699.3593x7440,Growth Lead,Healthcare,25,USA,Trade Show,2025-08-16,2026-08-29,valid
L01210,Yuvraj Roy,Comar Corp,yuvraj.roy@comar.com,+44(0)28 9018 0218,CFO,Retail,250,UK,Webinar,2025-09-14,2026-08-07,valid
L00591,Dr Callum Fleming,Kibe LLC,dr.fleming@kibe.com,02197054669,Head of Sales,Healthcare,10,Germany,Website,2026-03-06,2026-09-25,valid
L00430,Faras Yohannan,Baker Ltd,faras.yohannan@baker.com,+1-971-256-9562x01753,Engineering Manager,E-commerce,10,India,Cold Outbound,2025-06-10,2026-09-10,valid
L01037,Barry Allen,Taylor Corp,barry.allen@taylor.com,+44306 999 0378,CTO,EdTech,120,Germany,LinkedIn Ads,2026-05-03,2026-09-26,valid
L01881,Hemangini Parmar,Mack Corp,hemangini.parmar@mack.com,3706272816,Founder,FinTech,250,UK,Trade Show,2026-02-01,2026-09-16,valid
L00928,Anirudh Uppal,Ruiz Pvt Ltd,anirudh.uppal@ruiz.com,00681039033,Founder,Media,10,Australia,Cold Outbound,2026-08-02,2026-08-02,valid
L00336,Janet Stephenson,Wali Inc.,janet.stephenson@wali.com,(369)952-4991,Engineering Manager,Healthcare,8000,USA,LinkedIn Ads,2025-03-17,2026-09-03,valid
L00903,Tracie Costa,Palmer LLC,tracie.costa@palmer.com,+44909 8790519,CTO,Retail,120,USA,Cold Outbound,2026-08-25,2026-08-25,bounced
L01583,Bina Keer,Stokes Corp,bina.keer@stokes.com,06050337469,VP Operations,EdTech,500,USA,Cold Outbound,2026-04-18,2026-09-03,valid
L01283,Ekiya Grewal,Padmanabhan Group,,(599)864-2603,Engineering Manager,Manufacturing,1200,India,Trade Show,2025-05-17,2025-06-08,valid
L01678,Mrs Angela Thomas,Aggarwal Inc.,mrs.thomas@aggarwal.com,0131 4960089,Founder,Manufacturing,3000,Singapore,LinkedIn Ads,2026-01-15,2026-07-10,valid
L02139,Bradley Burns ,DAVIS Technologies,,+44(0)161 4960309,COO,EdTech,50,India,LinkedIn Ads,2026-07-16,2026-07-25,valid
L02005,Catherine Morrison ,NAGY Technologies,CATHERINE.MORRISON@NAGY.COM,03069990702,IT Director,E-commerce,1200,Australia,Website,2024-10-31,2026-03-19,valid
L01800,Dr Guy Rowe,Bahl LLC,dr.rowe@bahl.com,+912237185921,Head of Sales,Logistics,50,Australia,Referral,2025-03-09,2026-08-26,valid
L01061,Judith Whittaker,Curtis Pvt Ltd,judith.whittaker@curtis.com,345-482-2067x323,Engineering Manager,Healthcare,50,Germany,Trade Show,2025-07-26,2026-07-20,valid
L01039,Jennifer Lee,Marquez Pvt Ltd,jennifer.lee@marquez.com,2929132033,Growth Lead,FinTech,500,Australia,Cold Outbound,2025-06-14,2025-07-06,valid
L00081,Zachary Levy,Cox LLC,zachary.levy@cox.com,9944171545,CTO,Logistics,25,USA,Trade Show,2025-08-18,2025-09-29,valid
L00199,Cheryl Phillips,Combs Technologies,cheryl.phillips@combs.com,001-514-413-8113x8633,Head of Sales,Logistics,10,Australia,Cold Outbound,2026-08-13,2026-08-13,valid
L00594,Mr Martin Davis,Thomson Solutions,mr.davis@thomson.com,02961367157,CFO,E-commerce,25,UAE,Webinar,2024-12-26,2025-02-06,valid
L01355,Jeremiah Barad,Karpe Solutions,jeremiah.barad@karpe.com,4045496461,IT Director,Telecom,50,USA,Referral,2025-03-20,2026-06-05,valid
L01745,Henry Begum,Harrison Solutions,henry.begum@harrison.com,03468586390,CTO,Retail,10,UK,Webinar,2026-09-01,2026-09-01,valid
L01943,Megan Ryan,Sastry Ltd,megan.ryan@sastry.com,643.275.1866,VP Operations,Manufacturing,1200,USA,Referral,2025-03-13,2025-04-06,valid
L00755,Dr Lesley Smith,Brar Corp,dr.smith@brar.com,5764038166,Head of Sales,E-commerce,3000,Australia,Referral,2025-06-20,2025-06-27,bounced
L00943,Gabriel Kulkarni,Khan LLC,gabriel.kulkarni@khan.com,457-578-2058x29582,Head of Sales,Manufacturing,500,UK,Webinar,2025-07-09,2026-08-21,valid
L00121,Dr Paul Butcher,Karan Solutions,dr.butcher@karan.com,(0116) 496 0025,Engineering Manager,Retail,25,India,Website,2025-06-22,2026-07-17,valid
L02028,SIMON DORA,EDWARDS Ltd,SIMON.DORA@EDWARDS.COM,+44141 4960789,CFO,FinTech,1200,India,Cold Outbound,2025-01-09,2026-03-16,valid
L01519,Dr Connor Gordon,Evans Corp,dr.gordon@evans.com,405-901-4764,IT Director,Manufacturing,25,Germany,Website,2025-03-18,2025-03-24,valid
L01921,Oeshi Chauhan,Frazier Solutions,oeshi.chauhan@frazier.com,4963788119,Founder,Logistics,250,Australia,Cold Outbound,2026-05-09,2026-06-26,valid
L00023,Blake Wheeler,Tripathi Group,blake.wheeler@tripathi.com,+4429 2018 0700,IT Director,Media,8000,USA,Trade Show,2025-04-19,2025-05-24,valid
L01285,Gregory Martin,Clarke Group,gregory.martin@clarke.com,0306 999 0802,Founder,E-commerce,50,Australia,Trade Show,2025-12-15,2026-09-10,bounced
L01331,Krishna Goswami,Brown Ltd,krishna.goswami@brown.com,01314960350,Procurement Manager,Media,120,UK,Cold Outbound,2025-07-25,2026-09-20,valid
L01431,Ronald Jones,Contreras Inc.,ronald.jones@contreras.com,(0113) 4960835,IT Director,Media,50,Germany,Cold Outbound,2026-08-25,2026-08-25,valid
L01644,Wahab Rege,Taylor Technologies,wahab.rege@taylor.com,(424)586-0704x72660,Procurement Manager,Manufacturing,8000,UK,Trade Show,2025-07-06,2026-08-11,valid
L00693,Dr Mohammed Simpson,Sullivan Inc.,dr.simpson@sullivan.com,+44(0)1314960749,VP Operations,Retail,3000,Singapore,Cold Outbound,2026-08-24,2026-08-24,valid
L00314,Gregory Madden,Smith Corp,gregory.madden@smith.com,+44(0)114 4960376,Procurement Manager,Real Estate,8000,UK,Cold Outbound,2026-01-22,2026-01-22,valid
L00853,Ian Ryan-Green,Lambert Technologies,ian.ryan-green@lambert.com,+449098790642,CFO,Logistics,1200,USA,Cold Outbound,2024-10-18,2024-12-09,valid
L00059,Tammy Ponce,Karpe Solutions,tammy.ponce@karpe.com,+1-991-272-5135x5215,VP Operations,Telecom,120,USA,Website,2025-02-08,2026-09-09,valid
L01877,Denise Kelly,Pandya Inc.,denise.kelly@pandya.com,727-594-3379,Procurement Manager,Retail,50,UK,Referral,2025-11-03,2026-09-09,valid
L00348,Wridesh Dora,Matthews Ltd,wridesh.dora@matthews.com,+4429 2018466,Procurement Manager,Telecom,25,UK,LinkedIn Ads,2025-04-10,2025-05-30,valid
L01566,Orinder Sabharwal,Hill Ltd,orinder.sabharwal@hill.com,001-342-601-2234,Head of Sales,Manufacturing,8000,USA,Cold Outbound,2025-10-10,2026-08-01,valid
L00783,Ranbir Balakrishnan,Balakrishnan Solutions,ranbir.balakrishnan@balakrishnan.com,+44(0)117 496 0299,Engineering Manager,Manufacturing,25,UK,LinkedIn Ads,2024-11-10,2026-06-11,valid
L01243,Kimberly Grant,Raj Ltd,,+4428 9018 0917,VP Operations,Media,3000,UK,Webinar,2026-03-28,2026-07-03,valid
L01552,Miss Irene Foster,Bumb Ltd,miss.foster@bumb.com,9126376317,VP Operations,Telecom,25,India,Webinar,2026-07-25,2026-07-25,valid
L00513,Miss Kirsty Davies,Owen Technologies,miss.davies@owen.com,06184438612,CTO,Telecom,8000,USA,LinkedIn Ads,2026-06-06,2026-09-12,valid
L00447,Warhi Kanda,Kelly Inc.,warhi.kanda@kelly.com,+1-233-779-3375x6362,Head of Sales,Real Estate,8000,India,Referral,2025-10-22,2026-09-06,valid
L00885,Yvonne Weston,Shaw Technologies,yvonne.weston@shaw.com,+1-225-850-2130x609,Procurement Manager,Healthcare,10,Australia,Cold Outbound,2026-03-08,2026-03-08,valid
L01631,Bryan Wheeler,Williams Group,,+914722053970,Growth Lead,Real Estate,1200,USA,LinkedIn Ads,2025-09-26,2026-09-06,valid
L01273,Sherry Patterson,Chavez LLC,sherry.patterson@chavez.com,028 9018 0411,Procurement Manager,Healthcare,10,UK,Trade Show,2025-12-04,2026-08-08,valid
L01239,Jason Haas,Kar Corp,jason.haas@kar.com,1003076205,CTO,Logistics,500,Germany,Cold Outbound,2025-08-03,2026-09-04,valid
L02120,JOSH BURNS,saran,JOSH.BURNS@SARAN.COM,4169224999,VP Operations,Logistics,50,Germany,Website,2025-11-09,2025-10-19,valid
L02106,R. Hayes,PAGE PVT Pvt Ltd,ROBERT.HAYES@PAGE.COM,640.257.1446x9567,Engineering Manager,Media,8000,India,Trade Show,2026-05-05,2026-05-01,valid
L00828,Erin Oneal,Thompson Ltd,erin.oneal@thompson.com,001-526-308-6982x2105,COO,Media,3000,USA,Cold Outbound,2024-12-25,2025-01-02,valid
L01739,Nicholas King,Badal Corp,nicholas.king@badal.com,4523428644,IT Director,Manufacturing,3000,India,Referral,2026-06-02,2026-06-23,valid
L00194,Kimberly Morris,Palmer LLC,kimberly.morris@palmer.com,09821827448,Growth Lead,Logistics,250,Australia,Website,2025-07-04,2026-08-26,valid
L00836,Julie Ryan,Robertson Ltd,,+44131 496 0892,VP Operations,Healthcare,8000,USA,Referral,2025-10-17,2026-09-15,valid
L01617,Harish Vora,Bhasin Ltd,harish.vora@bhasin.com,5724043474,COO,FinTech,3000,India,Webinar,2026-02-19,2026-06-26,valid
L02056,DR STEWART LEACH,Tripathi Inc.,,06345443441,Growth Lead,FinTech,250,UAE,LinkedIn Ads,2025-10-12,2026-04-18,valid
L02018,J. Martin,Day Group,JUDY.MARTIN@DAY.COM,+1-723-224-4123x36132,COO,EdTech,50,UAE,Trade Show,2026-07-13,2026-09-11,valid
L00232,Paige Walton,Smith Corp,paige.walton@smith.com,001-425-392-2220x64474,IT Director,EdTech,25,UAE,Website,2026-02-04,2026-09-18,valid
L01439,Arin Ganesan,Moreno Solutions,arin.ganesan@moreno.com,579.705.5286x693,IT Director,Real Estate,8000,Singapore,LinkedIn Ads,2026-05-21,2026-07-01,valid
L00773,Raymond Carter,Evans Technologies,raymond.carter@evans.com,02480962440,VP Operations,Media,250,USA,Webinar,2025-03-18,2025-04-16,valid
L01236,Jennifer Lane,Carlson Group,jennifer.lane@carlson.com,802-932-0018,CTO,FinTech,250,Germany,Website,2025-05-19,2026-08-03,valid
L01251,Shannon Phillips-Clarke,Kim Group,shannon.phillips-clarke@kim.com,(0131) 4960457,CTO,Healthcare,3000,Germany,Cold Outbound,2024-12-12,2026-06-09,valid
L00659,Patrick Allen,Murthy Ltd,,+44(0)1632 960 837,Engineering Manager,Healthcare,250,India,LinkedIn Ads,2025-05-04,2026-09-09,valid
L01010,Shivansh Khosla,Adams Corp,shivansh.khosla@adams.com,+912010912172,Head of Sales,Manufacturing,50,UK,Webinar,2024-10-28,2026-08-27,valid
L01197,Warda Kothari,Kari Group,warda.kothari@kari.com,648.283.5651x7962,Procurement Manager,Media,120,USA,Webinar,2026-01-24,2026-06-06,valid
L00487,Abigail Taylor,Wilkinson Inc.,abigail.taylor@wilkinson.com,+915662776896,VP Operations,EdTech,3000,Germany,Website,2025-11-16,2025-11-16,valid
L01152,Kayla Rowe,Bryant Ltd,kayla.rowe@bryant.com,+44(0)1632 960 768,IT Director,E-commerce,120,UAE,Webinar,2025-05-30,2026-06-19,valid
L01924,Louis Rose,Hughes Group,louis.rose@hughes.com,0049037295,Founder,E-commerce,250,UAE,Trade Show,2026-06-24,2026-06-24,valid
L00450,Wriddhish Pingle,Padmanabhan Group,wriddhish.pingle@padmanabhan.com,2896112233,COO,Telecom,50,UK,Website,2026-07-25,2026-07-25,valid
L00624,Anvi Nadig,Oconnell Technologies,anvi.nadig@oconnell.com,01857906477,Engineering Manager,Healthcare,25,USA,Cold Outbound,2026-03-10,2026-03-10,valid
L01688,Jalsa Puri,Hussain Pvt Ltd,jalsa.puri@hussain.com,(028) 9018 0427,Procurement Manager,E-commerce,50,UK,Website,2025-11-28,2025-12-03,valid
L01398,Steven Medina,Kelly Pvt Ltd,steven.medina@kelly.com,+1-343-719-2797x6178,Founder,Real Estate,25,Germany,LinkedIn Ads,2026-07-27,2026-07-27,valid
L00642,Azaan Konda,Phillips Group,azaan.konda@phillips.com,+44(0)1632 960 653,CTO,Logistics,120,Singapore,Website,2025-02-09,2026-08-31,valid
L01847,Dhruv Nayak,Bir Technologies,dhruv.nayak@bir.com,+44(0)909 879 0929,CFO,E-commerce,10,Australia,Webinar,2024-11-01,2026-06-01,valid
L01333,Erica Smith,Meyer Inc.,erica.smith@meyer.com,+44114 496 0362,CFO,Real Estate,10,UAE,Website,2024-12-17,2026-09-10,valid
L00179,Stacey Parker,Osborn Ltd,stacey.parker@osborn.com,001-647-922-8200x5577,Engineering Manager,Telecom,8000,USA,Cold Outbound,2024-11-01,2026-08-31,valid
L00266,Balendra Modi,Lewis Inc.,balendra.modi@lewis.com,+443069990940,Procurement Manager,Retail,1200,Australia,Referral,2025-10-29,2026-06-28,valid
L01128,Mr Gary Newton,Robinson LLC,mr.newton@robinson.com,01174960708,Growth Lead,Real Estate,120,UAE,Referral,2025-11-05,2026-07-31,valid
L00383,Julia Hamilton,Krishnan Corp,julia.hamilton@krishnan.com,218.366.1794x54918,CFO,Healthcare,1200,USA,Referral,2025-09-13,2026-06-24,valid
L01139,Brandon Carter,Suresh Solutions,brandon.carter@suresh.com,853-913-2593x67813,Growth Lead,Retail,250,Australia,Cold Outbound,2025-02-17,2026-07-19,valid
L00174,Gregory Frazier,Ross Solutions,gregory.frazier@ross.com,01174960998,Procurement Manager,E-commerce,1200,Australia,Webinar,2026-05-24,2026-06-06,valid
L00206,Dr Angela Jones,Tyler Corp,dr.jones@tyler.com,+44(0)292018919,CTO,EdTech,10,USA,Referral,2025-12-09,2026-09-15,valid
L01223,Tony Scott,Duncan Inc.,tony.scott@duncan.com,+44(0)131 4960475,Engineering Manager,FinTech,1200,India,Webinar,2025-07-13,2026-06-02,valid
L00787,William Roberts,Tandon Ltd,william.roberts@tandon.com,+913710068761,COO,Retail,3000,Singapore,Trade Show,2025-02-16,2026-09-22,valid
L00737,Amy Hunt,Hines Ltd,amy.hunt@hines.com,07548138666,IT Director,Retail,25,Australia,Webinar,2025-05-12,2026-05-31,valid
L00022,Kevin Mittal,Carter Group,kevin.mittal@carter.com,315-341-5206x436,Founder,Healthcare,120,Australia,Webinar,2026-03-12,2026-07-23,valid
L00796,Vedant Jain,Maldonado Pvt Ltd,vedant.jain@maldonado.com,0615814888,CFO,Manufacturing,25,Singapore,Webinar,2026-07-03,2026-09-12,valid
L00889,Michael Weaver,Hayes Pvt Ltd,michael.weaver@hayes.com,(725)736-6677x7675,Founder,FinTech,120,Australia,Trade Show,2025-10-16,2026-07-07,valid
L01036,Beth Rojas,Ben Ltd,beth.rojas@ben.com,+44(0)161 4960360,Founder,Healthcare,8000,Singapore,Webinar,2025-09-08,2025-10-05,valid
L00238,Graeme Nixon,Curtis Pvt Ltd,graeme.nixon@curtis.com,+1-397-287-7293x430,Engineering Manager,EdTech,250,UK,Webinar,2025-07-14,2026-06-26,valid
L01578,Dr Terry Young,Alvarez Inc.,dr.young@alvarez.com,4216435990,IT Director,Manufacturing,8000,Germany,Webinar,2025-03-04,2026-08-19,valid
L00046,Vickie Anderson,Russell Ltd,vickie.anderson@russell.com,01994101372,IT Director,E-commerce,1200,Singapore,Cold Outbound,2026-04-16,2026-07-10,valid
L00890,Ms Jasmine Martin,Dubey LLC,,001-839-439-5786x543,Procurement Manager,E-commerce,8000,Singapore,LinkedIn Ads,2026-04-07,2026-09-20,valid
L00001,Rachel Jones,Pratt Inc.,rachel.jones@pratt.com,01614960968,Engineering Manager,Telecom,120,UAE,Webinar,2025-04-13,2026-09-24,valid
L00857,Marc Johnson,Tank LLC,marc.johnson@tank.com,4546553585,Growth Lead,Healthcare,250,Singapore,Trade Show,2024-12-25,2026-09-01,valid
L01366,Mitchell Sampson,Kumer Corp,mitchell.sampson@kumer.com,9284471901,CTO,Real Estate,3000,Germany,Cold Outbound,2026-06-19,2026-09-20,valid
L00959,Justin Henderson,Bennett Ltd,justin.henderson@bennett.com,245-476-8321,VP Operations,Real Estate,120,Germany,Webinar,2025-08-09,2026-07-13,valid
L01261,Molly Jones,Wilson Corp,molly.jones@wilson.com,00258963217,Founder,FinTech,10,India,Webinar,2025-06-22,2026-06-18,valid
L01942,Peter Vala,Murray Ltd,peter.vala@murray.com,0117 496 0463,IT Director,Healthcare,500,UAE,Trade Show,2025-12-29,2026-07-07,valid
L01513,Abhimanyu Gopal,Sunder Solutions,abhimanyu.gopal@sunder.com,0855780024,IT Director,FinTech,50,Australia,Webinar,2025-05-12,2025-05-29,valid
L00320,Aashi Gaba,Bond Solutions,aashi.gaba@bond.com,01144960257,IT Director,Real Estate,1200,Germany,Trade Show,2025-08-06,2026-07-11,valid
L01094,Keya Minhas,Hunter Ltd,keya.minhas@hunter.com,+44289018997,Growth Lead,Logistics,10,UAE,Website,2025-08-16,2026-06-29,valid
L01212,Thomas Lutz,Cooke LLC,thomas.lutz@cooke.com,(0909)8790489,COO,E-commerce,3000,UAE,Webinar,2025-09-16,2026-09-25,valid
L00162,Carole Murray,Chaudhry Technologies,carole.murray@chaudhry.com,0113 4960426,CFO,EdTech,1200,Germany,LinkedIn Ads,2024-10-14,2026-09-08,valid
L00478,Dorothy Martin,Bumb Ltd,dorothy.martin@bumb.com,(0141)4960613,IT Director,Real Estate,50,UK,Trade Show,2026-07-13,2026-09-21,valid
L01825,John Williams,Maharaj Technologies,john.williams@maharaj.com,+915835345819,Growth Lead,Media,250,UK,Trade Show,2025-12-29,2026-09-24,valid
L00969,Zayan Loyal,Willis Group,zayan.loyal@willis.com,09835539354,Procurement Manager,Media,3000,Australia,Referral,2024-12-28,2026-06-21,valid
L01941,Mr Carl Clarke,Dawson Corp,mr.clarke@dawson.com,(028)9018240,Head of Sales,FinTech,10,India,Cold Outbound,2026-07-27,2026-07-29,valid
L01900,Darpan Chaudhry,Andrews Group,darpan.chaudhry@andrews.com,+44121 4960220,Procurement Manager,Manufacturing,3000,USA,Cold Outbound,2025-03-13,2025-04-11,valid
L01562,Arthur Lucas,Hayward Technologies,arthur.lucas@hayward.com,+44191 496 0256,Head of Sales,Healthcare,120,Singapore,Referral,2026-03-27,2026-08-16,valid
L01414,Richard Martinez,Martin Corp,richard.martinez@martin.com,09967256222,VP Operations,Telecom,3000,Singapore,Referral,2025-06-28,2026-07-07,valid
L00604,Diana Houghton-Bennett,Biswas LLC,diana.houghton-bennett@biswas.com,311-909-6179,VP Operations,Logistics,8000,Australia,Referral,2025-10-31,2026-07-08,valid
L02006,Harinakshi Korpal ,BatesPvt Group,HARINAKSHI.KORPAL@BATES.COM,702.541.0261,CFO,Healthcare,1200,Australia,LinkedIn Ads,2025-10-09,2025-10-30,valid
L01312,Mohini Dhar,Ahmed Group,mohini.dhar@ahmed.com,09664721307,CFO,Logistics,25,UK,Referral,2025-06-23,2026-07-15,valid
L00823,Garry Blake,Williams Ltd,garry.blake@williams.com,779-955-6331,IT Director,Healthcare,1200,India,Website,2025-05-10,2025-05-20,valid
L01248,Rachel Ward,Srinivas Technologies,rachel.ward@srinivas.com,+441214960177,VP Operations,Manufacturing,10,Australia,Webinar,2026-06-10,2026-07-08,valid
L00741,Panini Kala,Davidson Group,panini.kala@davidson.com,+44(0)1914960365,Growth Lead,Logistics,3000,Germany,Cold Outbound,2026-04-26,2026-07-01,valid
L01878,Misty Garcia,Holden Solutions,misty.garcia@holden.com,959.604.2652,VP Operations,Media,250,UAE,Referral,2026-06-22,2026-08-11,valid
L01985,Fitan Chauhan,White Ltd,fitan.chauhan@white.com,(816)469-1008x22421,Head of Sales,Healthcare,500,Germany,Cold Outbound,2025-08-19,2026-09-11,valid
L00137,Aayush Munshi,Balay LLC,aayush.munshi@balay.com,764.652.5777,COO,Telecom,8000,USA,Referral,2026-01-23,2026-08-07,bounced
L01733,Tanmayi Chatterjee,Kerr Solutions,tanmayi.chatterjee@kerr.com,+1-268-456-4257x068,VP Operations,Healthcare,250,Germany,Website,2026-02-28,2026-07-01,valid
L01929,Leslie Russell,Rodriguez Technologies,leslie.russell@rodriguez.com,+44(0)1134960964,CFO,E-commerce,10,Singapore,Webinar,2026-05-14,2026-08-07,valid
L01863,Maria Schroeder,Turner Corp,maria.schroeder@turner.com,01174960011,CTO,Logistics,25,Australia,Referral,2026-03-25,2026-08-31,valid
L00512,Shane Yates,Dubey LLC,shane.yates@dubey.com,446.205.2330x2764,Engineering Manager,E-commerce,3000,Australia,Cold Outbound,2024-12-18,2026-06-30,valid
L00920,Darren Harris,Griffith Pvt Ltd,darren.harris@griffith.com,001-638-284-3660x4432,Founder,E-commerce,250,UAE,Trade Show,2025-02-01,2025-03-17,bounced
L01420,Dr Sheila Richards,Sanchez Pvt Ltd,dr.richards@sanchez.com,+910508054914,Founder,E-commerce,25,Singapore,Website,2026-07-31,2026-08-07,valid
L00135,Hayley Gibson,Dube Group,hayley.gibson@dube.com,(020) 74960755,CFO,FinTech,1200,Australia,Referral,2024-10-26,2026-07-06,valid
L01693,Deborah Johnson-Williams,Buckley LLC,deborah.johnson-williams@buckley.com,05398188907,IT Director,Healthcare,1200,UK,Website,2026-06-04,2026-08-12,valid
L02063,H. Jones-Adams,Li LLC,HARRY.JONES-ADAMS@LI.COM,8774558212,CTO,E-commerce,8000,Germany,LinkedIn Ads,2025-05-23,2025-07-01,valid
L00662,Hugh Bibi,Li Technologies,hugh.bibi@li.com,(827)374-0258x835,Head of Sales,Logistics,1200,USA,Cold Outbound,2025-10-16,2026-07-23,valid
L01755,Kimberly Vazquez,Farrell Corp,kimberly.vazquez@farrell.com,001-801-267-9301x4811,Founder,Manufacturing,3000,Germany,LinkedIn Ads,2025-12-31,2026-06-16,valid
L01756,Aryan Batta,Lee Ltd,aryan.batta@lee.com,2028866168,Engineering Manager,Healthcare,50,UAE,Webinar,2026-05-28,2026-05-28,valid
L01677,Benjamin Bhatt,Taylor LLC,benjamin.bhatt@taylor.com,+913630944238,IT Director,Manufacturing,50,UK,Cold Outbound,2025-02-15,2026-06-17,valid
L00463,Samarth Raman,Biswas Corp,samarth.raman@biswas.com,+1-363-471-5974,IT Director,Real Estate,1200,Australia,Referral,2025-05-15,2026-09-19,valid
L00363,Adweta Ganguly,Varkey LLC,,(896)994-2152x9108,CTO,Media,8000,Singapore,Website,2025-01-11,2026-08-20,valid
L00633,Simon Dora,Edwards Ltd,simon.dora@edwards.com,6850745106,CFO,FinTech,1200,India,Website,2025-01-09,2026-06-02,valid
L01125,Leanne Young,Evans Ltd,leanne.young@evans.com,9881145788,Founder,Logistics,10,Singapore,LinkedIn Ads,2026-03-31,2026-09-08,valid
L00224,Aaron Butler,Pillai Ltd,aaron.butler@pillai.com,+44(0)1174960933,IT Director,E-commerce,500,India,Website,2024-12-17,2026-09-10,valid
L00611,Allison Gross,Rastogi Inc.,allison.gross@rastogi.com,5233438364,Head of Sales,E-commerce,10,UK,Website,2026-01-01,2026-09-10,valid
L02081,DIANE HERRERA,Thomas Corp,DIANE.HERRERA@THOMAS.COM,+441164960209,COO,Logistics,120,Germany,Webinar,2026-03-03,2026-05-21,valid
L01038,Daniel Estrada,Hayes Pvt Ltd,daniel.estrada@hayes.com,645.926.9694x43916,CTO,Real Estate,250,India,LinkedIn Ads,2025-11-04,2026-06-04,valid
L00501,Divya Khatri,Keer Ltd,divya.khatri@keer.com,6690551076,CTO,Logistics,50,UAE,Website,2025-03-10,2026-09-11,valid
L00180,Melissa Thompson,Welch Pvt Ltd,melissa.thompson@welch.com,+441514960968,Founder,Media,1200,India,Webinar,2025-11-08,2026-06-18,valid
L02035,A. White,Anderson Technologies,ANTHONY.WHITE@ANDERSON.COM,+44(0)306 9990349,VP Operations,Real Estate,250,USA,Webinar,2026-04-17,2026-07-18,valid
L00406,Jalsa Sha,Knight Technologies,jalsa.sha@knight.com,(566)911-0627,Founder,Media,120,USA,Cold Outbound,2026-03-03,2026-07-01,valid
L00216,Vihaan Rai,Tandon Inc.,vihaan.rai@tandon.com,01632 960157,IT Director,Media,8000,Australia,LinkedIn Ads,2026-08-18,2026-08-18,valid
L00034,Adya Bose,Thomas LLC,adya.bose@thomas.com,08507925241,COO,Manufacturing,500,Singapore,Webinar,2026-07-07,2026-07-07,valid
L00655,Leigh Fry,Wood Group,leigh.fry@wood.com,498-503-8287,Head of Sales,Logistics,500,USA,Referral,2026-03-02,2026-06-28,valid
L01098,Amber Khan,Wilson Technologies,amber.khan@wilson.com,0306 9990040,Head of Sales,Telecom,50,Singapore,Webinar,2025-11-17,2025-11-17,valid
L01711,Abbie Walker,Williams Inc.,abbie.walker@williams.com,0116 4960731,Founder,Retail,500,India,Referral,2026-03-27,2026-03-27,valid
L00525,Charles Chase,Buch Group,charles.chase@buch.com,(898)339-5429,Procurement Manager,Logistics,500,Germany,Website,2025-09-03,2026-09-15,valid
L00563,Terri White,Horne Ltd,terri.white@horne.com,+914226931216,CFO,Media,120,USA,Cold Outbound,2025-03-11,2026-07-10,valid
L00576,Amy Bailey,Butler Corp,amy.bailey@butler.com,272-886-3330x2126,VP Operations,Real Estate,250,Singapore,Website,2026-06-08,2026-07-08,valid
L01450,Mr. Chad Vincent,Francis Solutions,mr.vincent@francis.com,844-271-8939x530,Engineering Manager,Healthcare,8000,UAE,Website,2025-07-06,2026-06-05,valid
L01783,Maanas Sawhney,Riggs Inc.,maanas.sawhney@riggs.com,+913681498025,Founder,Manufacturing,3000,Singapore,Webinar,2026-06-01,2026-08-05,valid
L01516,Maanav Rama,Jani Group,maanav.rama@jani.com,4706335084,CTO,Logistics,25,Australia,Webinar,2026-04-04,2026-06-15,valid
L00395,Mr Jay Bentley,Adams Inc.,mr.bentley@adams.com,01199180812,CFO,Real Estate,8000,UAE,Webinar,2025-03-25,2026-09-22,valid
L01625,Frank Harper,Trujillo LLC,frank.harper@trujillo.com,+919304541840,Head of Sales,Media,1200,UAE,Trade Show,2025-06-21,2026-09-08,valid
L01130,Lauren Adams-Taylor,Smith Inc.,lauren.adams-taylor@smith.com,09579001248,CTO,Retail,500,UAE,Trade Show,2025-05-01,2026-06-30,valid
L01725,James Burns,Payne Pvt Ltd,james.burns@payne.com,(931)999-5695x5922,Engineering Manager,E-commerce,500,Singapore,Cold Outbound,2026-03-22,2026-08-14,valid
L01978,Jalsa Venkataraman,Wood Corp,jalsa.venkataraman@wood.com,(375)292-3831x9348,CFO,Healthcare,10,Germany,Webinar,2026-02-10,2026-08-07,valid
L01343,Angel Martinez,Jones Pvt Ltd,angel.martinez@jones.com,(205)276-4497x470,Engineering Manager,EdTech,3000,UK,Cold Outbound,2026-06-03,2026-08-05,valid
L00435,Margaret Hahn,Clark Corp,margaret.hahn@clark.com,866-941-8775x80304,COO,Media,250,India,LinkedIn Ads,2025-11-17,2026-09-25,valid
L00202,Miss Katy Smith,Nelson LLC,,+44117 496 0684,Growth Lead,Healthcare,10,Germany,Cold Outbound,2025-01-20,2025-01-28,valid
L00673,Robert Rivera,Hammond Inc.,robert.rivera@hammond.com,+449098790037,IT Director,Media,50,UK,Webinar,2025-12-15,2025-12-18,valid
L00944,Mrs Anna Shaw,Hora Ltd,mrs.shaw@hora.com,+44191 4960081,Founder,Manufacturing,1200,Singapore,Referral,2025-03-03,2025-04-30,valid
L00694,Andrew Conrad,Manne Inc.,andrew.conrad@manne.com,+44113 496 0193,CFO,Healthcare,50,India,Referral,2026-06-11,2026-06-11,valid
L01790,Edward Moore,Connor Group,edward.moore@connor.com,(704)516-7821,CFO,Manufacturing,25,Germany,Cold Outbound,2025-05-14,2026-07-01,valid
L00759,Hemangini Chaudhry,Ratta Pvt Ltd,hemangini.chaudhry@ratta.com,6376731625,COO,FinTech,3000,UK,Cold Outbound,2026-05-11,2026-05-31,valid
L01321,Matthew Dougherty,Jordan Pvt Ltd,matthew.dougherty@jordan.com,(509)343-9136x81720,Head of Sales,Manufacturing,50,Singapore,LinkedIn Ads,2024-12-04,2025-01-13,valid
L01031,Jatin Goswami,Santiago Inc.,jatin.goswami@santiago.com,+44117 496 0913,IT Director,FinTech,1200,Germany,LinkedIn Ads,2025-08-27,2026-07-23,valid
L01295,Kathleen Jefferson,Alexander Ltd,kathleen.jefferson@alexander.com,001-813-653-0281x650,Growth Lead,Real Estate,25,Australia,Trade Show,2025-01-26,2026-06-25,valid
L00098,Christopher Williams,Ali Corp,christopher.williams@ali.com,05611002255,COO,Logistics,120,UK,Referral,2026-05-29,2026-06-26,bounced
L01077,Tony Joyce-Burke,Merchant Inc.,tony.joyce-burke@merchant.com,02790504043,Head of Sales,FinTech,25,Singapore,Cold Outbound,2026-04-13,2026-07-12,valid
L00719,Alisha Gray,Smith Solutions,alisha.gray@smith.com,0131 4960581,COO,EdTech,8000,Australia,Trade Show,2024-10-30,2026-06-23,valid
L00712,Logan Mckinney Jr.,Sabharwal Inc.,logan.jr@sabharwal.com,+44118 4960969,IT Director,Media,8000,Australia,Cold Outbound,2025-04-24,2025-06-06,valid
L00656,Martin Hodgson,Jones Pvt Ltd,martin.hodgson@jones.com,0793110291,Procurement Manager,Healthcare,10,Germany,LinkedIn Ads,2025-03-03,2026-07-20,valid
L01586,Oeshi Jayaraman,Gibson Inc.,oeshi.jayaraman@gibson.com,2898760550,CTO,FinTech,8000,India,Website,2025-02-13,2025-03-08,valid
L00462,Troy Rivera,Taylor Technologies,troy.rivera@taylor.com,0808 157 0999,VP Operations,FinTech,120,UAE,LinkedIn Ads,2025-12-18,2025-12-18,valid
L01511,Juan Hunt,Rush Group,,0161 496 0223,Growth Lead,Retail,25,UK,Referral,2025-05-27,2025-06-20,valid
L01206,Saanvi Madan,Williams LLC,saanvi.madan@williams.com,1359266486,CFO,Media,25,UK,Cold Outbound,2025-09-30,2026-06-19,valid
L00809,Norman Smith-Scott,Gandhi Corp,norman.smith-scott@gandhi.com,0141 496 0010,Engineering Manager,Telecom,3000,UAE,Referral,2025-07-20,2026-08-31,valid
L00263,Upkaar Grewal,Sanchez LLC,upkaar.grewal@sanchez.com,0973846895,Head of Sales,E-commerce,120,Australia,Webinar,2026-06-06,2026-08-08,valid
L00115,Madhav Bhatia,Booth Pvt Ltd,,+443069990438,CTO,Healthcare,8000,UAE,Referral,2025-03-02,2026-06-22,valid
L00585,Ishani Dayal,Valdez Technologies,ishani.dayal@valdez.com,(029) 2018156,IT Director,FinTech,250,Australia,Website,2026-03-19,2026-06-25,valid
L00175,Dominique Nguyen,Stewart Corp,dominique.nguyen@stewart.com,(0161) 4960716,Head of Sales,Telecom,50,Germany,Referral,2024-10-13,2024-11-15,valid
L01184,Unni Dash,Howard Group,unni.dash@howard.com,+910493881949,VP Operations,Logistics,8000,Australia,Webinar,2026-01-18,2026-01-18,valid
L01041,Charles Wong,Jennings Solutions,charles.wong@jennings.com,(556)568-4732x365,Procurement Manager,Healthcare,1200,Germany,Trade Show,2026-02-15,2026-07-03,valid
L00618,Katherine Johnson-Jenkins,Booth LLC,katherine.johnson-jenkins@booth.com,+919551720849,COO,Retail,120,USA,Trade Show,2026-02-07,2026-02-07,valid
L01827,Yug Upadhyay,Barad Solutions,yug.upadhyay@barad.com,626-862-1775x8015,Founder,Manufacturing,3000,USA,Website,2026-04-08,2026-06-10,valid
L00441,Gopal Roy,Bumb Technologies,gopal.roy@bumb.com,+1-990-776-7699x150,CTO,Healthcare,250,UK,Webinar,2026-07-18,2026-09-24,valid
L01986,Max Chacko,Thompson Group,,(0808) 157 0756,IT Director,Telecom,25,Australia,Referral,2024-12-25,2026-07-24,valid
L01387,Jessica Thomas,Bakshi Pvt Ltd,jessica.thomas@bakshi.com,620.541.0429,IT Director,Retail,120,Australia,Webinar,2026-03-08,2026-07-16,valid
L01246,Dr Julian Baker,Murthy Ltd,dr.baker@murthy.com,0191 4960982,CFO,Real Estate,120,USA,Referral,2025-06-03,2026-07-07,valid
L01768,Shane Alvarez,Brown Inc.,,+44(0)113 4960144,Founder,Logistics,8000,UAE,LinkedIn Ads,2026-02-23,2026-08-18,valid
L00550,Ms Gail White,Mendoza Inc.,ms.white@mendoza.com,01414960112,Growth Lead,Retail,50,UAE,Trade Show,2026-07-17,2026-07-17,valid
L00334,Bradley Miller,Mall Corp,bradley.miller@mall.com,+4420 74960465,CTO,FinTech,50,UK,Trade Show,2025-10-03,2026-05-30,valid
L00781,Eesha Thakkar,Lane Corp,eesha.thakkar@lane.com,(0191) 4960636,Growth Lead,EdTech,25,USA,Webinar,2025-09-02,2026-06-30,valid
L01085,Gillian Jenkins,Dar Solutions,gillian.jenkins@dar.com,0116 4960137,IT Director,EdTech,25,Australia,Website,2026-05-23,2026-07-25,valid
L00252,Rudra Walla,Cooke LLC,rudra.walla@cooke.com,001-679-721-7174x77332,VP Operations,Healthcare,25,Australia,Referral,2025-01-12,2026-05-29,valid
L00177,Joe Dixon,Tiwari Technologies,joe.dixon@tiwari.com,09876220234,Growth Lead,Logistics,1200,UK,Webinar,2026-05-27,2026-05-27,valid
L02097,DR TRACY LEE,Evans Technologies,DR.LEE@EVANS.COM,(0118)4960535,Founder,Manufacturing,500,USA,Referral,2026-09-02,2026-06-21,bounced
L00720,Jayne Kelly,Bansal Technologies,jayne.kelly@bansal.com,01174960286,Engineering Manager,Manufacturing,500,Germany,Webinar,2025-02-04,2026-09-19,valid
L00039,Xavier Shetty,Baker Technologies,xavier.shetty@baker.com,7383206038,Engineering Manager,Media,120,USA,Trade Show,2025-04-15,2025-06-14,valid
L00074,Chandran Soman,Sachdev Technologies,chandran.soman@sachdev.com,00544471324,CFO,Healthcare,8000,Germany,Trade Show,2026-01-26,2026-07-01,valid
L00104,Roy Ahmed,Jones Technologies,roy.ahmed@jones.com,377-997-1775,VP Operations,E-commerce,10,USA,Trade Show,2026-04-19,2026-08-28,bounced
L00087,Curtis Ortiz,Bryant LLC,curtis.ortiz@bryant.com,+44(0)151 496 0252,IT Director,Manufacturing,250,USA,Cold Outbound,2025-01-25,2026-07-12,valid
L01721,Azad Desai,Guha Inc.,azad.desai@guha.com,(934)899-8013,Engineering Manager,Real Estate,50,UK,Cold Outbound,2024-11-01,2026-06-26,valid
L00896,Kaitlyn Woods,White Corp,kaitlyn.woods@white.com,001-757-799-2707,IT Director,Manufacturing,10,Germany,Trade Show,2026-06-12,2026-07-22,valid
L00864,Ms Alison Smith,Williams Solutions,ms.smith@williams.com,+44306 999 0220,Founder,Manufacturing,50,UK,Referral,2025-06-30,2026-06-01,valid
L01104,Kayla Burke,Dalton Technologies,kayla.burke@dalton.com,+910168311395,Founder,Telecom,10,Australia,Referral,2026-03-24,2026-09-18,valid
L00946,Russell Brooks,Palmer Pvt Ltd,russell.brooks@palmer.com,6395613723,Engineering Manager,Manufacturing,120,Singapore,Website,2026-02-09,2026-02-09,valid
L00756,Ayush Gade,O'Connor Solutions,ayush.gade@o'connor.com,+44116 496 0498,Procurement Manager,Telecom,250,Singapore,Referral,2025-06-23,2026-06-06,valid
L02020,Shane Yates ,dubey,SHANE.YATES@DUBEY.COM,(0117) 496 0175,Engineering Manager,E-commerce,3000,Australia,Website,2024-12-18,2026-05-26,valid
L01012,Shannon Pope,Bir Technologies,shannon.pope@bir.com,(410)704-6277x657,Growth Lead,E-commerce,1200,Germany,Website,2026-06-22,2026-08-24,valid
L00965,Nakul Khurana,Henderson Ltd,nakul.khurana@henderson.com,0191 4960471,Procurement Manager,Retail,3000,UAE,Trade Show,2026-03-03,2026-09-02,valid
L00243,Miss Charlotte Morgan,Barton Group,miss.morgan@barton.com,+915682996291,COO,Media,250,USA,Referral,2025-08-24,2025-08-26,valid
L00566,Agastya Andra,Allen Pvt Ltd,agastya.andra@allen.com,+1-651-732-7972,IT Director,Healthcare,250,Australia,Website,2026-09-06,2026-09-06,valid
L00702,Justin Joseph,Frazier Solutions,justin.joseph@frazier.com,959-499-1015x76764,Growth Lead,Media,500,Australia,LinkedIn Ads,2025-06-23,2026-09-11,valid
L00237,Geraldine Kelly,Jaggi Group,geraldine.kelly@jaggi.com,798-617-9469,CTO,FinTech,25,UK,Webinar,2024-11-06,2025-01-01,valid
L01869,Ira Sanghvi,Nayar Inc.,ira.sanghvi@nayar.com,(0116) 4960673,Engineering Manager,Manufacturing,3000,Australia,Cold Outbound,2025-09-21,2025-10-04,valid
L00675,Gail Dodd,Soni LLC,gail.dodd@soni.com,03000389608,CTO,Healthcare,50,Singapore,Referral,2026-06-20,2026-06-20,valid
L00551,Josh O'Neill-Grant,Turner Corp,josh.o'neill-grant@turner.com,(0808)1570337,COO,Telecom,500,UK,Referral,2024-12-01,2026-06-29,valid
L01438,Hannah Whitehead,Montoya Solutions,hannah.whitehead@montoya.com,(0161)4960814,Founder,Retail,250,UK,Referral,2025-02-20,2026-06-22,valid
L02019,Declan Cunningham ,Jenkins Pvt Ltd,,(569)812-1535x3961,Procurement Manager,E-commerce,50,Singapore,Cold Outbound,2025-08-16,2025-08-26,bounced
L00290,Jamie Hall,James Corp,jamie.hall@james.com,029 2018 0340,Procurement Manager,Media,50,USA,Cold Outbound,2025-06-09,2026-07-18,valid
L01316,Oliver Dhar,Rowe Group,oliver.dhar@rowe.com,558-771-8452,CFO,Retail,3000,Singapore,Webinar,2025-08-24,2026-05-29,valid
L00337,Chaaya Tank,Osborn Solutions,,4858800616,Founder,Manufacturing,500,UK,Referral,2025-03-06,2026-08-13,valid
L01370,Quincy Chaudhry,Estes Inc.,quincy.chaudhry@estes.com,710-818-7803,Growth Lead,Logistics,50,India,Referral,2025-12-24,2026-07-17,valid
L00985,Mr Jack Robinson,Tran Inc.,mr.robinson@tran.com,+913121980418,IT Director,E-commerce,8000,UAE,Trade Show,2025-08-05,2026-08-17,valid
L00458,Dr Neil Cole,Griffin Ltd,dr.cole@griffin.com,001-884-504-4566x90782,Engineering Manager,Retail,120,Singapore,Cold Outbound,2025-10-13,2026-07-04,valid
L00457,Aradhana Kari,White Inc.,aradhana.kari@white.com,615-608-3535,CTO,FinTech,500,Australia,Trade Show,2024-11-22,2026-06-25,valid
L01111,Timothy Marshall,Kelly Solutions,timothy.marshall@kelly.com,(811)592-0613,Engineering Manager,Real Estate,8000,Australia,Referral,2026-04-15,2026-09-06,valid
L00666,Paul Alexander,Kar Corp,paul.alexander@kar.com,0251762983,Growth Lead,Healthcare,10,Germany,Cold Outbound,2025-09-28,2025-09-28,valid
L01780,Miss Mandy Leonard,Rivera Pvt Ltd,miss.leonard@rivera.com,02074960408,Procurement Manager,Real Estate,500,Australia,Webinar,2024-12-12,2026-06-22,valid
L01864,Kerry Parkinson,Clark Pvt Ltd,kerry.parkinson@clark.com,+1-486-407-4290x6952,VP Operations,Healthcare,50,Australia,Website,2025-02-28,2026-07-07,valid
L00391,Raksha Kata,Bennett Group,raksha.kata@bennett.com,+441174960959,Head of Sales,E-commerce,1200,UAE,Website,2025-02-20,2026-07-01,valid
L00366,Casey Morris,Das Corp,casey.morris@das.com,(0141)4960366,Head of Sales,Manufacturing,8000,Australia,Referral,2026-01-12,2026-01-29,valid
L02126,Allen Prince ,Garrett Solutions,ALLEN.PRINCE@GARRETT.COM,00762914304,COO,Media,25,India,LinkedIn Ads,2026-04-29,2026-09-09,valid
L00493,Pamela Smith,Smith Corp,,029 2018201,Engineering Manager,FinTech,10,USA,Trade Show,2026-06-08,2026-06-08,valid
L00973,Hayley Harvey,Smith Corp,hayley.harvey@smith.com,6013477894,Founder,FinTech,500,India,Cold Outbound,2025-05-08,2026-07-04,valid
L01346,Baljiwan Raju,Roberts Technologies,baljiwan.raju@roberts.com,6927711952,CTO,Healthcare,25,Singapore,Webinar,2026-05-18,2026-08-15,valid
L00200,Ricky Allan-Webb,Wright Group,ricky.allan-webb@wright.com,(020) 7496 0576,Growth Lead,Media,10,USA,Cold Outbound,2025-10-27,2025-11-29,valid
L01002,Elizabeth Roy,Moore Ltd,elizabeth.roy@moore.com,(783)833-7218,VP Operations,Logistics,25,UAE,Trade Show,2025-06-19,2026-09-10,valid
L01628,Mrs Janice Bird,Manning Corp,mrs.bird@manning.com,9333562303,Founder,Telecom,120,Australia,Cold Outbound,2025-03-13,2026-08-30,valid
L01821,Indira Tiwari,Hodges LLC,indira.tiwari@hodges.com,609.901.6856,Head of Sales,EdTech,3000,Australia,Website,2026-02-03,2026-02-07,valid
L00917,Mrs Jasmine Hughes,Mani Technologies,mrs.hughes@mani.com,+441632 960 417,COO,Media,3000,Singapore,Website,2025-10-05,2026-06-06,valid
L00392,Donald Clarke,Rodriguez Corp,donald.clarke@rodriguez.com,6657293417,Growth Lead,Healthcare,25,UK,Webinar,2026-04-11,2026-07-12,valid
L01935,Darika Sarna,Hicks Technologies,darika.sarna@hicks.com,01186156409,Head of Sales,Healthcare,500,USA,Cold Outbound,2024-10-26,2026-06-08,valid
L00909,Varsha Prabhakar,Jani Corp,varsha.prabhakar@jani.com,07583392056,Growth Lead,Manufacturing,1200,India,Trade Show,2024-12-23,2026-08-07,valid
L00434,Carl Brown,Saunders Group,carl.brown@saunders.com,3843089487,Head of Sales,FinTech,8000,Australia,Webinar,2025-07-11,2026-08-19,valid
L02050,James Jackson ,hayward,,+1-725-487-9643x474,Head of Sales,Real Estate,25,India,Referral,2026-08-07,2026-07-08,valid
L00028,Charvi Jha,Smith Inc.,charvi.jha@smith.com,+44(0)2074960836,IT Director,Real Estate,250,Australia,Website,2025-10-11,2026-08-29,valid
L01483,Dr Danielle McCarthy,Bhatnagar Corp,dr.mccarthy@bhatnagar.com,3093984336,Head of Sales,Retail,500,UAE,Webinar,2026-09-01,2026-09-01,valid
L00036,James Hernandez,Johnson Technologies,james.hernandez@johnson.com,+1-763-353-6541,VP Operations,EdTech,3000,USA,Webinar,2025-02-08,2025-02-23,valid
L00018,Anthony Kirk,Griffiths Inc.,anthony.kirk@griffiths.com,+914223253672,Head of Sales,E-commerce,3000,Singapore,LinkedIn Ads,2024-11-10,2026-09-12,valid
L00625,Joanna Cross,Bhandari LLC,joanna.cross@bhandari.com,4303021563,Founder,Logistics,120,Australia,Website,2025-01-08,2026-08-04,valid
L01035,Hredhaan Lalla,Munshi Group,hredhaan.lalla@munshi.com,001-283-915-2291,VP Operations,FinTech,500,UAE,Webinar,2025-05-23,2026-08-12,valid
L00340,Lynn Smith,Jordan Corp,lynn.smith@jordan.com,0141 496 0954,VP Operations,Retail,250,Singapore,Cold Outbound,2025-08-12,2026-05-29,valid
L01890,Kelly Mann,Nelson Corp,kelly.mann@nelson.com,(0121) 4960369,Procurement Manager,EdTech,120,Singapore,Website,2025-01-10,2026-07-14,bounced
L00246,Annette Hendrix,Green LLC,annette.hendrix@green.com,(029)2018230,Procurement Manager,Healthcare,1200,Australia,Cold Outbound,2025-01-28,2026-07-28,valid
L01413,Hemal Sami,Newton Corp,hemal.sami@newton.com,+44141 496 0524,COO,Retail,1200,Australia,Website,2025-08-09,2026-09-25,valid
L00844,Dr Jacqueline Dawson,Gross Pvt Ltd,dr.dawson@gross.com,4485645101,Engineering Manager,Media,10,India,LinkedIn Ads,2025-12-29,2026-08-03,bounced
L01882,Yug Sathe,Baker Technologies,yug.sathe@baker.com,01215756264,CFO,Real Estate,250,Singapore,Cold Outbound,2026-06-17,2026-07-18,valid
L01352,Vansha Kamdar,Willis Group,vansha.kamdar@willis.com,(029) 2018 0889,Engineering Manager,Healthcare,50,USA,LinkedIn Ads,2026-04-29,2026-09-06,valid
L01367,Brandi Williams,Wilson Inc.,brandi.williams@wilson.com,+917648717754,VP Operations,Manufacturing,8000,Germany,LinkedIn Ads,2025-10-07,2026-06-21,valid
L00813,Lucy Potter,Turner Corp,lucy.potter@turner.com,855.934.4902x166,Procurement Manager,Retail,8000,India,Cold Outbound,2025-12-16,2026-06-19,valid
L00957,Udant Oak,Hawkins Inc.,udant.oak@hawkins.com,(020)74960737,Head of Sales,E-commerce,250,Singapore,LinkedIn Ads,2025-09-01,2026-07-02,valid
L01796,Stacey Chapman-Flynn,Lloyd Group,stacey.chapman-flynn@lloyd.com,477-966-6505,Founder,Retail,250,USA,Trade Show,2025-11-25,2026-09-03,valid
L01849,Jessica Jones,Prabhakar Group,jessica.jones@prabhakar.com,(0121)4960747,Founder,E-commerce,1200,India,Website,2025-04-17,2026-06-02,valid
L01100,Sarah Thomas,Smith Pvt Ltd,sarah.thomas@smith.com,(0306) 999 0582,Procurement Manager,Healthcare,8000,Germany,Webinar,2026-01-17,2026-09-06,valid
L00782,Bhavini Sengupta,Buch Corp,bhavini.sengupta@buch.com,(864)808-5721,Founder,FinTech,120,Germany,Cold Outbound,2026-02-23,2026-02-23,valid
L00614,Lynn Bond,Rege Technologies,lynn.bond@rege.com,257-499-8028x41390,Founder,FinTech,50,UK,Website,2025-02-25,2025-04-19,valid
L00884,Aryan Sastry,Scott LLC,aryan.sastry@scott.com,298.348.2285,Procurement Manager,E-commerce,500,Australia,Trade Show,2026-02-16,2026-08-29,valid
L00643,Alison Wall,Davidson Group,,1487824556,CFO,Manufacturing,120,UK,Referral,2025-05-05,2026-06-22,valid
L01302,Abhiram Mittal,Bumb Corp,abhiram.mittal@bumb.com,+44(0)20 74960627,CFO,Media,120,USA,LinkedIn Ads,2025-07-02,2026-09-08,valid
L00527,Brandon Perry,Ramirez Solutions,brandon.perry@ramirez.com,(0116)4960625,Head of Sales,Healthcare,8000,India,LinkedIn Ads,2026-02-04,2026-07-10,valid
L01247,Chasmum Brar,Atkinson LLC,chasmum.brar@atkinson.com,09098790095,Founder,E-commerce,1200,Australia,Trade Show,2025-06-15,2026-08-29,valid
L01545,Sneha Acharya,Dalal Technologies,sneha.acharya@dalal.com,(0909) 879 0864,IT Director,EdTech,10,Germany,Referral,2026-04-02,2026-04-02,valid
L01979,Sandra Hunt,Hussain Pvt Ltd,sandra.hunt@hussain.com,963-542-9242x195,Founder,Healthcare,50,Australia,Webinar,2026-06-24,2026-06-24,valid
L00181,Vincent Gordon,Mani Inc.,vincent.gordon@mani.com,08317456424,Head of Sales,Logistics,500,USA,LinkedIn Ads,2024-11-22,2026-07-21,valid
L02092,MS JULIE WALKER,harrison pvt,MS.WALKER@HARRISON.COM,5641354741,Procurement Manager,Retail,3000,India,Webinar,2024-11-06,2024-11-08,valid
L01937,Ekaja Mukhopadhyay,Smith LLC,,+44(0)115 4960451,CFO,FinTech,50,UK,Referral,2025-08-22,2025-09-19,valid
L00716,Ayush Mannan,Cooke LLC,ayush.mannan@cooke.com,3608545667,IT Director,Healthcare,250,Singapore,Referral,2025-03-12,2026-08-31,valid
L00125,Nicola Richardson,Clarke Group,nicola.richardson@clarke.com,01648408588,VP Operations,Logistics,250,USA,Cold Outbound,2025-07-02,2026-06-18,valid
L01903,Carl Scott,Fletcher Inc.,carl.scott@fletcher.com,0115 4960070,Procurement Manager,Healthcare,250,Australia,Cold Outbound,2025-12-06,2026-07-22,valid
L00260,Amy Santana,Garrett LLC,amy.santana@garrett.com,8857140369,Head of Sales,Logistics,120,UK,Referral,2026-07-09,2026-07-30,valid
L00409,Mr. Walter Palmer,Miller Solutions,mr.palmer@miller.com,+44115 496 0377,COO,Telecom,250,Germany,Webinar,2025-05-01,2026-08-17,valid
L02061,U. Dave,Riley Pvt Ltd,,+44118 496 0825,VP Operations,FinTech,1200,Singapore,LinkedIn Ads,2026-02-25,2026-04-07,valid
L01423,Karen Shepherd,Burgess Technologies,karen.shepherd@burgess.com,8033183611,Growth Lead,Real Estate,25,UK,Cold Outbound,2024-11-22,2026-09-14,valid
L00697,Jasmine Roberts,Thakkar Technologies,jasmine.roberts@thakkar.com,0161 496 0887,Growth Lead,Media,8000,UK,Webinar,2025-09-07,2026-07-11,valid
L02135,D. Myers,Lutz LLC,,+44(0)1214960454,IT Director,Media,500,Germany,Website,2025-04-09,2026-04-10,bounced
L00315,Nihal Samra,Hunt Pvt Ltd,nihal.samra@hunt.com,+44(0)141 4960299,CTO,Retail,25,UK,Trade Show,2026-07-22,2026-07-25,valid
L01966,Albert Carter,Bera Ltd,albert.carter@bera.com,370-391-1034x956,Head of Sales,FinTech,50,USA,Website,2025-02-18,2026-07-21,valid
L00714,Eshana Kota,Narayanan Inc.,eshana.kota@narayanan.com,0151 496 0127,Procurement Manager,Telecom,1200,Australia,Webinar,2026-01-30,2026-09-20,valid
L01918,Elliot Lynch,Jimenez Pvt Ltd,elliot.lynch@jimenez.com,01614960499,CTO,FinTech,25,UAE,Trade Show,2025-09-06,2026-07-17,valid
L00041,Anna Hughes,Bansal Inc.,anna.hughes@bansal.com,(341)303-8657,IT Director,Retail,500,India,LinkedIn Ads,2026-04-22,2026-06-25,valid
L01428,Gagan Srinivas,Kerr Solutions,gagan.srinivas@kerr.com,6296914336,CTO,EdTech,250,Germany,Trade Show,2026-08-18,2026-08-18,valid
L00249,Miss Abigail Dale,King Corp,miss.dale@king.com,0808 1570493,CTO,Telecom,250,UK,Cold Outbound,2025-06-18,2026-06-13,valid
L00404,Champak Dash,Smith Ltd,champak.dash@smith.com,09075399893,Founder,EdTech,25,Germany,Cold Outbound,2025-03-07,2025-04-29,valid
L00953,Tarak Roy,Rees LLC,tarak.roy@rees.com,9296087182,COO,Retail,1200,Germany,Cold Outbound,2025-04-12,2026-08-10,valid
L00375,Michael Castillo,Gandhi Corp,michael.castillo@gandhi.com,+441184960905,Engineering Manager,Retail,10,UAE,Cold Outbound,2026-07-11,2026-07-11,valid
L00080,Dr Owen Graham,Frazier Solutions,dr.graham@frazier.com,05743748969,CTO,Retail,500,Germany,LinkedIn Ads,2025-11-17,2026-06-20,valid
L01549,Nathan Scott-Abbott,Holt LLC,nathan.scott-abbott@holt.com,+4429 2018 0036,Procurement Manager,Logistics,25,India,Website,2025-10-05,2026-06-11,valid
L00947,Tina Roberts,Moss Corp,tina.roberts@moss.com,+911436438130,Founder,Manufacturing,1200,USA,Trade Show,2025-05-16,2026-06-26,valid
L00748,Harita Shukla,Jaggi Group,harita.shukla@jaggi.com,+44(0)808 1570197,Procurement Manager,Manufacturing,1200,USA,LinkedIn Ads,2026-02-07,2026-06-13,valid
L01030,Atharv Mane,Robertson Ltd,atharv.mane@robertson.com,+911289915114,COO,E-commerce,8000,USA,Webinar,2024-10-06,2026-07-11,valid
L01290,Shane Sutton,Turner Corp,,+44(0)118 4960540,Procurement Manager,E-commerce,10,UK,Trade Show,2026-06-25,2026-06-25,valid
L01088,Paula Dickinson,Reid Solutions,paula.dickinson@reid.com,+44(0)114 4960062,CFO,Logistics,50,Australia,Cold Outbound,2025-05-02,2026-08-05,valid
L01055,Rachana Dube,Sarna Solutions,rachana.dube@sarna.com,(0114) 4960276,Procurement Manager,Manufacturing,1200,India,Website,2025-03-14,2026-08-27,valid
L00826,Sean Hyde,Gibbs Technologies,sean.hyde@gibbs.com,+916228225120,Head of Sales,Healthcare,8000,UK,Website,2026-01-29,2026-01-29,bounced
L01593,Ian Hall,Smith Technologies,ian.hall@smith.com,(0115) 4960678,CTO,Manufacturing,3000,USA,LinkedIn Ads,2026-07-01,2026-08-11,bounced
L00664,Howard Russell-Whittaker,Pillai Group,howard.russell-whittaker@pillai.com,001-559-395-9961x002,COO,Retail,3000,UK,Webinar,2026-06-09,2026-06-09,valid
L00858,Brandy Heath,Tiwari LLC,brandy.heath@tiwari.com,(0118) 496 0892,CFO,Telecom,50,India,Trade Show,2026-03-16,2026-07-04,valid
L01805,Nihal Sangha,Mitchell Technologies,nihal.sangha@mitchell.com,02673512724,Engineering Manager,Logistics,1200,Australia,Referral,2025-03-18,2026-07-06,valid
L01453,Warjas Narasimhan,Daniels Technologies,warjas.narasimhan@daniels.com,+44(0)1632960727,Growth Lead,Logistics,50,USA,LinkedIn Ads,2026-05-15,2026-08-11,valid
L01163,Joseph Glass,Thakkar Technologies,joseph.glass@thakkar.com,704.343.6199,Procurement Manager,Retail,25,Singapore,Trade Show,2026-02-21,2026-09-01,valid
L00393,Christopher Vasquez,Taylor Inc.,christopher.vasquez@taylor.com,04338005452,Growth Lead,Retail,8000,UK,Cold Outbound,2026-06-17,2026-06-26,valid
L00998,Jamie Guerrero,Pollard Solutions,jamie.guerrero@pollard.com,4223196463,CFO,E-commerce,1200,Australia,Cold Outbound,2025-07-27,2026-06-30,valid
L00250,Louis Morgan,Phillips Group,louis.morgan@phillips.com,+912070160166,Engineering Manager,Logistics,250,Singapore,LinkedIn Ads,2026-06-09,2026-08-07,valid
L00205,Lakshit Lanka,Bali Inc.,lakshit.lanka@bali.com,3344196931,Engineering Manager,Logistics,120,Germany,Referral,2025-05-17,2026-09-11,valid
L01954,Urishilla Yadav,Alvarez Inc.,urishilla.yadav@alvarez.com,+44116 496 0571,Growth Lead,EdTech,1200,USA,Referral,2025-12-23,2026-02-16,valid
L01158,Lindsey Charles,Hughes Inc.,lindsey.charles@hughes.com,(0151) 4960029,Head of Sales,Healthcare,500,UK,LinkedIn Ads,2024-10-31,2026-07-11,bounced
L00722,Brijesh Dugar,Smith Solutions,brijesh.dugar@smith.com,00330416624,Procurement Manager,E-commerce,250,UAE,Trade Show,2026-02-10,2026-08-23,valid
L00954,Gordon Roberts,Guha Inc.,gordon.roberts@guha.com,+44(0)289018049,CFO,Healthcare,1200,India,Website,2025-08-09,2026-07-06,valid
L00540,Matthew Perez,Roberts Group,matthew.perez@roberts.com,04562841772,IT Director,Media,250,USA,Trade Show,2025-07-10,2025-09-04,bounced
L00372,Isaiah Divan,Wall LLC,isaiah.divan@wall.com,(213)442-2849x939,VP Operations,Manufacturing,1200,Australia,Referral,2026-03-29,2026-06-27,valid
L01099,Jacob Dhar,Brar Solutions,jacob.dhar@brar.com,020 7946 0965,COO,Real Estate,250,Singapore,Trade Show,2025-07-28,2026-07-01,valid
L00963,Tanish Chaudhary,Copeland Group,tanish.chaudhary@copeland.com,(488)512-2821x7819,Growth Lead,E-commerce,50,UK,Webinar,2025-03-18,2026-08-21,valid
L00586,Adam Kerr,Hudson Corp,adam.kerr@hudson.com,9963790422,Procurement Manager,Media,8000,USA,LinkedIn Ads,2026-03-19,2026-07-28,valid
L01738,Mohammad Reed-Baker,Das Corp,mohammad.reed-baker@das.com,001-834-384-3391x33252,VP Operations,Healthcare,120,UAE,Cold Outbound,2026-06-10,2026-07-19,valid
L00032,Victor Davies,Stewart Solutions,victor.davies@stewart.com,463-303-1617x9904,CFO,Retail,10,Germany,Cold Outbound,2025-12-09,2026-06-20,valid
L00239,Sarthak Sachdeva,Dubey LLC,sarthak.sachdeva@dubey.com,+915583034414,COO,E-commerce,10,UK,Website,2026-07-18,2026-07-18,valid
L00916,Garima Hayer,Palan Corp,garima.hayer@palan.com,893-499-3379x70581,COO,Healthcare,1200,Singapore,Webinar,2025-11-28,2026-09-08,valid
L01514,Dr Lewis Roberts,Reed LLC,dr.roberts@reed.com,862.721.6906,CTO,Media,10,India,Trade Show,2025-02-05,2025-03-10,valid
L01719,Samuel Bailey,Morris LLC,samuel.bailey@morris.com,+44113 4960996,Growth Lead,Real Estate,3000,Australia,Webinar,2026-07-23,2026-07-23,valid
L00870,Carol Stephenson,Kibe LLC,carol.stephenson@kibe.com,(0116) 496 0957,Growth Lead,Retail,25,Singapore,LinkedIn Ads,2026-07-11,2026-08-20,valid
L00597,Sean Cisneros,Wilson Ltd,sean.cisneros@wilson.com,0151 496 0442,Procurement Manager,E-commerce,3000,India,LinkedIn Ads,2026-07-07,2026-07-07,valid
L02034,NATHANIEL GALA,Stokes Pvt LLC,,4156972242,Growth Lead,Retail,250,UK,Webinar,2025-11-05,2025-10-23,valid
L01829,Brandon Morton,Bassi Solutions,brandon.morton@bassi.com,+915025285461,VP Operations,Logistics,10,Germany,LinkedIn Ads,2026-03-24,2026-05-31,valid
L01170,Ben Robinson,Perez Group,ben.robinson@perez.com,+1-546-720-9355x610,Founder,Real Estate,25,Germany,Referral,2025-05-18,2026-08-16,valid
L01084,Hemal Bala,Brar Corp,hemal.bala@brar.com,+44(0)1154960632,Growth Lead,E-commerce,250,Singapore,Referral,2025-09-29,2026-07-02,valid
L00101,Mr Cameron Wall,Moore Ltd,mr.wall@moore.com,(370)814-5089x93588,IT Director,EdTech,3000,UAE,Cold Outbound,2025-02-20,2026-07-01,valid
L00786,Georgia Daniels,Chaudry Solutions,georgia.daniels@chaudry.com,4399773973,Growth Lead,Retail,3000,UAE,Trade Show,2026-05-24,2026-06-27,valid
L01445,Aimee Shepherd,Kelly Solutions,aimee.shepherd@kelly.com,01547315663,Founder,E-commerce,3000,UK,Cold Outbound,2025-08-04,2026-06-08,valid
L01180,Yvonne Price,Collins Solutions,yvonne.price@collins.com,6739510458,Head of Sales,EdTech,10,India,Website,2025-03-05,2026-05-30,valid
L01505,Nicholas Brennan,Silva LLC,nicholas.brennan@silva.com,+910320319789,Founder,Manufacturing,120,UK,Webinar,2025-10-06,2026-05-31,valid
L01202,Mr Timothy Edwards,Dass Corp,mr.edwards@dass.com,637.760.5230,COO,Healthcare,10,Australia,Website,2025-01-17,2025-03-13,valid
L02055,M. Anderson,Osborn Corp,,04053567078,VP Operations,Healthcare,8000,UAE,Website,2026-04-30,2026-03-19,valid
L01751,Kieran Brown,Thomson Solutions,,4811266497,Engineering Manager,Logistics,8000,UK,LinkedIn Ads,2025-01-30,2025-02-11,valid
L00342,Erik Miller,Carr LLC,erik.miller@carr.com,(0114) 4960415,IT Director,Real Estate,25,India,Webinar,2025-11-07,2026-09-02,valid
L00269,Michael Washington,Vaidya LLC,michael.washington@vaidya.com,(0909) 8790051,IT Director,EdTech,250,UAE,Cold Outbound,2025-05-01,2025-05-18,valid
L00483,Ms Rosie Hooper,Jones Solutions,ms.hooper@jones.com,(474)632-6303x975,Growth Lead,Logistics,25,India,Cold Outbound,2025-12-28,2026-08-23,valid
L02094,Nidhi Kala ,KULKARNI Pvt Ltd,,06183359748,IT Director,EdTech,8000,USA,Website,2025-07-17,2026-07-15,valid
L01648,Erica Mcmillan,Badami Ltd,erica.mcmillan@badami.com,0571918986,Growth Lead,Logistics,500,Australia,Trade Show,2026-08-01,2026-08-23,valid
L01602,Paul Cochran,Hayes Technologies,paul.cochran@hayes.com,0116 496 0425,IT Director,Healthcare,120,Germany,Webinar,2026-02-28,2026-06-27,valid
L00367,Scott Ford,Davison LLC,scott.ford@davison.com,(0114) 496 0053,Head of Sales,FinTech,500,India,Cold Outbound,2025-05-14,2026-06-06,valid
L01753,Richard Duncan,Anderson Pvt Ltd,richard.duncan@anderson.com,(539)994-9013x3344,Head of Sales,Logistics,10,Singapore,Website,2026-04-23,2026-08-07,valid
L01982,Adam Lawrence-Richards,Oconnor Pvt Ltd,adam.lawrence-richards@oconnor.com,+441414960598,Procurement Manager,EdTech,10,India,Webinar,2026-02-03,2026-06-12,valid
L00083,Vamakshi Parmer,Barad Inc.,vamakshi.parmer@barad.com,(0121) 4960282,Founder,Manufacturing,3000,UK,Webinar,2025-06-29,2026-06-13,valid
L00009,Sara Birch,Tripathi Corp,sara.birch@tripathi.com,+917147859696,Head of Sales,Logistics,250,India,Referral,2024-11-13,2024-12-05,valid
L01741,Frank Johnson,Burgess Technologies,,498-852-9735x615,Head of Sales,Real Estate,3000,India,Trade Show,2025-01-07,2026-06-19,valid
L02036,Rachana Dube ,Sarna Ltd,RACHANA.DUBE@SARNA.COM,666.280.9846x0180,Procurement Manager,Manufacturing,1200,India,Referral,2025-03-14,2026-06-23,valid
L00011,Michael Dixon,Desai Pvt Ltd,michael.dixon@desai.com,2966278282,Procurement Manager,Healthcare,1200,India,LinkedIn Ads,2025-08-26,2026-07-22,valid
L00966,Omisha Bhatti,Bates LLC,omisha.bhatti@bates.com,+44(0)114 496 0205,Growth Lead,Healthcare,250,India,Referral,2024-11-24,2024-12-12,valid
L01042,Anusha Sarkar,Williams Inc.,anusha.sarkar@williams.com,306-672-0078x436,Growth Lead,Real Estate,1200,USA,Website,2024-10-08,2026-08-16,valid
L00248,Ekani Iyer,Nair Pvt Ltd,ekani.iyer@nair.com,348-557-1422x4109,Founder,E-commerce,10,Germany,Website,2026-03-19,2026-06-15,valid
L01641,Laksh Bassi,Brown Corp,laksh.bassi@brown.com,08944538118,COO,Telecom,500,UK,Website,2026-03-04,2026-09-24,valid
L00150,Yahvi Dalal,Nair Pvt Ltd,,929.880.6865x0863,CTO,Logistics,3000,Singapore,Website,2025-02-15,2025-03-05,valid
L00353,Wazir Das,Ramakrishnan Inc.,wazir.das@ramakrishnan.com,09636321234,Procurement Manager,Manufacturing,25,USA,Cold Outbound,2026-03-26,2026-03-26,valid
L01852,Jane Stevenson,Berry Group,jane.stevenson@berry.com,07187762883,Founder,Retail,10,Germany,Cold Outbound,2025-01-10,2026-07-10,valid
L00683,Matthew Patel,Jaggi Group,matthew.patel@jaggi.com,+44121 496 0085,Engineering Manager,Telecom,10,Germany,Website,2026-07-25,2026-07-25,valid
L01191,Iain Patterson,Ellis Technologies,iain.patterson@ellis.com,217-308-8948,Engineering Manager,Media,500,UK,Website,2026-02-27,2026-07-28,valid
L00387,John Wells,Moss Corp,john.wells@moss.com,522-577-7079,Engineering Manager,Retail,500,Singapore,Referral,2024-11-08,2026-08-24,valid
L01735,Miss Josephine Marshall,Sparks Ltd,miss.marshall@sparks.com,0522411420,COO,Telecom,10,UAE,LinkedIn Ads,2025-10-30,2026-07-13,valid
L00848,Allison Bautista,Wood Inc.,allison.bautista@wood.com,960-674-5553x4705,CFO,Real Estate,500,UAE,Referral,2025-11-24,2026-08-31,valid
L00708,Imaran Dar,Cook Ltd,imaran.dar@cook.com,07412415131,IT Director,FinTech,120,USA,Webinar,2025-09-18,2026-08-05,valid
L00491,Alan Hanson,James LLC,alan.hanson@james.com,969-723-6458,IT Director,Healthcare,10,UK,Cold Outbound,2026-06-30,2026-08-23,valid
L01457,Mallory Barnes,Gill Solutions,mallory.barnes@gill.com,(682)362-5420,CTO,Telecom,250,Germany,Cold Outbound,2025-08-31,2026-08-18,valid
L01356,Lauren Dale,Ward Technologies,lauren.dale@ward.com,+44909 8790512,IT Director,Real Estate,250,Germany,LinkedIn Ads,2026-02-09,2026-06-27,valid
L00452,Elizabeth Hernandez,Moore Ltd,elizabeth.hernandez@moore.com,3424897317,VP Operations,E-commerce,3000,USA,Referral,2026-04-02,2026-06-17,bounced
L02044,MARTIN HODGSON,Jones Pvt Inc.,,0793110291,Procurement Manager,Healthcare,10,Germany,Trade Show,2025-03-03,2026-04-29,valid
L01479,Aarav Joshi,Kibe Pvt Ltd,aarav.joshi@kibe.com,8009088634,IT Director,E-commerce,120,Australia,LinkedIn Ads,2026-02-03,2026-09-07,valid
L01596,Vanessa Gutierrez,Madan Solutions,vanessa.gutierrez@madan.com,+917030880817,COO,Manufacturing,250,UAE,LinkedIn Ads,2026-02-13,2026-09-09,valid
L02011,G. Sarna,Sachdeva Pvt Ltd,GAGAN.SARNA@SACHDEVA.COM,+441632 960 467,CFO,FinTech,50,UAE,Website,2024-11-15,2026-05-19,valid
L01154,Orinder Dubey,Bartlett Pvt Ltd,orinder.dubey@bartlett.com,020 74960936,VP Operations,Media,25,India,Webinar,2024-12-03,2025-01-09,valid
L01560,Nancy Costa,Sood LLC,nancy.costa@sood.com,7706769333,VP Operations,Healthcare,1200,UK,Trade Show,2026-01-16,2026-08-18,valid
L01292,Daniel Phillips,Prashad Ltd,daniel.phillips@prashad.com,+1-332-320-4144x7432,CFO,FinTech,25,Singapore,Webinar,2025-08-25,2025-10-23,valid
L01400,Heather Gallegos,Jones Solutions,heather.gallegos@jones.com,873-249-8992x55394,CTO,E-commerce,500,Australia,Website,2026-02-15,2026-07-16,valid
L00006,Vasudha Pall,Bahl Pvt Ltd,vasudha.pall@bahl.com,+917751401051,CTO,Media,3000,UAE,Webinar,2025-02-24,2026-07-06,valid
L01271,Leslie Higgins,Wright LLC,leslie.higgins@wright.com,+917173279805,Founder,EdTech,8000,USA,Website,2026-04-19,2026-07-22,valid
L01455,Mr Howard Hughes,Taylor Technologies,mr.hughes@taylor.com,0161 496 0758,IT Director,Media,250,Singapore,Referral,2025-09-21,2026-08-01,valid
L01186,Udarsh Bhattacharyya,Rees LLC,udarsh.bhattacharyya@rees.com,397.416.6984x166,Growth Lead,Manufacturing,3000,India,Referral,2024-10-20,2026-06-14,valid
L00641,Joyce Jones-Hargreaves,Adams Group,joyce.jones-hargreaves@adams.com,(545)489-7148x026,IT Director,Logistics,50,UAE,Trade Show,2025-08-28,2026-09-21,valid
L01280,Scott Jones,Tata Solutions,scott.jones@tata.com,+44(0)306 999 0090,Engineering Manager,EdTech,500,Singapore,LinkedIn Ads,2025-11-30,2025-11-30,valid
L01329,Tamara Romero,Shetty Technologies,tamara.romero@shetty.com,(0115) 496 0944,Founder,FinTech,250,UK,Trade Show,2025-04-24,2026-07-01,valid
L00776,Kerry Cook,Miller Corp,kerry.cook@miller.com,02773826460,VP Operations,Media,50,Australia,Webinar,2026-06-15,2026-09-24,valid
L00086,Chaitaly Sheth,Kakar Ltd,chaitaly.sheth@kakar.com,809.299.1738x1684,Founder,FinTech,50,Singapore,Referral,2025-07-22,2026-07-19,valid
L01011,Diane Cook,Kota Pvt Ltd,diane.cook@kota.com,3766189437,IT Director,EdTech,50,UAE,Trade Show,2024-12-29,2026-07-13,valid
L02068,KARL WILSON-MARTIN,Jones Solutions,KARL.WILSON-MARTIN@JONES.COM,+44(0)131 4960970,CTO,Retail,3000,Singapore,LinkedIn Ads,2025-04-23,2026-08-17,valid
L00630,Amy Smith,Cheema LLC,amy.smith@cheema.com,963.471.5398x854,CFO,E-commerce,8000,Australia,Webinar,2025-11-08,2026-06-17,valid
L01306,Lydia Foster,Anderson Ltd,lydia.foster@anderson.com,0141 4960433,Head of Sales,Healthcare,500,Germany,LinkedIn Ads,2024-12-22,2026-06-26,bounced
L01463,Karen Lucas,Sha Corp,karen.lucas@sha.com,6163070286,Founder,E-commerce,250,Singapore,Cold Outbound,2025-09-21,2026-08-31,bounced
L00849,Randy Kelley,Brar Inc.,randy.kelley@brar.com,6527155983,COO,EdTech,120,UAE,Referral,2025-12-13,2026-06-28,valid
L01651,Shane Baker-Roberts,Osborne Corp,shane.baker-roberts@osborne.com,+1-743-801-9220,IT Director,Healthcare,50,Singapore,Webinar,2026-05-20,2026-09-04,valid
L00511,Joshua Murray,Quinn Solutions,joshua.murray@quinn.com,337-672-9420x9548,Procurement Manager,EdTech,3000,USA,LinkedIn Ads,2026-02-24,2026-08-07,valid
L01706,Lee Mitchell-Hudson,Hayes Pvt Ltd,,+44(0)3069990503,Procurement Manager,Manufacturing,8000,India,Referral,2026-01-14,2026-06-05,valid
L00064,Daniel Lee,Tripathi Corp,daniel.lee@tripathi.com,+44(0)191 496 0844,Procurement Manager,FinTech,10,UK,Trade Show,2025-07-27,2026-09-03,valid
L01121,Tracey Chambers,Obrien Technologies,tracey.chambers@obrien.com,+44909 8790505,Founder,Retail,3000,UAE,Website,2025-01-31,2026-09-17,valid
L01058,Sai Mallick,Rodriguez Technologies,sai.mallick@rodriguez.com,09303646871,Engineering Manager,EdTech,8000,UK,Referral,2026-04-02,2026-04-02,valid
L00333,Declan Cunningham,Jenkins Pvt Ltd,declan.cunningham@jenkins.com,(569)812-1535x3961,Procurement Manager,E-commerce,50,Singapore,Referral,2025-08-16,2025-09-02,bounced
L00899,Holly Patterson-Williams,Cook Corp,holly.patterson-williams@cook.com,871-558-0290x904,Engineering Manager,Real Estate,25,Australia,Referral,2026-06-14,2026-07-24,valid
L01854,Joe Shaw,Thakkar Solutions,joe.shaw@thakkar.com,(0116)4960762,VP Operations,Media,1200,Germany,Trade Show,2025-01-11,2026-06-17,valid
L00482,Lee Richards,Bryant Ltd,lee.richards@bryant.com,3890309143,COO,Retail,120,Singapore,Trade Show,2026-04-21,2026-09-01,valid
L02076,Graeme Nixon ,Curtis Pvt Solutions,GRAEME.NIXON@CURTIS.COM,+1-397-287-7293x430,Engineering Manager,EdTech,250,UK,Cold Outbound,2025-07-14,2026-05-23,valid
L00014,Carol Ellis,Brahmbhatt Inc.,,(0306)9990788,Head of Sales,Healthcare,1200,UK,Trade Show,2024-12-16,2026-08-22,valid
L00227,Ricardo Franklin,Williams LLC,ricardo.franklin@williams.com,5699988081,IT Director,E-commerce,8000,UAE,Trade Show,2024-11-21,2026-07-05,valid
L00378,Christopher Hanna,Morar Group,christopher.hanna@morar.com,+910326642147,COO,Telecom,25,USA,LinkedIn Ads,2025-12-10,2026-01-01,valid
L01747,Triya Chakrabarti,Raghavan Solutions,triya.chakrabarti@raghavan.com,407.237.2607,CFO,Telecom,10,Germany,LinkedIn Ads,2026-05-26,2026-05-26,valid
L01762,Raghav Bora,Santiago Inc.,raghav.bora@santiago.com,+1-610-474-9161,VP Operations,Real Estate,25,UAE,Webinar,2025-06-20,2026-08-04,valid
L02059,RYAN LEBLANC,Keller Solutions,RYAN.LEBLANC@KELLER.COM,01314960167,Engineering Manager,Healthcare,250,USA,LinkedIn Ads,2025-05-14,2026-06-07,valid
L01241,Mr Patrick Winter,Shetty Technologies,mr.winter@shetty.com,5169949708,CTO,Telecom,8000,Australia,Cold Outbound,2025-08-17,2026-07-11,valid
L00146,Maria Jenkins,Lutz Group,maria.jenkins@lutz.com,4292922809,CFO,Healthcare,500,UK,LinkedIn Ads,2025-01-03,2026-08-07,valid
L01299,Lila Ramanathan,Dixit Group,lila.ramanathan@dixit.com,(291)731-6708,COO,Telecom,120,Germany,LinkedIn Ads,2026-06-20,2026-07-05,valid
L01006,Keith Chambers,Osborne Corp,keith.chambers@osborne.com,320.224.5591x0245,VP Operations,Real Estate,250,Australia,Website,2025-01-26,2026-09-06,valid
L01522,Todd Williams,Naidu Inc.,todd.williams@naidu.com,(0808) 157 0972,COO,Media,120,USA,Webinar,2024-12-17,2026-09-14,valid
L00071,Katherine Walker-Johnston,Jones Group,katherine.walker-johnston@jones.com,268-868-5487,Procurement Manager,E-commerce,1200,UAE,Trade Show,2026-01-08,2026-01-08,valid
L01957,Frado Joshi,Reynolds Pvt Ltd,frado.joshi@reynolds.com,001-748-852-7758x67036,Procurement Manager,EdTech,8000,Singapore,Trade Show,2025-08-16,2026-06-17,valid
L00970,Kelly Jenkins,Nichols Pvt Ltd,kelly.jenkins@nichols.com,6392435885,IT Director,Logistics,120,UK,Cold Outbound,2025-06-24,2026-07-01,valid
L01424,Alice Mason,Buchanan LLC,alice.mason@buchanan.com,+44(0)20 7496 0260,Procurement Manager,Healthcare,1200,India,Webinar,2025-07-01,2026-09-03,valid
L00384,Dale Gardner,Thomas Solutions,dale.gardner@thomas.com,(501)464-5977x9452,Procurement Manager,Telecom,8000,Germany,Referral,2026-01-11,2026-09-16,valid
L01396,Kyle Chase,Bird Ltd,kyle.chase@bird.com,01614960506,COO,Telecom,1200,UAE,LinkedIn Ads,2026-08-15,2026-08-15,valid
L00390,Wendy Lawrence,Saxena Pvt Ltd,,01795760243,CTO,Healthcare,120,Singapore,LinkedIn Ads,2026-05-08,2026-07-31,valid
L00775,Dr Anthony Quinn,Whitehead Group,dr.quinn@whitehead.com,001-853-919-4979x695,VP Operations,Media,250,UK,Referral,2026-05-19,2026-08-05,valid
L00277,Antonio Price,Lamb Technologies,antonio.price@lamb.com,442-871-7396x271,COO,Manufacturing,8000,India,Cold Outbound,2025-01-20,2026-09-17,valid
L01699,Mr Conor Perkins,Brown Pvt Ltd,mr.perkins@brown.com,+1-970-466-9010x7923,Founder,Telecom,3000,India,Referral,2026-02-14,2026-08-31,valid
L01995,Omaja Dave,Thomas LLC,omaja.dave@thomas.com,001-901-613-8604,Founder,Real Estate,120,UK,Cold Outbound,2025-10-25,2026-06-26,valid
L01032,Ryan Pierce,Korpal Technologies,,(0909) 879 0189,Founder,Real Estate,25,UK,Referral,2025-08-20,2026-08-14,valid
L00707,Rodney Wood IV,Kaur LLC,rodney.iv@kaur.com,0151 4960782,CFO,FinTech,500,Germany,Website,2026-07-22,2026-07-22,valid
L01392,Jonathan Bennett-Gray,Sankar Corp,jonathan.bennett-gray@sankar.com,+44116 4960990,VP Operations,Real Estate,50,Germany,Webinar,2026-01-26,2026-09-22,valid
L01137,Mrs Irene Potter,Riggs Inc.,mrs.potter@riggs.com,4430349189,Growth Lead,Retail,500,UK,Trade Show,2025-04-13,2026-07-30,valid
L00710,Mr Elliott Johnson,Duncan Pvt Ltd,mr.johnson@duncan.com,(496)933-4727,Growth Lead,Telecom,8000,Germany,Referral,2025-03-04,2026-07-30,valid
L00394,Stephanie Johnson,Newton Ltd,,661-493-1837x45508,CTO,Media,3000,India,Webinar,2026-07-10,2026-07-10,valid
L00030,Miss Teresa Richardson,Parker Ltd,miss.richardson@parker.com,+910910430068,CFO,E-commerce,50,UAE,Trade Show,2025-04-10,2026-07-13,valid
L01173,Bradley Howard,Morales Inc.,bradley.howard@morales.com,0289018071,VP Operations,Healthcare,3000,USA,Trade Show,2026-07-21,2026-08-04,valid
L00026,Max Sabharwal,Choudhry Inc.,max.sabharwal@choudhry.com,+4429 2018731,Engineering Manager,Telecom,50,Australia,Webinar,2026-04-28,2026-06-19,valid
L00204,Ricky Tyler,Roberts Group,ricky.tyler@roberts.com,(0116) 496 0107,CFO,Healthcare,50,India,Webinar,2026-01-10,2026-01-22,valid
L01452,Joshua Garrison,Carr Solutions,joshua.garrison@carr.com,+44(0)161 4960745,VP Operations,Healthcare,50,Australia,Referral,2024-12-01,2026-08-03,valid
L00438,Lisa Duran,Bir Technologies,lisa.duran@bir.com,+44151 496 0911,CFO,EdTech,250,UAE,Cold Outbound,2024-12-05,2026-06-21,valid
L01052,Guy Singh,Ryan Technologies,guy.singh@ryan.com,7743820736,Procurement Manager,Media,250,Singapore,Website,2024-10-30,2026-08-30,valid
L00761,Debra Jones,Baker Ltd,debra.jones@baker.com,+4420 7496 0039,Engineering Manager,EdTech,120,Singapore,Website,2026-03-06,2026-06-23,valid
L02049,M. Anderson,Purohit Pvt Ltd,MADISON.ANDERSON@PUROHIT.COM,02074960119,IT Director,FinTech,50,Germany,Website,2024-12-14,2025-01-13,valid
L01083,Dalbir Bose,Murray Ltd,,1189418433,VP Operations,FinTech,50,USA,LinkedIn Ads,2026-05-08,2026-05-31,valid
L00876,Daniel Walker-Gibson,Baker Technologies,daniel.walker-gibson@baker.com,251.837.3990,IT Director,EdTech,500,India,Trade Show,2026-04-10,2026-04-10,valid
L00573,Katherine Kennedy,Lewis LLC,katherine.kennedy@lewis.com,7119642152,Founder,Real Estate,250,Germany,Trade Show,2025-01-23,2026-06-25,valid
L01172,Kalpit Kala,Mills Technologies,kalpit.kala@mills.com,912-502-7061x592,IT Director,Manufacturing,120,India,LinkedIn Ads,2024-10-08,2026-08-17,valid
L01569,Peter Desai,Carr Corp,peter.desai@carr.com,971-919-3600x6082,Engineering Manager,Telecom,1200,UAE,Trade Show,2025-02-02,2025-02-13,valid
L00880,Ikbal Dar,Chen Pvt Ltd,ikbal.dar@chen.com,+911873280771,Head of Sales,Media,120,India,Cold Outbound,2025-10-05,2025-10-05,valid
L01689,Brinda Varty,Drake Technologies,brinda.varty@drake.com,373-706-6293,COO,Logistics,50,UK,Cold Outbound,2026-07-15,2026-07-18,valid
L01925,Joanna Lewis-Ross,Keer Pvt Ltd,joanna.lewis-ross@keer.com,763-799-8127x43922,CFO,Telecom,500,Germany,Webinar,2024-10-13,2026-06-03,valid
L01915,Lindsey Scott,Evans Corp,lindsey.scott@evans.com,(0115)4960270,Founder,FinTech,3000,UAE,Referral,2025-03-06,2026-05-29,valid
L00606,Abhimanyu Prasad,Jordan Pvt Ltd,abhimanyu.prasad@jordan.com,744.744.6306x00025,VP Operations,Logistics,3000,India,Cold Outbound,2026-02-23,2026-08-08,valid
L00793,Brittany Smith,Smith Inc.,,8867925298,VP Operations,Media,50,USA,Webinar,2024-12-09,2026-06-30,valid
L00323,Joanna Marsh-Ali,Garrett LLC,joanna.marsh-ali@garrett.com,332-883-3898,IT Director,E-commerce,50,Singapore,Trade Show,2026-02-04,2026-08-20,valid
L00612,Valerie Barlow,Iyengar Group,valerie.barlow@iyengar.com,+1-309-311-7911x2442,VP Operations,Healthcare,3000,Singapore,Trade Show,2024-12-20,2025-01-26,valid
L00268,Isaac Ghosh,Lewis LLC,isaac.ghosh@lewis.com,+44(0)1632 960 275,IT Director,Real Estate,250,UK,Cold Outbound,2025-04-01,2026-06-11,valid
L00085,Natalie Evans,Nagy Inc.,natalie.evans@nagy.com,+44909 8790465,COO,Telecom,10,USA,Cold Outbound,2026-02-07,2026-03-17,valid
L01380,Ubika Dube,Sachdev Technologies,ubika.dube@sachdev.com,+441414960294,Head of Sales,Healthcare,120,Australia,Trade Show,2025-07-21,2026-07-03,valid
L00240,Abeer Comar,Williams Group,,0131 4960569,CFO,Media,120,India,Website,2026-06-09,2026-07-04,valid
L00432,Natalie Henry-Hughes,Nagi Group,natalie.henry-hughes@nagi.com,+914793036149,CFO,Retail,8000,UAE,Cold Outbound,2026-03-09,2026-07-30,valid
L00997,Charlene Marsh,Russell Ltd,charlene.marsh@russell.com,+44(0)1632960981,CTO,Retail,120,India,Website,2024-11-10,2026-08-02,valid
L01079,Jordan Owens,Kade Corp,jordan.owens@kade.com,+1-509-433-9137,Procurement Manager,Real Estate,25,India,Website,2026-04-01,2026-07-19,valid
L00851,Janice Howell,Hayden Inc.,janice.howell@hayden.com,(0161) 4960557,CTO,Retail,8000,UAE,Cold Outbound,2025-05-07,2025-05-07,valid
L01421,Damyanti Luthra,Allen Corp,damyanti.luthra@allen.com,+915352478417,Procurement Manager,Logistics,3000,UAE,Trade Show,2026-04-11,2026-08-02,valid
L01546,Jon Cox,Baker Inc.,jon.cox@baker.com,+912080192902,CTO,Media,250,USA,Trade Show,2024-12-04,2026-07-14,valid
L00766,Chavvi Sandal,Jones Pvt Ltd,chavvi.sandal@jones.com,1978575851,Procurement Manager,Logistics,10,UAE,Website,2026-04-27,2026-09-20,valid
L00226,Jason Novak,Davis Solutions,jason.novak@davis.com,03331279757,Procurement Manager,Logistics,50,USA,Cold Outbound,2025-07-28,2026-08-14,valid
L00473,Breanna Santiago,Allan Pvt Ltd,breanna.santiago@allan.com,07118372742,IT Director,E-commerce,50,UK,Referral,2025-01-29,2025-01-31,valid
L00212,Ridhi Basu,Todd Corp,ridhi.basu@todd.com,652.211.0392,Growth Lead,Media,10,Germany,Cold Outbound,2026-07-17,2026-07-17,valid
L02021,K. Chambers,osborne,,5928974874,VP Operations,Real Estate,250,Australia,Trade Show,2025-01-26,2026-06-15,valid
L02047,G. Krishnan,swaminathan pvt,GAVIN.KRISHNAN@SWAMINATHAN.COM,+918664320317,Founder,EdTech,500,USA,Website,2025-07-23,2026-03-23,valid
L01634,Ethan Nori,Evans Group,ethan.nori@evans.com,01184960946,Head of Sales,Healthcare,25,India,Website,2025-03-12,2026-06-06,valid
L01340,Brandon Price,Parsons LLC,brandon.price@parsons.com,001-587-331-2677,CFO,E-commerce,25,UAE,Trade Show,2026-08-17,2026-08-17,valid
L00668,Alan Cook,Mittal LLC,alan.cook@mittal.com,+441632 960 873,Procurement Manager,Telecom,250,Germany,Trade Show,2025-02-16,2026-06-13,valid
L00961,Mary Perkins,Walsh Corp,mary.perkins@walsh.com,+1-703-232-4260,IT Director,E-commerce,250,UAE,Webinar,2026-05-18,2026-06-19,valid
L01508,Mohammad Stewart-Scott,Robinson Solutions,mohammad.stewart-scott@robinson.com,+44(0)161 496 0419,CFO,Healthcare,25,USA,Trade Show,2026-02-15,2026-08-09,valid
L01763,Barbara Campbell,Stewart Corp,barbara.campbell@stewart.com,831-453-5069,Procurement Manager,Media,500,UK,Trade Show,2026-07-28,2026-08-07,valid
L00704,Dr Janice Potter,Bishop Pvt Ltd,dr.potter@bishop.com,894.613.4750x98898,CFO,Media,8000,UAE,Trade Show,2025-08-04,2026-09-12,valid
L01460,Mohammad Gordon,Hurst Pvt Ltd,mohammad.gordon@hurst.com,0116 496 0248,Engineering Manager,Retail,3000,Singapore,Webinar,2025-12-15,2026-07-23,valid
L01971,Wyatt Warrior,Martin Solutions,wyatt.warrior@martin.com,+912140513186,VP Operations,Real Estate,250,USA,Webinar,2024-11-21,2026-08-21,valid
L00615,Ashley Robinson,Dobson LLC,ashley.robinson@dobson.com,+913124473158,IT Director,Real Estate,50,Germany,Webinar,2025-11-30,2025-12-26,valid
L00382,Marcus Short,Davidson Group,marcus.short@davidson.com,01742243864,Head of Sales,Real Estate,1200,USA,LinkedIn Ads,2025-06-22,2026-08-10,valid
L01813,Jason Robinson,Bartlett LLC,,463.801.1220x08484,COO,Healthcare,500,UK,Webinar,2025-05-06,2025-06-30,valid
L01336,Ekbal Brahmbhatt,Steele Solutions,ekbal.brahmbhatt@steele.com,(0306) 9990556,IT Director,Logistics,1200,USA,Trade Show,2025-11-13,2026-06-02,valid
L01474,Bhavika Wason,Baker Ltd,bhavika.wason@baker.com,07868623760,Engineering Manager,Manufacturing,500,UK,Cold Outbound,2024-11-15,2026-06-07,valid
L01497,Jeremiah Keer,Andersen Solutions,jeremiah.keer@andersen.com,03404668212,VP Operations,Telecom,25,Singapore,Website,2025-09-30,2026-06-24,valid
L01382,Nathan Campbell,Flores Pvt Ltd,nathan.campbell@flores.com,312-721-2154,Head of Sales,EdTech,250,Singapore,Referral,2026-03-13,2026-06-11,bounced
L01441,Ms Samantha Davies,Thakkar Technologies,ms.davies@thakkar.com,001-611-493-9103x8297,COO,E-commerce,25,Germany,Trade Show,2025-11-15,2026-01-03,valid
L01270,Qadim Palan,Mcguire Corp,qadim.palan@mcguire.com,+4429 2018947,IT Director,Retail,3000,UK,Website,2025-03-01,2026-09-20,valid
L01700,Steven Cooper,Kim Pvt Ltd,steven.cooper@kim.com,+44(0)1174960348,CTO,Retail,120,USA,Trade Show,2025-01-19,2026-07-23,valid
L00937,Elizabeth Baker,Kohli Corp,elizabeth.baker@kohli.com,607-620-1137,IT Director,Retail,50,UK,Webinar,2025-12-23,2026-07-12,valid
L00120,Peter Borde,Cooke LLC,peter.borde@cooke.com,(481)460-6484,IT Director,EdTech,25,USA,Website,2026-09-01,2026-09-01,bounced
L00923,Atharv Saraf,Kerr Solutions,atharv.saraf@kerr.com,+44(0)121 4960625,COO,Retail,500,UAE,LinkedIn Ads,2025-04-06,2025-04-07,valid
L00845,Dr Adrian Grant,Sharma Technologies,dr.grant@sharma.com,001-864-217-8996,Head of Sales,FinTech,3000,UK,Trade Show,2025-11-14,2026-09-05,valid
L01358,Tejas Biswas,Blair Inc.,tejas.biswas@blair.com,5843456631,COO,Healthcare,10,UK,Cold Outbound,2025-10-16,2026-09-07,valid
L01608,Dr Brett Franklin,Griffith Technologies,dr.franklin@griffith.com,001-204-829-8622x6992,CTO,Manufacturing,25,UAE,Website,2026-07-26,2026-07-31,valid
L01675,Bishakha Bhandari,Pai Corp,bishakha.bhandari@pai.com,+916654512244,CTO,Logistics,3000,India,Website,2025-11-22,2026-08-10,valid
L00676,Lila Purohit,Martinez Group,lila.purohit@martinez.com,+441154960668,IT Director,Healthcare,8000,Singapore,Referral,2025-11-02,2026-06-29,valid
L01574,Scott Garcia,Allen Pvt Ltd,scott.garcia@allen.com,(0151) 4960017,CFO,Retail,25,USA,Website,2025-05-23,2026-07-25,valid
L01589,Jennifer Morris,King Corp,jennifer.morris@king.com,001-637-417-0864x94269,CTO,Media,50,Singapore,Webinar,2026-04-01,2026-07-15,valid
L00262,Katelyn Kim,Maharaj Technologies,katelyn.kim@maharaj.com,826-979-6927,CFO,Real Estate,500,UK,Webinar,2025-06-07,2025-08-01,valid
L00228,Brijesh Korpal,Kim Group,brijesh.korpal@kim.com,(0191)4960608,CTO,Retail,250,UAE,Cold Outbound,2026-01-21,2026-06-14,valid
L00548,Anthony Garner,Grewal Corp,anthony.garner@grewal.com,374-291-6247x5541,Procurement Manager,Telecom,120,USA,Website,2025-10-15,2026-05-29,valid
L00245,Saksham Chanda,Conley Corp,saksham.chanda@conley.com,0782357845,Growth Lead,Real Estate,1200,Singapore,Cold Outbound,2025-01-11,2026-09-19,valid
L01912,Darrell Burke,Smith Corp,darrell.burke@smith.com,+441632960636,COO,E-commerce,120,UAE,Webinar,2026-05-24,2026-07-18,valid
L00978,Leonard Mcclain,Green Corp,leonard.mcclain@green.com,310-334-6996x733,CTO,Healthcare,25,Germany,Cold Outbound,2025-03-02,2026-08-30,valid
L00043,Anita Kaur,Prabhakar Ltd,anita.kaur@prabhakar.com,729.812.1277,CFO,Healthcare,50,India,LinkedIn Ads,2025-02-20,2026-07-09,valid
L01627,Marc Richardson,Mallick Solutions,marc.richardson@mallick.com,0788026529,IT Director,Logistics,500,UAE,LinkedIn Ads,2025-06-09,2026-07-29,valid
L02102,L. Din,GIBBS Solutions,LEELA.DIN@GIBBS.COM,028 9018052,Head of Sales,Telecom,120,Germany,LinkedIn Ads,2025-01-04,2024-12-26,valid
L00345,Dawn Pritchard,Watson LLC,dawn.pritchard@watson.com,6391919541,Procurement Manager,Real Estate,25,Singapore,Webinar,2026-06-09,2026-06-09,valid
L01264,Erin Brown,Munshi Group,erin.brown@munshi.com,00657955156,Growth Lead,FinTech,120,USA,Website,2025-08-26,2026-08-14,valid
L01926,Dominic Bass,Hawkins Ltd,dominic.bass@hawkins.com,+44(0)1632 960 258,COO,Retail,50,Singapore,LinkedIn Ads,2025-03-10,2026-08-30,valid
L01917,Diana Martinez,Douglas Pvt Ltd,diana.martinez@douglas.com,7189179607,CFO,EdTech,10,Germany,Cold Outbound,2026-05-27,2026-05-27,valid
L01065,Tina Berry,Sandoval Solutions,tina.berry@sandoval.com,02182998747,Head of Sales,E-commerce,250,USA,Referral,2026-07-22,2026-08-20,valid
L01257,Mrs Irene Williamson,Meza Inc.,mrs.williamson@meza.com,+911526105370,CTO,Manufacturing,8000,Australia,Cold Outbound,2025-09-29,2026-09-19,valid
L01990,Teresa Thomas,Balakrishnan Solutions,teresa.thomas@balakrishnan.com,+914520580286,Growth Lead,Telecom,120,USA,Referral,2025-03-07,2026-07-14,valid
L01027,Rushil Barman,Singh Pvt Ltd,rushil.barman@singh.com,330.495.0556x057,Head of Sales,Retail,8000,UAE,Webinar,2025-02-16,2026-06-15,valid
L00749,Brandon Blair,Nayar Inc.,brandon.blair@nayar.com,290-820-3571x34324,Founder,Telecom,3000,USA,Referral,2026-08-08,2026-08-24,valid
L01646,Anthony Rose,Varma Corp,anthony.rose@varma.com,(0114) 496 0522,COO,Healthcare,500,Singapore,Website,2025-09-26,2025-09-26,valid
L00306,Vedika Wagle,Arora Group,,(0151)4960749,Engineering Manager,Telecom,10,India,Cold Outbound,2024-10-14,2026-09-07,valid
L01736,Varsha Bansal,Frazier Solutions,varsha.bansal@frazier.com,414-459-9201x66338,Procurement Manager,Media,1200,Australia,Trade Show,2025-04-13,2026-09-23,valid
L01363,Rushil Iyer,Ruiz Pvt Ltd,rushil.iyer@ruiz.com,229.530.2025x69133,CTO,Real Estate,1200,UK,Trade Show,2025-11-24,2025-12-30,valid
L01394,Fiyaz Tiwari,Fry Solutions,fiyaz.tiwari@fry.com,1862671368,Head of Sales,E-commerce,1200,Germany,Referral,2024-12-01,2026-06-03,valid
L02114,Qabil Singhal ,boone,QABIL.SINGHAL@BOONE.COM,+44(0)1154960847,Procurement Manager,EdTech,50,India,Trade Show,2025-07-02,2026-05-10,valid
L00191,Lauren Foster,Roy Pvt Ltd,lauren.foster@roy.com,4099792513,IT Director,E-commerce,250,Australia,Website,2025-04-13,2026-09-05,valid
L01692,Sharon Young,Thaman Inc.,sharon.young@thaman.com,990.706.5487x0847,CTO,Healthcare,8000,USA,Cold Outbound,2025-04-16,2025-04-20,bounced
L00556,Douglas Page,Nichols Pvt Ltd,douglas.page@nichols.com,586.286.6943x202,VP Operations,Logistics,8000,UAE,Website,2025-01-26,2025-02-01,valid
L01726,George Misra,Oconnell LLC,george.misra@oconnell.com,+44(0)1134960038,Founder,Retail,25,Australia,LinkedIn Ads,2025-01-27,2025-03-20,valid
L00305,Robert Conley,Thaker Solutions,robert.conley@thaker.com,+44(0)28 9018 0569,VP Operations,Retail,120,Germany,Referral,2025-03-20,2026-07-09,valid
L01118,Sharon Hall,Montoya Solutions,sharon.hall@montoya.com,01184960182,CTO,Media,500,Singapore,Trade Show,2025-07-15,2026-06-01,valid
L00860,Frederick Wright,Morley Corp,frederick.wright@morley.com,(308)778-0572,Engineering Manager,Media,10,Germany,Cold Outbound,2024-10-12,2026-08-25,valid
L01255,Jason Price,Murthy Solutions,jason.price@murthy.com,+44(0)3069990507,CFO,FinTech,8000,UAE,Website,2024-12-20,2026-08-06,valid
L01234,Ashley Daugherty,Dube Group,ashley.daugherty@dube.com,029 2018 0870,Engineering Manager,Manufacturing,3000,Germany,Referral,2026-01-03,2026-01-03,valid
L01729,Mr Keith Evans,Guha Inc.,mr.evans@guha.com,697-288-7953x120,Growth Lead,Manufacturing,500,UAE,LinkedIn Ads,2025-02-22,2026-07-22,valid
L01561,Victoria Jordan,Desai Pvt Ltd,victoria.jordan@desai.com,(790)725-7846x408,Procurement Manager,Media,500,UK,LinkedIn Ads,2024-11-21,2024-12-15,valid
L00569,Jeffery Hernandez,Bhatnagar Corp,jeffery.hernandez@bhatnagar.com,0121 4960361,CTO,E-commerce,10,India,Cold Outbound,2026-04-02,2026-06-07,valid
L02099,Warinder Thaker ,WRIGHT Corp,,+914608432562,Founder,Manufacturing,250,Singapore,Cold Outbound,2026-01-11,2026-08-28,valid
L00866,Qarin Lad,Phillips Inc.,qarin.lad@phillips.com,+913515718409,Founder,Logistics,10,Australia,Referral,2025-12-24,2026-07-28,valid
L01272,Bryan Davies-Graham,Naylor Group,bryan.davies-graham@naylor.com,+1-610-706-4934x03910,COO,Media,25,India,LinkedIn Ads,2026-04-14,2026-04-14,valid
L01667,Rachael Hodgson-Mason,Ward Group,rachael.hodgson-mason@ward.com,(0116)4960567,Growth Lead,Retail,10,Australia,Webinar,2025-05-19,2026-09-08,valid
L00357,Maya Kumer,Prabhakar Ltd,maya.kumer@prabhakar.com,+913432756041,CFO,E-commerce,500,Australia,Referral,2025-10-05,2026-08-18,valid
L01102,John Simmons,Dave LLC,john.simmons@dave.com,+448081570238,Growth Lead,Retail,50,India,Referral,2025-05-06,2026-07-06,valid
L00703,Francesca Bell,Norris Inc.,francesca.bell@norris.com,+44(0)114 496 0209,Procurement Manager,E-commerce,3000,Germany,Webinar,2025-05-24,2025-06-04,valid
L01123,Amrita Keer,Vaidya LLC,amrita.keer@vaidya.com,9848022050,Growth Lead,Logistics,25,UK,Referral,2025-07-27,2026-09-01,valid
L00729,Charles Schofield,Jackson Technologies,charles.schofield@jackson.com,377-488-1161x62028,IT Director,Telecom,1200,Australia,Cold Outbound,2024-12-31,2025-02-20,valid
L01680,Rachita Bhatti,Atkinson LLC,rachita.bhatti@atkinson.com,0161 4960979,Procurement Manager,Healthcare,3000,Germany,Webinar,2025-05-21,2026-06-04,valid
L00113,Jacob Holmes-Woodward,Taylor LLC,,001-628-885-1587x996,CTO,Logistics,10,USA,Trade Show,2025-02-27,2026-09-22,valid
L00484,Oeshi Mani,Conley Corp,oeshi.mani@conley.com,855.733.8033,IT Director,Logistics,10,Australia,Referral,2025-06-30,2026-09-02,valid
L02072,G. White-Cross,MORAR Pvt Ltd,GEORGINA.WHITE-CROSS@MORAR.COM,(0121) 4960997,IT Director,Healthcare,120,UAE,Trade Show,2026-06-18,2026-06-16,bounced
L00891,Sneha Mital,Woodward Inc.,sneha.mital@woodward.com,+44(0)141 496 0033,CFO,Healthcare,50,Singapore,LinkedIn Ads,2026-06-15,2026-06-17,valid
L01712,Ms Carolyn Thomas,Copeland Group,ms.thomas@copeland.com,+448081570158,VP Operations,EdTech,50,UK,LinkedIn Ads,2024-11-06,2024-12-25,valid
L01874,Olivia Blake,Lam Group,olivia.blake@lam.com,+44(0)1134960773,CFO,Real Estate,8000,Australia,Website,2025-05-20,2025-07-12,valid
L00498,Mr Colin Thorpe,Ingram Solutions,mr.thorpe@ingram.com,+44(0)116 4960346,COO,Real Estate,50,USA,Cold Outbound,2025-10-22,2026-08-15,valid
L00528,Atharv Kota,Williams Pvt Ltd,atharv.kota@williams.com,418-518-6151x554,IT Director,EdTech,8000,Singapore,Trade Show,2025-11-16,2026-06-10,valid
L01722,Anna Jones,Walsh Ltd,anna.jones@walsh.com,+44(0)1632 960 017,Growth Lead,Logistics,3000,UK,Referral,2025-09-16,2026-07-14,valid
L01967,Clifford Knight-Wright,Raj Ltd,clifford.knight-wright@raj.com,01181583746,VP Operations,Real Estate,50,Australia,Trade Show,2025-01-14,2025-03-04,valid
L01360,Alicia Hall,Dave LLC,alicia.hall@dave.com,9686800852,Engineering Manager,Manufacturing,500,UAE,Website,2025-01-06,2025-01-28,valid
L01116,Sherry Shannon,Jones Technologies,sherry.shannon@jones.com,(0191)4960213,Procurement Manager,Media,250,Australia,LinkedIn Ads,2026-03-07,2026-07-30,valid
L00476,Zaid Prasad,Anderson Pvt Ltd,zaid.prasad@anderson.com,510.360.0531,Growth Lead,Healthcare,10,Australia,Referral,2026-07-30,2026-07-30,bounced
L00448,Alvin Wilson,Konda Technologies,alvin.wilson@konda.com,03950033423,Head of Sales,Manufacturing,25,USA,Cold Outbound,2024-11-22,2026-08-11,valid
L00288,Abeer Amble,Russell Pvt Ltd,abeer.amble@russell.com,994-867-2324,Head of Sales,Retail,250,Australia,Trade Show,2026-05-03,2026-07-05,valid
L00428,Miss Kelly Nicholls,Young Group,miss.nicholls@young.com,0131 496 0020,Engineering Manager,FinTech,10,Australia,LinkedIn Ads,2026-07-03,2026-07-28,valid
L01650,Abhimanyu Prasad,Taylor Solutions,abhimanyu.prasad@taylor.com,+44(0)1514960023,VP Operations,Logistics,8000,India,Website,2025-12-07,2025-12-07,valid
L00127,Tyler Medina,Jenkins Solutions,tyler.medina@jenkins.com,+1-713-236-1386x1207,IT Director,Media,500,Germany,Cold Outbound,2025-10-01,2026-08-09,valid
L01591,Isaiah Mandal,Jimenez Pvt Ltd,isaiah.mandal@jimenez.com,9670692195,VP Operations,Media,120,Singapore,Webinar,2024-10-07,2024-11-09,valid
L01697,Rachel Morrison,Harris Pvt Ltd,rachel.morrison@harris.com,0909 8790518,Engineering Manager,Logistics,500,Germany,Cold Outbound,2026-04-03,2026-09-09,valid
L00449,Harinakshi Korpal,Bates Pvt Ltd,harinakshi.korpal@bates.com,702.541.0261,CFO,Healthcare,1200,Australia,Webinar,2025-10-09,2025-11-28,valid
L01303,Christopher Taylor,Patla Corp,christopher.taylor@patla.com,742-643-6258,Engineering Manager,Media,25,USA,Website,2026-03-20,2026-03-20,valid
L00558,Julia Baldwin-Wilson,Bora Group,julia.baldwin-wilson@bora.com,0118 496 0402,CFO,Retail,1200,Singapore,Referral,2025-08-09,2025-08-22,valid
L00865,Darren Fry,Srivastava LLC,darren.fry@srivastava.com,(896)666-7252x1452,COO,Retail,10,Singapore,Cold Outbound,2024-12-04,2026-09-23,valid
L00635,Cynthia Patel,Chawla LLC,cynthia.patel@chawla.com,+919666134732,Growth Lead,Manufacturing,50,UK,Referral,2025-02-12,2026-06-30,valid
L01772,Diane Herrera,Thomas LLC,diane.herrera@thomas.com,02835999400,COO,Logistics,120,Germany,LinkedIn Ads,2026-03-03,2026-06-15,valid
L00526,Danielle Palmer-Cooke,Williams Group,danielle.palmer-cooke@williams.com,01462831435,VP Operations,EdTech,500,Singapore,LinkedIn Ads,2025-02-20,2025-03-22,valid
L01786,Jose Wang,Dayal Solutions,,+917241553691,Engineering Manager,EdTech,120,UAE,LinkedIn Ads,2024-12-16,2026-09-24,valid
L00873,Barkha Nagi,Oak Group,barkha.nagi@oak.com,734.966.6617x071,VP Operations,Telecom,120,Singapore,Webinar,2026-05-19,2026-05-19,valid
L00330,Jennifer Juarez,Balasubramanian Ltd,jennifer.juarez@balasubramanian.com,+917182754801,Founder,Telecom,3000,Australia,Webinar,2025-02-18,2025-04-06,bounced
L00492,Gail Cooper,Santiago Group,gail.cooper@santiago.com,3370502497,VP Operations,Logistics,3000,Australia,Trade Show,2026-01-13,2026-07-23,valid
L01684,Mrs Chloe Edwards,Sathe Technologies,mrs.edwards@sathe.com,02031589258,Founder,Real Estate,8000,UK,Webinar,2025-11-08,2026-06-24,valid
L01891,Frado Barad,Mendez Technologies,frado.barad@mendez.com,+44(0)289018297,Head of Sales,Healthcare,1200,Singapore,Webinar,2025-12-19,2026-07-25,bounced
L01718,Rita Jones,Dewan Corp,rita.jones@dewan.com,00292864330,Founder,Manufacturing,3000,Australia,Website,2024-10-19,2026-06-07,valid
L00951,Vanessa Porter,Anne Technologies,vanessa.porter@anne.com,+914768169957,COO,EdTech,1200,Singapore,Trade Show,2025-12-17,2026-08-18,valid
L01557,Anamika Bhat,Clark Corp,anamika.bhat@clark.com,(311)653-5505,Procurement Manager,Media,10,UK,LinkedIn Ads,2025-09-11,2026-08-26,valid
L00588,Leon Riley-Begum,Wong Corp,leon.riley-begum@wong.com,02545960633,Head of Sales,Healthcare,8000,UAE,Referral,2024-10-12,2026-07-21,valid
L00496,Mrs Michelle Woods,Keer Pvt Ltd,mrs.woods@keer.com,+914364027011,Growth Lead,E-commerce,25,UAE,LinkedIn Ads,2025-11-24,2026-08-14,valid
L00975,Amrita Datta,Thakkar Technologies,amrita.datta@thakkar.com,001-563-509-0015x9446,Growth Lead,Media,25,UAE,LinkedIn Ads,2024-12-18,2026-08-13,valid
L00055,Kashvi Randhawa,Srinivas Technologies,kashvi.randhawa@srinivas.com,0115 4960545,Founder,EdTech,250,UAE,Webinar,2025-12-28,2026-08-19,valid
L00883,Michael Manne,Turner LLC,michael.manne@turner.com,(0114) 4960323,Founder,Telecom,500,India,Website,2025-02-15,2025-03-05,valid
L01486,Anjali Ravel,Key Group,anjali.ravel@key.com,02010824028,Procurement Manager,Healthcare,25,USA,Webinar,2024-12-13,2026-06-09,valid
L00325,Beth Wilson,Loyal LLC,beth.wilson@loyal.com,221.561.1076,Engineering Manager,EdTech,1200,Australia,Website,2025-07-06,2026-06-04,valid
L00361,Vanya Deol,Kaur Pvt Ltd,vanya.deol@kaur.com,+919543165266,Engineering Manager,FinTech,1200,Australia,Trade Show,2024-12-04,2024-12-08,valid
L00422,Julie Phillips,Garg Inc.,julie.phillips@garg.com,(029) 2018138,COO,Healthcare,1200,Singapore,Referral,2025-10-09,2026-07-26,valid
L00095,Zinal Madan,Wilson Ltd,zinal.madan@wilson.com,+44(0)2074960261,Founder,Manufacturing,25,UAE,LinkedIn Ads,2025-10-31,2026-09-25,valid
L01538,Miss Mandy Norton,Saxena Group,miss.norton@saxena.com,(280)217-7031x63705,COO,Media,500,USA,Cold Outbound,2025-08-03,2026-08-04,valid
L00111,Conor Porter,Ramirez Inc.,conor.porter@ramirez.com,001-592-621-6995x866,IT Director,Telecom,25,Singapore,Website,2026-06-14,2026-08-02,valid
L01797,Dr Joshua Harvey,Dubey Ltd,dr.harvey@dubey.com,(0116) 4960815,Head of Sales,Telecom,50,UK,Trade Show,2026-01-12,2026-07-09,valid
L00159,Dr Lewis Rhodes,Chavez Ltd,dr.rhodes@chavez.com,+44(0)161 4960839,Engineering Manager,E-commerce,500,UAE,Referral,2025-09-12,2026-07-12,valid
L00762,Jackie Morgan,Martin Solutions,jackie.morgan@martin.com,+1-396-713-2730x346,Founder,Media,25,UK,Website,2025-01-30,2025-03-29,valid
L00976,Laura Adams,Harding Pvt Ltd,laura.adams@harding.com,+44131 496 0320,CFO,Real Estate,10,USA,LinkedIn Ads,2024-12-24,2025-01-02,valid
L01021,Bhavna D’Alia,Hill Solutions,bhavna.d’alia@hill.com,(385)428-3061x5370,Engineering Manager,Real Estate,1200,Germany,Trade Show,2025-09-18,2026-07-02,valid
L00926,Ekaraj Tailor,Vargas Solutions,ekaraj.tailor@vargas.com,0866281372,VP Operations,E-commerce,250,India,Trade Show,2026-03-16,2026-07-11,valid
L01101,Girik Raja,Hughes Group,girik.raja@hughes.com,0141 496 0561,Growth Lead,E-commerce,8000,Singapore,Website,2025-07-23,2026-08-29,valid
L01959,Megan Hernandez,Mammen LLC,megan.hernandez@mammen.com,(776)917-0731x744,CTO,Media,10,UAE,Cold Outbound,2025-03-24,2025-04-10,valid
L00003,Brandon Matthews,Jani Corp,,01014388899,Engineering Manager,Real Estate,8000,Australia,Trade Show,2025-03-19,2026-09-18,valid
L00017,Graham Turnbull,Taylor Inc.,graham.turnbull@taylor.com,01214960494,CFO,E-commerce,8000,UK,LinkedIn Ads,2025-08-22,2026-09-17,valid
L01001,Eta Vyas,Aggarwal Inc.,eta.vyas@aggarwal.com,+1-998-849-3306x74584,VP Operations,Telecom,50,Germany,LinkedIn Ads,2025-05-03,2026-06-23,valid
L00471,Jacob King,Griffiths Corp,jacob.king@griffiths.com,001-937-468-1511x856,Head of Sales,Real Estate,50,UK,Website,2026-08-02,2026-08-02,valid
L00339,Vritti Zacharia,Padmanabhan Group,vritti.zacharia@padmanabhan.com,0161 496 0782,Founder,Telecom,120,India,Cold Outbound,2026-05-12,2026-07-31,valid
L01774,Madhav Gala,Sarna Corp,madhav.gala@sarna.com,(0191) 496 0920,VP Operations,Manufacturing,250,Germany,LinkedIn Ads,2025-02-20,2026-09-26,valid
L01371,Peter Davies,Ali Corp,peter.davies@ali.com,607.740.3925x199,Founder,Telecom,8000,USA,LinkedIn Ads,2024-10-20,2026-08-03,valid
L00795,Akshay Bhattacharyya,Green Ltd,akshay.bhattacharyya@green.com,+914332491357,Procurement Manager,Logistics,50,USA,Trade Show,2026-07-20,2026-08-12,valid
L01465,Advaith Nori,Tucker Group,advaith.nori@tucker.com,09500173259,VP Operations,Logistics,8000,India,Referral,2025-08-30,2026-08-06,valid
L01974,Eleanor Chambers,Purohit Ltd,eleanor.chambers@purohit.com,+44(0)1632960664,Growth Lead,Healthcare,25,UK,Website,2025-06-01,2026-08-14,valid
L01777,Ms Kathryn Carter,Jenkins Pvt Ltd,ms.carter@jenkins.com,+1-544-278-6742x8021,Head of Sales,FinTech,25,UK,Website,2026-04-16,2026-04-16,valid
L02030,B. Pillay,Barton Technologies,BISHAKHA.PILLAY@BARTON.COM,792.503.8806x53331,Founder,Retail,3000,USA,Referral,2026-08-25,2026-07-01,valid
L02133,N. Seth,Pau Pvt LLC,NIDRA.SETH@PAU.COM,794.987.1485x524,CTO,FinTech,250,Australia,Webinar,2026-08-18,2026-07-05,valid
L00572,Jyoti Lanka,Reid Solutions,,0808 157 0102,IT Director,Manufacturing,50,Germany,Trade Show,2025-02-18,2026-08-08,valid
L01044,Naveen Srinivasan,Jones Pvt Ltd,naveen.srinivasan@jones.com,720.637.6388x214,COO,EdTech,250,Germany,Website,2025-01-03,2026-08-02,valid
L00785,Ms Amanda Murphy,Duncan Pvt Ltd,ms.murphy@duncan.com,+44909 8790327,Procurement Manager,Telecom,1200,India,Referral,2025-06-03,2026-09-01,valid
L00431,Olivia Becker,Kim Group,olivia.becker@kim.com,+44131 4960319,Engineering Manager,EdTech,8000,Germany,Webinar,2025-10-08,2026-07-29,valid
L00161,Molly Hansen,Shere Inc.,molly.hansen@shere.com,(0131)4960543,CTO,Manufacturing,50,UAE,Referral,2025-11-27,2026-09-10,valid
L00725,Matthew Ruiz,Nelson Pvt Ltd,matthew.ruiz@nelson.com,01368474883,Procurement Manager,Real Estate,50,UAE,Website,2026-08-08,2026-08-08,valid
L01040,Deborah Richardson,Mishra LLC,deborah.richardson@mishra.com,341.790.3106,Growth Lead,Retail,500,India,Webinar,2026-05-16,2026-05-16,valid
L01403,Frederick Smith,Wright LLC,frederick.smith@wright.com,9946418398,Engineering Manager,Logistics,10,Germany,Webinar,2025-06-16,2025-07-01,valid
L01868,Dr Edward Murray,Bath Solutions,dr.murray@bath.com,01174960483,Head of Sales,Telecom,25,India,Webinar,2025-02-25,2026-06-26,valid
L01734,Yash Bora,Bir Technologies,yash.bora@bir.com,02306002302,CFO,EdTech,500,Germany,Referral,2025-09-05,2026-09-25,valid
L00198,Bruce Wright,Anderson Ltd,bruce.wright@anderson.com,(839)710-3717x058,Founder,Real Estate,120,USA,Website,2025-04-19,2026-06-19,valid
L01344,Justin Foster,Rodriguez Technologies,justin.foster@rodriguez.com,6764979741,COO,Retail,500,Australia,Trade Show,2025-04-06,2026-09-24,valid
L00699,Josh Wilson,Allen Pvt Ltd,josh.wilson@allen.com,+919283692944,CTO,Retail,500,USA,Referral,2026-06-29,2026-09-23,valid
L00152,Darren Reynolds,Kapur Group,darren.reynolds@kapur.com,3565126944,COO,Media,50,India,Trade Show,2025-04-21,2026-06-11,valid
L02122,N. Merritt,HayesPvt LLC,NANCY.MERRITT@HAYES.COM,0679490786,Founder,Media,500,Singapore,Webinar,2026-03-07,2026-07-20,valid
L00373,Yatin Tara,Lyons Corp,yatin.tara@lyons.com,0115 496 0504,Founder,Telecom,50,UAE,LinkedIn Ads,2025-05-01,2026-07-27,valid
L00078,Craig Hunt,Taylor Pvt Ltd,craig.hunt@taylor.com,8552414060,Procurement Manager,FinTech,1200,UK,Website,2025-02-06,2025-03-07,valid
L02060,O. Garg,MENDEZ Ltd,,3358951381,Growth Lead,Manufacturing,500,USA,Website,2025-02-24,2026-06-04,valid
L01893,Angela Brown,Brown Pvt Ltd,angela.brown@brown.com,(0161)4960392,Head of Sales,Healthcare,1200,USA,Webinar,2026-01-13,2026-06-23,valid
L00164,Tonya Ellis,Collins Solutions,tonya.ellis@collins.com,0714163356,CFO,FinTech,25,UAE,LinkedIn Ads,2025-05-29,2026-08-16,valid
L01744,Dr Harry Dyer,Ali Technologies,dr.dyer@ali.com,001-867-592-4157x127,CTO,Healthcare,120,Germany,LinkedIn Ads,2025-10-02,2026-07-01,valid
L00189,Stuart Jones,Lee Technologies,stuart.jones@lee.com,+44121 4960520,Procurement Manager,Healthcare,10,UK,LinkedIn Ads,2025-12-15,2025-12-15,bounced
L01831,Jack Dara,Moore Pvt Ltd,jack.dara@moore.com,01214960252,CFO,Manufacturing,1200,Germany,Webinar,2025-04-21,2026-08-07,valid
L01207,Max Richards,Thaker Solutions,max.richards@thaker.com,001-796-798-7486x941,Founder,E-commerce,500,Germany,Website,2024-11-20,2024-12-16,valid
L00091,Harshil Rajagopal,Anderson Pvt Ltd,harshil.rajagopal@anderson.com,+4420 7496 0421,Head of Sales,Real Estate,1200,Germany,Trade Show,2026-04-12,2026-06-01,valid
L01695,Dr Jake Gibbons,Kerr Solutions,dr.gibbons@kerr.com,(0117)4960848,Founder,Manufacturing,10,UAE,Cold Outbound,2025-06-04,2025-07-22,valid
L01162,Rita Cox,Fowler LLC,rita.cox@fowler.com,+449098790585,Procurement Manager,Media,3000,Germany,Trade Show,2025-09-15,2026-07-05,valid
L01404,Nirja Shere,Choudhry Inc.,nirja.shere@choudhry.com,278-653-6988x1649,Growth Lead,Manufacturing,3000,UAE,LinkedIn Ads,2026-05-27,2026-07-01,valid
L00504,Shelley Montes,Gay Solutions,shelley.montes@gay.com,+44(0)1214960739,COO,E-commerce,8000,Australia,Trade Show,2026-08-11,2026-08-11,valid
L01200,Miss Kayleigh Kaur,Hamilton LLC,miss.kaur@hamilton.com,893.948.6883x90624,CTO,FinTech,3000,Germany,Referral,2026-02-27,2026-07-30,valid
L00627,Eric Baker,Gulati Technologies,eric.baker@gulati.com,028 9018 0642,Founder,Telecom,3000,USA,LinkedIn Ads,2025-04-28,2025-05-25,valid
L00940,Kim Lee,Taylor Technologies,kim.lee@taylor.com,7304519577,Growth Lead,Manufacturing,25,India,Webinar,2026-05-02,2026-06-24,valid
L00354,Aachal Bhalla,Armstrong Solutions,aachal.bhalla@armstrong.com,5158673425,Engineering Manager,Media,8000,India,Referral,2026-07-13,2026-07-13,valid
L01187,Dr. John Duncan,Morris Group,dr.duncan@morris.com,625.362.3899,IT Director,EdTech,3000,UAE,Webinar,2025-01-10,2026-07-23,valid
L00088,Mr. Christopher Walters,Hoffman Solutions,mr.walters@hoffman.com,843.829.2712x966,Head of Sales,Real Estate,50,UAE,Cold Outbound,2026-01-23,2026-08-22,valid
L01408,Regina Rivera,Collins Solutions,regina.rivera@collins.com,8839974185,Head of Sales,Telecom,1200,India,Cold Outbound,2025-09-01,2026-06-13,valid
L00287,Mary Spencer,Prabhakar Pvt Ltd,mary.spencer@prabhakar.com,028 9018 0620,CTO,Manufacturing,10,Singapore,Trade Show,2025-07-20,2025-08-03,bounced
L01632,Anjali Patla,Hale LLC,anjali.patla@hale.com,+44(0)1184960470,CTO,EdTech,50,UAE,LinkedIn Ads,2026-02-07,2026-07-03,valid
L00574,Heather Snyder,Mack Corp,heather.snyder@mack.com,6952366878,COO,Logistics,25,Singapore,LinkedIn Ads,2025-08-27,2025-08-29,bounced
L01873,Rachel Flores,Horne Ltd,rachel.flores@horne.com,(509)628-4672x007,IT Director,Logistics,1200,UAE,Website,2026-02-26,2026-03-20,valid
L01086,Geetika Sahota,Day Ltd,geetika.sahota@day.com,740-242-8860,COO,Media,25,India,Trade Show,2024-11-04,2024-11-13,valid
L01491,David Thomas,Bhatt Ltd,david.thomas@bhatt.com,3124329615,Founder,Logistics,8000,Australia,Cold Outbound,2026-02-14,2026-08-01,valid
L00292,Dr Daniel Webb,Zachariah LLC,dr.webb@zachariah.com,+1-922-707-8113,Engineering Manager,Telecom,25,UK,Website,2025-07-05,2026-09-13,valid
L01892,Hredhaan Nagi,Rees Corp,,(329)817-9265x17328,CFO,Healthcare,120,USA,Cold Outbound,2026-04-28,2026-06-14,valid
L00497,Dr Jill Barber,Khan LLC,dr.barber@khan.com,+912522372817,Founder,Retail,120,Singapore,Webinar,2024-10-12,2026-07-08,valid
L00797,Amy Knight,Moore Pvt Ltd,amy.knight@moore.com,642.633.7209,IT Director,FinTech,8000,UK,Webinar,2025-12-16,2026-06-18,valid
L00616,Joan Morris-Hughes,Luna Pvt Ltd,joan.morris-hughes@luna.com,+44141 496 0342,CFO,Retail,50,India,LinkedIn Ads,2026-07-27,2026-07-27,valid
L01555,Harshil Dhar,Walker Corp,harshil.dhar@walker.com,+44113 496 0961,Founder,Telecom,50,India,Cold Outbound,2025-06-21,2026-09-23,valid
L01766,Tina Pearce-Giles,Rodriguez Corp,tina.pearce-giles@rodriguez.com,8055195675,Engineering Manager,Telecom,25,UK,Cold Outbound,2025-04-23,2026-07-20,valid
L00549,Gary Fry,Morton Inc.,gary.fry@morton.com,(0808) 157 0598,COO,FinTech,50,India,LinkedIn Ads,2024-12-18,2026-07-19,valid
L00364,Darren Wilson,Mane Technologies,darren.wilson@mane.com,544.676.2639,Founder,Telecom,50,Australia,Trade Show,2025-08-30,2026-07-04,valid
L01024,Fiyaz Parekh,Kashyap Corp,fiyaz.parekh@kashyap.com,(726)438-4091x122,COO,Real Estate,250,UK,LinkedIn Ads,2025-06-14,2026-06-16,valid
L01134,Falak Grover,Loke Technologies,falak.grover@loke.com,03069990572,VP Operations,FinTech,120,UAE,Webinar,2025-06-03,2026-07-14,valid
L01209,Nicholas Perez,Soni LLC,nicholas.perez@soni.com,(0191)4960863,Engineering Manager,Media,8000,USA,Referral,2026-05-19,2026-06-06,valid
L01160,Bethany Jones,Raj Ltd,bethany.jones@raj.com,+919883220125,CTO,Manufacturing,500,India,Webinar,2025-03-07,2025-04-08,valid
L01090,Ishani Ben,Chander Inc.,ishani.ben@chander.com,8269177682,Engineering Manager,Telecom,120,UAE,Website,2025-08-09,2025-09-23,valid
L01029,Eric Maynard,Curtis Pvt Ltd,eric.maynard@curtis.com,001-646-624-5618x517,Engineering Manager,Logistics,120,UAE,Cold Outbound,2026-08-30,2026-08-30,valid
L00680,Marian Lawrence,Dar Solutions,marian.lawrence@dar.com,8810569741,COO,Telecom,8000,Australia,Referral,2025-10-22,2026-09-09,valid
L01476,Chandresh Raval,Badal Group,chandresh.raval@badal.com,+441632960836,VP Operations,Retail,250,India,LinkedIn Ads,2025-05-13,2026-09-04,valid
L00831,Miss Cheryl Webb,Brown Corp,miss.webb@brown.com,824-757-9889x425,Procurement Manager,Real Estate,25,UAE,Trade Show,2024-11-30,2026-06-28,valid
L00596,Balvan Dugal,Dhingra Solutions,balvan.dugal@dhingra.com,+913590960567,VP Operations,EdTech,10,Germany,LinkedIn Ads,2025-10-10,2026-06-19,valid
L00872,Joyce Waters,Graham Technologies,joyce.waters@graham.com,020 7946 0988,Head of Sales,Media,8000,UK,Trade Show,2024-12-11,2025-01-21,valid
L01730,Miss Lesley Williams,Hunt Pvt Ltd,miss.williams@hunt.com,(0151) 496 0618,CTO,Manufacturing,10,Australia,Trade Show,2026-01-18,2026-07-30,valid
L00302,Aradhana Bhagat,Howard Group,aradhana.bhagat@howard.com,(757)378-8178x847,CFO,Retail,500,Singapore,Website,2025-02-01,2026-09-03,valid
L00854,Miss Andrea Daniels,James LLC,miss.daniels@james.com,+914991537038,Founder,Media,10,USA,Cold Outbound,2026-05-02,2026-05-30,valid
L01908,Jeremy Cohen,Jones Ltd,jeremy.cohen@jones.com,001-888-862-6395x612,CFO,Telecom,500,India,LinkedIn Ads,2025-07-22,2026-07-11,bounced
L00112,Chaitaly Sethi,Brown Solutions,,(569)584-8583,CFO,Media,250,India,Website,2026-02-02,2026-06-30,valid
L00407,Joseph Chapman,Chase Corp,joseph.chapman@chase.com,+44306 9990649,Founder,Telecom,500,USA,Website,2025-12-09,2026-09-01,bounced
L01075,Richard Miller,Lad Pvt Ltd,richard.miller@lad.com,(446)625-5402x6355,Engineering Manager,E-commerce,10,Singapore,Website,2024-11-15,2026-09-14,valid
L00958,Carol O'Brien,Hall Corp,carol.o'brien@hall.com,001-899-907-7560x8581,CFO,E-commerce,10,India,Website,2026-04-09,2026-07-11,valid
L00609,Dominic Watts,Page Pvt Ltd,dominic.watts@page.com,+44118 496 0825,Engineering Manager,Media,8000,USA,Cold Outbound,2026-07-25,2026-08-30,valid
L01175,Gareth Higgins-Howard,Brooks Inc.,gareth.higgins-howard@brooks.com,+1-956-779-7564x915,Growth Lead,FinTech,8000,Singapore,Website,2025-05-22,2026-06-11,valid
L00058,Sean Clarke-Briggs,Medina Inc.,sean.clarke-briggs@medina.com,02074960690,Procurement Manager,Media,120,USA,Trade Show,2025-09-17,2026-07-05,valid
L01666,Harinakshi Kari,Dudley Inc.,harinakshi.kari@dudley.com,+910127622398,Growth Lead,Media,3000,UK,LinkedIn Ads,2025-01-13,2025-02-26,valid
L00818,Rachana Bail,Walker Technologies,rachana.bail@walker.com,4096003562,Founder,Logistics,3000,India,Webinar,2026-05-22,2026-07-14,valid
L00778,Jake Johnson,Dyer Technologies,jake.johnson@dyer.com,01514960604,CTO,Manufacturing,50,India,Cold Outbound,2024-12-07,2026-08-14,valid
L00126,Caleb Minhas,Gutierrez Corp,caleb.minhas@gutierrez.com,0117 4960581,COO,Healthcare,50,UK,Website,2025-04-17,2026-09-01,valid
L01233,Samar Kara,Lane Corp,samar.kara@lane.com,+44151 4960283,Head of Sales,E-commerce,50,Australia,Cold Outbound,2026-05-03,2026-07-07,bounced
L00060,Zaid Bir,Ward Inc.,zaid.bir@ward.com,01006762676,Head of Sales,Healthcare,1200,UK,Cold Outbound,2025-03-12,2026-08-28,valid
L01933,Qasim Keer,Edwin Inc.,qasim.keer@edwin.com,04018144424,Growth Lead,Real Estate,25,UAE,Referral,2025-03-25,2025-04-22,valid
L01259,Chaaya Karan,Butler Corp,chaaya.karan@butler.com,0116 496 0987,Growth Lead,Telecom,25,Singapore,LinkedIn Ads,2026-08-01,2026-09-17,valid
L02123,M. Foster,BUMB Pvt Ltd,MISS.FOSTER@BUMB.COM,9126376317,VP Operations,Telecom,25,India,Website,2026-07-25,2026-07-02,valid
L01155,Morgan Lloyd,Davies Inc.,morgan.lloyd@davies.com,09098790914,VP Operations,Media,500,Australia,Webinar,2025-12-12,2026-09-15,valid
L00713,Kari Sandoval,Wood LLC,kari.sandoval@wood.com,334-677-6958x7413,Growth Lead,Manufacturing,3000,UAE,Website,2026-03-20,2026-08-11,valid
L00567,Yagnesh Bhalla,Buckley LLC,yagnesh.bhalla@buckley.com,+44(0)29 2018 0481,IT Director,Retail,1200,Germany,LinkedIn Ads,2025-06-21,2026-08-07,valid
L01076,Susan Johnson,Cox LLC,susan.johnson@cox.com,764.564.4898x8031,Head of Sales,E-commerce,120,Australia,Website,2025-08-09,2025-09-30,valid
L01250,Bryan Ahmed-Khan,Hall Technologies,bryan.ahmed-khan@hall.com,+912297589170,Founder,Telecom,3000,Singapore,Referral,2025-03-15,2026-06-12,valid
L01740,Allan James,Alvarez Inc.,allan.james@alvarez.com,898-966-3420x953,COO,Manufacturing,1200,India,Website,2025-02-18,2026-06-09,valid
L00804,Lee Richardson,Mills Technologies,lee.richardson@mills.com,(0117)4960925,Growth Lead,Media,8000,Australia,Cold Outbound,2026-01-16,2026-01-16,valid
L00613,Sarthak Raman,Rivera Pvt Ltd,sarthak.raman@rivera.com,606.217.1366x5722,IT Director,Retail,500,India,Cold Outbound,2026-07-04,2026-08-03,valid
L00532,Anya Sangha,Valdez Technologies,anya.sangha@valdez.com,(01632) 960 341,Procurement Manager,EdTech,25,UK,Referral,2026-02-01,2026-02-01,valid
L00295,Onveer Oza,Rees LLC,onveer.oza@rees.com,992-992-9831x6873,CFO,Media,50,India,Trade Show,2024-10-19,2024-10-26,bounced
L01281,Mrs Eleanor Smith,Duncan Solutions,mrs.smith@duncan.com,(0306) 999 0886,Procurement Manager,Telecom,10,India,Referral,2024-12-15,2026-08-23,bounced
L00110,Wishi Agrawal,Frazier Solutions,wishi.agrawal@frazier.com,+441632960086,Engineering Manager,Media,10,UAE,Website,2026-06-03,2026-08-09,valid
L00955,Katherine Barrera,Walters Group,katherine.barrera@walters.com,+910495612137,Procurement Manager,Logistics,8000,UAE,LinkedIn Ads,2025-02-04,2025-03-24,valid
L00389,Vincent Bhat,Preston Group,vincent.bhat@preston.com,(0113) 4960695,CFO,Logistics,1200,UAE,Webinar,2025-02-15,2026-08-18,valid
L01327,Hardik Atwal,Bali Pvt Ltd,hardik.atwal@bali.com,+912615838821,Procurement Manager,Retail,3000,UK,Webinar,2026-05-31,2026-06-06,valid
L02124,PRANEEL NATT,RUSH Technologies,PRANEEL.NATT@RUSH.COM,+913444867228,VP Operations,Telecom,10,UK,Cold Outbound,2025-04-11,2026-05-01,valid
L00972,Dr George Shah,Khan Solutions,dr.shah@khan.com,03674978524,Procurement Manager,Manufacturing,500,Germany,Trade Show,2026-04-17,2026-04-17,bounced
L00291,Chase Anthony,Moreno Solutions,chase.anthony@moreno.com,02200543645,VP Operations,Real Estate,250,Singapore,Trade Show,2026-08-28,2026-08-28,valid
L01977,Derek Cole,Morris Corp,derek.cole@morris.com,+44(0)3069990128,Head of Sales,FinTech,120,Australia,Website,2026-04-28,2026-06-10,valid
L01931,Julia Fields,Ryan Ltd,julia.fields@ryan.com,216-968-1133x97367,VP Operations,EdTech,250,UK,Trade Show,2025-02-18,2025-03-23,valid
L01551,Ms Sarah Barker,Sengupta Group,ms.barker@sengupta.com,(998)731-2441x290,Growth Lead,Telecom,8000,Australia,Cold Outbound,2025-02-09,2026-07-16,valid
L00559,Anamika Behl,Barad Inc.,anamika.behl@barad.com,(0118) 496 0381,CFO,Media,25,Singapore,Trade Show,2026-01-08,2026-02-19,valid
L01046,Stacey Allen,Kaur Pvt Ltd,stacey.allen@kaur.com,03899827802,Founder,Media,25,UAE,Cold Outbound,2025-12-27,2026-08-03,valid
L00647,Inaya Mander,Moore Pvt Ltd,inaya.mander@moore.com,0292018821,VP Operations,E-commerce,250,India,Cold Outbound,2026-03-07,2026-09-17,valid
L00929,Paul Stone,Stevens Solutions,,001-658-626-3280,VP Operations,Retail,250,Germany,Website,2024-11-19,2026-07-04,valid
L01601,Joy Reid,Bansal Technologies,joy.reid@bansal.com,(234)344-3596x24587,Engineering Manager,Logistics,10,USA,Website,2025-04-04,2026-09-04,valid
L01183,Karen Johnson,Jackson Corp,karen.johnson@jackson.com,06614590110,CFO,Media,3000,UK,Referral,2026-05-04,2026-08-27,valid
L00284,Gary Brown,Wagner Pvt Ltd,gary.brown@wagner.com,0114 496 0417,IT Director,EdTech,50,India,LinkedIn Ads,2025-12-26,2026-06-06,valid
L00423,Mr Derek Pearce,Ward Group,mr.pearce@ward.com,+918325823868,CTO,Logistics,1200,UAE,Trade Show,2024-11-29,2026-06-07,valid
L01019,Aayush Wali,Rodriguez Corp,aayush.wali@rodriguez.com,6378360601,VP Operations,Real Estate,500,UAE,Trade Show,2025-01-12,2026-07-26,valid
L01544,Elizabeth Rowland,Evans Corp,elizabeth.rowland@evans.com,(0161)4960499,Procurement Manager,Healthcare,8000,UAE,Trade Show,2025-05-12,2026-08-01,valid
L01665,Chaman Kalita,Kaur Pvt Ltd,chaman.kalita@kaur.com,(339)346-1212,COO,Logistics,8000,UAE,Webinar,2025-08-23,2026-06-21,valid
L01057,Sneha Dugar,Patla LLC,sneha.dugar@patla.com,(0191) 4960937,IT Director,EdTech,3000,Australia,Webinar,2026-05-28,2026-05-28,valid
L01230,Shravya Chhabra,Griffiths Corp,,+1-853-491-2878x8486,Engineering Manager,Healthcare,120,USA,Website,2026-04-03,2026-09-11,valid
L00799,Riya Chacko,Gokhale Group,riya.chacko@gokhale.com,+911893974909,VP Operations,Real Estate,10,Singapore,Website,2024-12-20,2026-06-09,valid
L00557,Tony Walters,Buchanan LLC,,+44118 496 0434,Growth Lead,Manufacturing,120,Singapore,Webinar,2025-03-10,2026-07-13,valid
L01074,Albert King,Reed LLC,albert.king@reed.com,04203625863,VP Operations,E-commerce,25,Germany,Webinar,2025-07-30,2026-09-02,bounced
L00021,Kalpit Sundaram,Farrell Corp,kalpit.sundaram@farrell.com,0017012770,Engineering Manager,Real Estate,250,UK,Webinar,2024-10-23,2026-09-18,valid
L01314,Bhavika Ben,Wood Corp,bhavika.ben@wood.com,+44118 4960893,Procurement Manager,E-commerce,25,USA,Trade Show,2026-05-21,2026-07-03,valid
L01051,Thomas Ortiz,Taylor LLC,thomas.ortiz@taylor.com,9731539114,IT Director,FinTech,50,India,Website,2025-09-12,2026-08-26,valid
L01204,Maanav Lala,Nolan Solutions,,+1-316-950-3440x966,IT Director,Media,3000,UAE,Referral,2026-05-27,2026-06-24,valid
L02054,Mr Darren Wells ,WalshPvt Inc.,,(0116) 496 0856,CFO,Telecom,10,UK,Website,2025-12-07,2026-07-11,valid
L00510,Janya Date,Miller Solutions,janya.date@miller.com,029 2018993,Head of Sales,Real Estate,1200,Singapore,Cold Outbound,2025-12-29,2026-08-07,valid
L01060,Anthony Garrison,Alexander Ltd,anthony.garrison@alexander.com,+44(0)909 8790138,CTO,EdTech,10,Singapore,Website,2026-08-15,2026-08-15,valid
L01278,Tejas Dyal,Puri Ltd,tejas.dyal@puri.com,(0131)4960017,Engineering Manager,Media,1200,Singapore,Cold Outbound,2025-11-16,2026-05-29,valid
L00538,Dakshesh Parekh,Adams Ltd,dakshesh.parekh@adams.com,+1-375-845-1052x650,IT Director,Retail,8000,Australia,Webinar,2026-04-07,2026-09-23,valid
L02086,Louis Olsen ,Bir Group,LOUIS.OLSEN@BIR.COM,01632960082,IT Director,Real Estate,25,Germany,LinkedIn Ads,2025-06-23,2025-05-05,valid
L01663,Timothy Pollard,Roberts LLC,timothy.pollard@roberts.com,(0306)9990979,VP Operations,Logistics,500,UAE,Cold Outbound,2026-08-25,2026-08-25,valid
L01189,Anthony Moore,Whitehead Group,anthony.moore@whitehead.com,029 2018 0041,VP Operations,EdTech,1200,USA,Cold Outbound,2026-02-11,2026-09-02,valid
L00800,Saanvi Hayer,Sharaf Solutions,saanvi.hayer@sharaf.com,08081570970,CTO,EdTech,3000,Australia,Trade Show,2024-11-30,2024-12-13,valid
L02079,A. Basu,SANDERS Group,,08831141470,Procurement Manager,Logistics,3000,India,Cold Outbound,2024-10-16,2026-07-03,valid
L00494,Sydney Sanders,Harper Group,sydney.sanders@harper.com,+441144960836,CTO,FinTech,500,UAE,Referral,2025-09-30,2026-06-23,valid
L01300,Omisha Ramaswamy,Brown Solutions,omisha.ramaswamy@brown.com,+916362198655,Engineering Manager,Manufacturing,1200,UAE,Trade Show,2025-01-31,2026-09-10,valid
L01687,Amelia Norris-Walsh,Walsh Pvt Ltd,,582.495.8684x19623,CFO,Media,500,India,Referral,2024-12-05,2026-09-06,valid
L01623,Sara Wright,Misra Solutions,sara.wright@misra.com,756-734-0918x580,IT Director,Media,3000,USA,LinkedIn Ads,2024-10-07,2026-08-25,valid
L01126,Ridhi Chand,Martin Pvt Ltd,ridhi.chand@martin.com,+913867673820,Founder,FinTech,120,Australia,Website,2025-09-01,2026-07-28,valid
L00136,Cynthia Mitchell,Baldwin Pvt Ltd,,757.775.9492,Engineering Manager,Real Estate,8000,Singapore,Cold Outbound,2026-05-21,2026-05-21,valid
L01447,Qabil Shan,Taylor Group,qabil.shan@taylor.com,(689)466-6053,Founder,Telecom,3000,USA,Webinar,2026-02-07,2026-07-30,valid
L01357,Scott Cook,Ahmed Group,scott.cook@ahmed.com,08963595708,CTO,E-commerce,8000,UAE,LinkedIn Ads,2025-10-03,2026-06-26,valid
L00261,Dr Janice Williams,Connolly Technologies,dr.williams@connolly.com,+1-327-223-8656x24220,VP Operations,FinTech,120,UK,LinkedIn Ads,2025-04-07,2026-05-31,valid
L00386,Jeremiah Deshmukh,Mall Inc.,jeremiah.deshmukh@mall.com,810.530.3723,IT Director,Retail,500,India,Webinar,2025-08-18,2026-06-30,valid
L00140,Bina Desai,Mallick Solutions,bina.desai@mallick.com,8165803928,VP Operations,FinTech,500,UAE,Website,2025-10-15,2025-10-15,valid
L01242,Sheila Griffin,Mani Technologies,sheila.griffin@mani.com,(868)934-8268x99962,CFO,Logistics,1200,India,Website,2025-12-15,2025-12-15,valid
L01904,Radha Khurana,Smith Ltd,radha.khurana@smith.com,5089512370,VP Operations,Telecom,25,USA,Referral,2025-10-24,2026-09-24,valid
L00469,Bernard Hall,Doyle Ltd,bernard.hall@doyle.com,001-814-975-4692x6329,Growth Lead,Logistics,120,Singapore,Trade Show,2025-10-09,2026-08-05,valid
L00370,Dr. Douglas Ward MD,Smith Ltd,dr.md@smith.com,4856257287,IT Director,Media,3000,Singapore,Website,2025-07-18,2026-06-07,valid
L01148,Sian Ali-Morris,Raja Solutions,sian.ali-morris@raja.com,(482)554-3183x281,CTO,Retail,500,Singapore,Webinar,2025-06-24,2025-08-03,valid
L00307,Elizabeth Mccormick,Elliott Solutions,elizabeth.mccormick@elliott.com,454.402.5472x9284,COO,E-commerce,25,Australia,LinkedIn Ads,2025-04-07,2026-06-09,valid
L00444,Miss Denise Jackson,Bhagat Ltd,miss.jackson@bhagat.com,+44306 999 0227,Engineering Manager,Media,50,USA,Referral,2025-12-08,2026-09-17,valid
L01322,Gregory Fletcher,Cheema LLC,gregory.fletcher@cheema.com,+44306 999 0620,COO,E-commerce,3000,UK,Webinar,2024-10-17,2024-11-16,valid
L01407,Timothy Acharya,Turner Corp,timothy.acharya@turner.com,+449098790898,Head of Sales,Manufacturing,50,Australia,Webinar,2025-04-24,2026-07-13,valid
L00595,Ikbal Chada,Rees Corp,ikbal.chada@rees.com,001-916-363-6515x5973,VP Operations,Media,250,Australia,LinkedIn Ads,2025-11-09,2026-05-30,valid
L00506,Mr. Ronnie Davies DVM,Sheppard Group,mr.dvm@sheppard.com,+917178333211,Procurement Manager,Retail,120,UAE,Cold Outbound,2026-01-18,2026-03-07,valid
L01922,Melissa Lawrence,Moody Pvt Ltd,melissa.lawrence@moody.com,+44(0)9098790906,CTO,Media,1200,India,Webinar,2026-04-02,2026-06-12,valid
L01402,Dr Claire Moore,White Inc.,dr.moore@white.com,+443069990974,Procurement Manager,EdTech,25,USA,Webinar,2024-11-01,2024-12-27,valid
L00915,Ms Sheila Armstrong,Chad Inc.,ms.armstrong@chad.com,+910756335357,CFO,Manufacturing,8000,UAE,Cold Outbound,2025-05-08,2025-06-13,valid
L00738,Edward Webster,Dhar Corp,edward.webster@dhar.com,+44(0)121 496 0819,Engineering Manager,Logistics,3000,UAE,Website,2025-04-06,2025-05-02,valid
L00682,Mr. Donald Cruz PhD,Khanna Pvt Ltd,mr.phd@khanna.com,2495670667,Growth Lead,Healthcare,25,India,LinkedIn Ads,2026-05-01,2026-09-16,valid
L01749,Sarthak Dalal,Saran Inc.,sarthak.dalal@saran.com,746-639-4762,Growth Lead,Healthcare,25,India,Referral,2025-11-25,2026-06-29,valid
L01671,Ruth Russell-Cooper,Anderson Pvt Ltd,ruth.russell-cooper@anderson.com,+44191 496 0309,COO,Retail,1200,Australia,Webinar,2026-01-16,2026-01-16,valid
L00646,Dhruv Menon,Sharma Technologies,dhruv.menon@sharma.com,203.249.1074x065,VP Operations,Manufacturing,3000,India,Website,2025-08-26,2026-06-30,valid
L01405,Advaith Ganesan,Ward Group,,+4428 9018860,Growth Lead,E-commerce,500,Australia,Webinar,2026-01-01,2026-09-14,valid
L00907,Roger Moss,Sullivan Pvt Ltd,roger.moss@sullivan.com,0113 4960442,Growth Lead,Real Estate,250,UK,Trade Show,2025-09-24,2026-08-03,bounced
L00521,Katie Taylor,Mohan Solutions,katie.taylor@mohan.com,+44(0)116 4960087,Founder,Real Estate,250,Singapore,Cold Outbound,2026-06-17,2026-09-26,valid
L01093,Qabil Babu,Beck Pvt Ltd,qabil.babu@beck.com,+44151 4960492,Head of Sales,E-commerce,25,UAE,Cold Outbound,2026-01-01,2026-08-29,bounced
L01567,Nicholas Wright,Bull Group,nicholas.wright@bull.com,+1-266-727-0266x045,Founder,Manufacturing,120,Germany,Cold Outbound,2026-08-11,2026-08-11,valid
L01475,Debra Bryant,Quinn Solutions,debra.bryant@quinn.com,337.881.9190x74992,VP Operations,E-commerce,3000,India,Referral,2025-04-09,2026-08-01,valid
L00066,Gunbir Bal,Kota Pvt Ltd,gunbir.bal@kota.com,(641)371-4677,VP Operations,Logistics,50,UAE,LinkedIn Ads,2025-04-08,2026-09-02,valid
L00106,Julian Giles,Kala Technologies,julian.giles@kala.com,+913758997571,Engineering Manager,EdTech,8000,UK,Website,2025-02-19,2026-09-24,valid
L01063,Wendy Morgan,Lane Pvt Ltd,wendy.morgan@lane.com,001-900-700-1529x11371,Head of Sales,Real Estate,3000,Singapore,Cold Outbound,2025-01-29,2026-06-29,valid
L01231,Robert Rogers,Dass Corp,robert.rogers@dass.com,09271472463,Growth Lead,FinTech,25,UK,LinkedIn Ads,2026-08-12,2026-08-12,valid
L00570,Imaran Kapur,Wood Technologies,imaran.kapur@wood.com,751-495-1510x9226,Growth Lead,E-commerce,25,USA,Cold Outbound,2026-04-12,2026-07-26,valid
L01530,Connor Noble,Bird Ltd,connor.noble@bird.com,0131 4960534,COO,Real Estate,3000,UAE,Website,2025-12-19,2026-06-07,valid
L00169,Lynda Ward,Thaman Inc.,lynda.ward@thaman.com,+44306 999 0271,Procurement Manager,Healthcare,500,UK,Website,2024-11-10,2026-06-07,valid
L00294,Craig Cooper,Combs Technologies,craig.cooper@combs.com,335.943.5209x042,Founder,Media,500,USA,Website,2025-11-08,2025-11-22,valid
L00123,Eesha Vora,Davison LLC,eesha.vora@davison.com,(381)782-6886,Founder,Telecom,8000,USA,Cold Outbound,2026-06-12,2026-07-17,valid
L00103,Timothy Wagner,Butler Pvt Ltd,timothy.wagner@butler.com,02175354083,Head of Sales,Healthcare,10,Australia,Website,2024-11-18,2026-07-21,valid
L01025,Mr Shane Scott,Khan LLC,mr.scott@khan.com,(0131)4960056,VP Operations,EdTech,1200,Australia,Referral,2026-01-15,2026-06-09,valid
L00166,Ranveer Tara,Hughes Group,ranveer.tara@hughes.com,(0117) 496 0334,Procurement Manager,Logistics,8000,Singapore,Webinar,2025-04-18,2026-06-12,valid
L02078,M. Perkins,Walsh Group,MARY.PERKINS@WALSH.COM,06590705549,IT Director,E-commerce,250,UAE,Trade Show,2026-05-18,2026-05-09,valid
L00439,Jamie Wu,Kala Technologies,jamie.wu@kala.com,(0114) 4960207,VP Operations,E-commerce,50,UK,Website,2025-12-05,2026-06-09,valid
L00170,Bernard Saunders,Cooper Technologies,bernard.saunders@cooper.com,4366915594,Head of Sales,Retail,250,UAE,Cold Outbound,2024-10-26,2026-09-05,valid
L00255,Kimberly Dickson,Misra Solutions,kimberly.dickson@misra.com,+915396695832,Procurement Manager,Logistics,10,UK,Referral,2026-07-18,2026-07-18,valid
L01468,Rodney Stewart,Iyengar Group,rodney.stewart@iyengar.com,+44306 999 0461,Engineering Manager,EdTech,25,UAE,Webinar,2026-03-09,2026-03-09,valid
L01952,Howard Oliver-Brown,Jones Group,howard.oliver-brown@jones.com,(774)249-2343x5969,Procurement Manager,Retail,250,USA,Website,2025-01-29,2026-07-03,valid
L01810,Diane Ford-Allen,Banik LLC,diane.ford-allen@banik.com,05022347780,COO,Logistics,120,Germany,Webinar,2025-04-26,2026-06-27,valid
L01635,Nikita Deo,James LLC,nikita.deo@james.com,+913596053026,IT Director,Logistics,120,UAE,Webinar,2026-07-14,2026-09-15,valid
L00326,Matthew Watkins,Stevens Solutions,matthew.watkins@stevens.com,+914014011939,Head of Sales,Manufacturing,250,Australia,Webinar,2026-05-20,2026-05-20,valid
L00369,Yahvi Tailor,Sarna Corp,yahvi.tailor@sarna.com,02158624150,VP Operations,Real Estate,250,Germany,Webinar,2024-11-06,2026-07-13,valid
L01672,Saksham Rana,Das Corp,saksham.rana@das.com,4802926166,IT Director,Media,250,USA,Webinar,2024-10-25,2024-10-31,valid
L00012,Logan Grover,Price Group,logan.grover@price.com,09050723688,VP Operations,Healthcare,500,UAE,Referral,2026-03-06,2026-08-16,valid
L00286,Laura Taylor,Wood Corp,laura.taylor@wood.com,001-909-525-1142x62582,CTO,Logistics,3000,UK,Webinar,2025-01-04,2026-08-02,valid
L00489,Bhanumati Prashad,Gaba Ltd,bhanumati.prashad@gaba.com,+44(0)2074960715,Head of Sales,Retail,8000,India,Referral,2025-04-30,2026-09-08,valid
L01113,Chandran Ganguly,Green Solutions,chandran.ganguly@green.com,+44(0)121 4960026,CFO,Healthcare,50,Singapore,Cold Outbound,2026-01-05,2026-07-10,valid
L00777,Mr Guy Jones,Stanley Group,mr.jones@stanley.com,+913854457702,Procurement Manager,Logistics,3000,Australia,Cold Outbound,2026-07-22,2026-07-22,valid
L00235,Josh Burns,Saran Inc.,josh.burns@saran.com,4169224999,VP Operations,Logistics,50,Germany,Webinar,2025-11-09,2025-11-25,valid
L00650,Christina Taylor,Jimenez Technologies,christina.taylor@jimenez.com,(0117) 496 0441,CFO,Logistics,500,Germany,Trade Show,2025-03-23,2026-08-05,valid
L01884,Marc Brown,Bal Corp,marc.brown@bal.com,+44(0)1174960196,VP Operations,Healthcare,10,India,LinkedIn Ads,2025-12-05,2026-09-09,valid
L00401,Riya Pai,Carter Group,riya.pai@carter.com,+44141 4960341,Procurement Manager,Media,1200,Singapore,LinkedIn Ads,2025-03-05,2026-07-15,valid
L01911,Mahika Raj,Zachariah LLC,mahika.raj@zachariah.com,363.730.4117x6142,Founder,Media,1200,Singapore,Cold Outbound,2026-01-13,2026-09-21,valid
L01626,Rachel Gardner,Clarke Technologies,rachel.gardner@clarke.com,580-739-6620,Founder,Retail,1200,Germany,LinkedIn Ads,2025-07-22,2025-08-31,valid
L00927,Sheila Perez,Moore Pvt Ltd,sheila.perez@moore.com,+1-780-703-7003x3228,Procurement Manager,E-commerce,3000,UK,Webinar,2026-03-18,2026-03-27,valid
L01150,Adam Davis,Taylor Technologies,adam.davis@taylor.com,(347)923-8750x82768,VP Operations,Healthcare,10,Germany,Website,2025-02-17,2025-03-09,valid
L00996,Gaurika Sharma,Ryan Pvt Ltd,gaurika.sharma@ryan.com,5450891776,IT Director,Media,50,India,Website,2026-03-18,2026-09-14,valid
L01472,Udyati Mital,Kelly Pvt Ltd,udyati.mital@kelly.com,+44(0)191 4960024,COO,Manufacturing,3000,India,Referral,2025-02-01,2025-02-28,valid
L00740,Jai Saran,Walker Corp,jai.saran@walker.com,(0131)4960205,VP Operations,E-commerce,120,Singapore,Cold Outbound,2025-10-29,2026-09-16,valid
L02064,J. Gilbert,Holden Technologies,JOEL.GILBERT@HOLDEN.COM,03956784460,VP Operations,FinTech,3000,Singapore,Cold Outbound,2025-03-08,2026-07-01,valid
L01507,Chakradev Cheema,Chambers Group,chakradev.cheema@chambers.com,0306 9990625,Founder,Retail,10,Germany,LinkedIn Ads,2025-08-18,2025-09-20,valid
L01916,Udant Mammen,Baker Technologies,udant.mammen@baker.com,9404629118,Head of Sales,Media,120,Australia,LinkedIn Ads,2026-03-19,2026-06-29,valid
L01348,Brian Rice,Cooke LLC,brian.rice@cooke.com,03643159489,Growth Lead,EdTech,500,Australia,Webinar,2026-01-11,2026-01-24,valid
L01410,Ms Julie Walker,Harrison Pvt Ltd,ms.walker@harrison.com,04184937846,Procurement Manager,Retail,3000,India,Referral,2024-11-06,2024-11-15,valid
L00316,Eric Mcneil,Shepherd Pvt Ltd,eric.mcneil@shepherd.com,0131 4960196,Founder,Media,120,UAE,Referral,2026-02-26,2026-02-26,valid
L01946,Marilyn Watts-Taylor,Nagy Inc.,marilyn.watts-taylor@nagy.com,001-369-964-5359,Engineering Manager,Media,500,Australia,Website,2025-07-13,2026-07-10,valid
L00767,Ms. Janet Leonard,Desai Technologies,ms.leonard@desai.com,2599438976,Procurement Manager,E-commerce,120,Australia,LinkedIn Ads,2024-12-29,2026-08-06,valid
L01845,Francesca Barnett,Andrews Group,francesca.barnett@andrews.com,+4420 7496 0318,Founder,Logistics,25,India,Website,2024-11-04,2024-11-14,valid
L00791,Ruth White-Fowler,Srinivas Technologies,ruth.white-fowler@srinivas.com,(684)403-5954,Engineering Manager,Manufacturing,500,Singapore,Cold Outbound,2025-05-14,2026-08-28,valid
L00539,Frado Wadhwa,Tomlinson Pvt Ltd,frado.wadhwa@tomlinson.com,(0116) 496 0617,VP Operations,EdTech,500,UAE,Website,2024-12-25,2026-07-12,bounced
L00274,Hazel Bailey,Dube Group,hazel.bailey@dube.com,6615817534,CTO,EdTech,8000,Australia,Webinar,2025-02-12,2025-02-18,valid
L01958,Cory Henderson,Venkataraman Corp,cory.henderson@venkataraman.com,04394689633,VP Operations,Logistics,120,Singapore,Cold Outbound,2026-08-14,2026-08-14,valid
L00160,Heather Pena,Mittal LLC,heather.pena@mittal.com,246-356-6938,Engineering Manager,Healthcare,50,Australia,LinkedIn Ads,2025-01-28,2026-06-09,valid
L00632,Carly Brooks-Kennedy,Johnston Corp,carly.brooks-kennedy@johnston.com,001-313-307-2407x8754,Founder,Manufacturing,500,Germany,Trade Show,2026-08-23,2026-08-23,valid
L00794,Kritika Sundaram,Wells Ltd,kritika.sundaram@wells.com,+44116 4960872,Growth Lead,Media,250,USA,Webinar,2024-12-25,2026-06-17,valid
L00377,Diane Yates,Korpal Technologies,diane.yates@korpal.com,+44114 496 0896,CTO,Telecom,50,Singapore,Cold Outbound,2026-01-25,2026-07-12,valid
L00338,Krisha Savant,Harding Pvt Ltd,krisha.savant@harding.com,+910284276246,Engineering Manager,Media,8000,Australia,Cold Outbound,2026-01-26,2026-07-09,valid
L01776,Ashley Roberts,Williams Group,ashley.roberts@williams.com,0131 496 0341,VP Operations,Media,1200,Germany,Referral,2024-12-02,2026-07-12,valid
L01418,David Anderson,Khosla Group,david.anderson@khosla.com,617-532-7726,Procurement Manager,FinTech,8000,UK,Webinar,2025-08-24,2026-08-14,valid
L02138,J. Wilson,Allen Pvt Technologies,JOSH.WILSON@ALLEN.COM,+442074960285,CTO,Retail,500,USA,Referral,2026-06-29,2026-08-11,valid
L00686,Amanda Hunt-Jones,Mammen LLC,,(804)241-3845,VP Operations,Healthcare,10,Singapore,Webinar,2024-12-18,2026-07-16,valid
L01409,Akshay Dixit,Chander Inc.,akshay.dixit@chander.com,00003056619,Founder,EdTech,1200,India,Referral,2026-04-18,2026-09-21,valid
L01669,Joseph Payne,Chauhan Ltd,joseph.payne@chauhan.com,+915841680613,Founder,Healthcare,10,Germany,LinkedIn Ads,2026-03-14,2026-03-14,valid
L01838,Marilyn Davies-Oliver,Leonard Group,marilyn.davies-oliver@leonard.com,279-211-5010x16260,COO,Telecom,250,USA,Cold Outbound,2024-12-18,2026-09-18,valid
L00220,Kelly Gregory,Bhagat Ltd,kelly.gregory@bhagat.com,+4429 2018363,Growth Lead,Logistics,50,USA,Webinar,2026-01-25,2026-06-16,valid
L00076,Michael Powell,Welch Pvt Ltd,michael.powell@welch.com,+44(0)909 879 0902,COO,Healthcare,120,UAE,Trade Show,2026-04-06,2026-04-06,valid
L00949,Hunter Powell,Singh Solutions,hunter.powell@singh.com,+442074960456,Engineering Manager,Telecom,1200,Australia,Webinar,2025-08-16,2025-09-13,valid
L00850,Harrison Chana,Parker Corp,harrison.chana@parker.com,+44141 4960597,IT Director,FinTech,50,UAE,Website,2026-02-03,2026-07-12,valid
L01258,Caroline Thomas,Chawla LLC,caroline.thomas@chawla.com,+916950074189,Founder,Media,25,Australia,Trade Show,2024-10-27,2026-09-19,valid
L00486,Shirley Wood,Sodhi Solutions,shirley.wood@sodhi.com,+913362934497,VP Operations,Healthcare,10,USA,Trade Show,2026-02-14,2026-09-07,valid
L01161,Raghav Ghose,Raj Ltd,raghav.ghose@raj.com,9487797888,CTO,EdTech,250,Germany,Webinar,2025-10-06,2025-10-06,valid
L00717,Abha Bhagat,Varma Corp,abha.bhagat@varma.com,03504763928,Growth Lead,Retail,250,Singapore,Trade Show,2024-10-27,2026-09-01,valid
L01512,Billy Parkinson,Alvarez Inc.,billy.parkinson@alvarez.com,07718375307,Procurement Manager,Manufacturing,25,UAE,Cold Outbound,2026-07-02,2026-07-02,valid
L01570,Georgia Matthews,Turner Ltd,,+916076264385,Procurement Manager,Retail,500,UK,Webinar,2025-12-13,2026-08-11,valid
L01639,Fiona Peacock,Mcdonald Group,fiona.peacock@mcdonald.com,+44(0)1514960953,CTO,Media,25,Australia,Website,2025-12-25,2026-07-04,valid
L00029,Wriddhish Talwar,Francis Group,wriddhish.talwar@francis.com,+913791805526,Procurement Manager,E-commerce,250,Singapore,Trade Show,2026-02-17,2026-07-18,valid
L01013,Phillip Slater-Hayward,Karan Inc.,phillip.slater-hayward@karan.com,+44909 879 0202,CTO,Real Estate,120,India,Cold Outbound,2024-10-14,2026-06-30,valid
L00210,Jeffrey Wolfe,Bryant Ltd,jeffrey.wolfe@bryant.com,683.876.9389x8331,VP Operations,Telecom,250,Australia,Website,2026-02-16,2026-08-10,valid
L02098,Ms Frances White ,Harmon Corp,MS.WHITE@HARMON.COM,0115 4960660,Procurement Manager,Retail,8000,USA,Referral,2026-08-29,2026-06-30,valid
L01605,Keya Nadkarni,Cooper Technologies,keya.nadkarni@cooper.com,001-240-555-3648x18754,Founder,Telecom,250,Germany,Cold Outbound,2025-07-22,2025-07-31,valid
L00109,Ashley Perry,Velasquez Group,ashley.perry@velasquez.com,+44(0)808 1570917,Founder,EdTech,25,UAE,Cold Outbound,2025-05-24,2026-06-29,valid
L01655,Casey Ramirez,Wagner Corp,casey.ramirez@wagner.com,247.919.9829,Founder,FinTech,25,Germany,Referral,2025-06-20,2026-08-28,valid
L00840,Catherine Lee,Pai Group,catherine.lee@pai.com,442.661.9237,Engineering Manager,Real Estate,1200,India,Referral,2025-01-03,2026-07-25,valid
L01717,Varsha Raju,Kakar Ltd,varsha.raju@kakar.com,+44(0)9098790094,Procurement Manager,Media,120,Australia,Referral,2024-11-03,2024-12-22,valid
L00895,Nathaniel Doshi,Smith Pvt Ltd,nathaniel.doshi@smith.com,(318)296-2887x43127,CTO,Logistics,250,Singapore,Website,2025-06-28,2026-07-15,valid
L00520,Chanchal Dass,Tandon Inc.,chanchal.dass@tandon.com,318-526-0688x87189,Founder,Manufacturing,3000,Germany,LinkedIn Ads,2026-09-01,2026-09-01,valid
L01309,Rachael Butcher-Price,Fitzgerald LLC,rachael.butcher-price@fitzgerald.com,01632960453,Engineering Manager,Telecom,250,Australia,Website,2025-08-14,2026-09-04,valid
L01886,Andrew Rivera,Quinn Solutions,andrew.rivera@quinn.com,+44808 157 0982,CFO,Healthcare,10,Germany,Webinar,2025-12-27,2026-01-06,valid
L00222,Lauren Sutton,Basak Technologies,lauren.sutton@basak.com,(348)326-2925,Founder,Media,8000,UK,Webinar,2025-02-02,2026-07-16,valid
L01614,Mathew Williams,Pillai Corp,mathew.williams@pillai.com,6422405920,Head of Sales,Real Estate,120,Australia,Webinar,2026-04-13,2026-06-20,valid
L00645,Idika Mani,Hodges Solutions,idika.mani@hodges.com,4726728498,COO,Real Estate,8000,UK,LinkedIn Ads,2025-04-11,2026-09-11,valid
L00875,Mrs Brenda Day,Taylor Technologies,mrs.day@taylor.com,03580688285,Growth Lead,Real Estate,500,UK,Trade Show,2026-07-23,2026-07-23,valid
L01043,Christopher Hammond,Murthy Ltd,,1975437347,Head of Sales,Manufacturing,10,UAE,Referral,2026-08-16,2026-08-16,valid
L01354,Reyansh Mangat,Desai Technologies,reyansh.mangat@desai.com,01632 960655,VP Operations,Retail,250,UAE,Cold Outbound,2025-07-05,2026-08-20,valid
L00881,Roy Lopez,D’Alia Ltd,roy.lopez@d’alia.com,08081570136,Founder,Media,500,Australia,Cold Outbound,2026-01-14,2026-08-30,valid
L01499,Anay Ratta,Taylor Pvt Ltd,anay.ratta@taylor.com,+44292018441,Procurement Manager,Media,3000,UAE,Webinar,2026-06-24,2026-08-02,valid
L01702,Mr Neil Haynes,Lane Pvt Ltd,,+44151 496 0077,IT Director,Manufacturing,500,UK,LinkedIn Ads,2026-02-12,2026-08-25,valid
L01534,Neha De,Morar Group,neha.de@morar.com,3202227111,Head of Sales,Manufacturing,500,Singapore,Trade Show,2026-02-19,2026-02-19,valid
L02013,T. Guzman,nolan,,(0191)4960907,CFO,EdTech,1200,UK,Referral,2026-07-29,2026-05-08,valid
L00097,Roger Henry,Davies LLC,roger.henry@davies.com,+1-611-997-2181x14374,Procurement Manager,EdTech,500,Singapore,LinkedIn Ads,2025-05-17,2026-08-12,valid
L01277,Philip Edwards,Moore Solutions,philip.edwards@moore.com,+1-439-744-9530x06776,Head of Sales,Healthcare,8000,Germany,Cold Outbound,2024-12-09,2026-08-03,valid
L02090,F. Smith,Wright Inc.,FREDERICK.SMITH@WRIGHT.COM,4314872255,Engineering Manager,Logistics,10,Germany,Webinar,2025-06-16,2025-06-25,valid
L02031,Fiona Peacock ,Mcdonald Technologies,FIONA.PEACOCK@MCDONALD.COM,+910093582016,CTO,Media,25,Australia,LinkedIn Ads,2025-12-25,2026-05-08,valid
L01315,Brooke Perry,Kent Inc.,brooke.perry@kent.com,254-330-7963x7310,Engineering Manager,Real Estate,120,India,LinkedIn Ads,2026-03-18,2026-03-19,bounced
L01028,Kristina Wilson,Holland Solutions,kristina.wilson@holland.com,678.285.1905x3486,Engineering Manager,Healthcare,1200,India,Trade Show,2025-04-15,2026-07-02,valid
L01262,Jagvi Sarma,Williams Solutions,jagvi.sarma@williams.com,3526806486,Head of Sales,Real Estate,3000,India,LinkedIn Ads,2024-12-23,2026-07-01,valid
L01288,Miss Harriet Walton,Sanghvi Corp,miss.walton@sanghvi.com,+4420 7496 0597,Founder,Logistics,25,India,Trade Show,2025-03-02,2026-07-12,valid
L00257,Ben Duffy,Sekhon Inc.,ben.duffy@sekhon.com,+914619196570,CFO,Healthcare,120,Germany,Webinar,2025-10-13,2026-08-04,valid
L01068,Kayla Ewing,Sengupta Ltd,kayla.ewing@sengupta.com,0542960807,IT Director,FinTech,10,Australia,Referral,2025-07-15,2026-08-20,valid
L01459,Peter Jones,Williams Ltd,peter.jones@williams.com,001-379-241-9324x538,Founder,Telecom,250,USA,Trade Show,2024-11-23,2026-06-10,valid
L02116,W. Rana,williams,WAIDA.RANA@WILLIAMS.COM,00811260030,CTO,Retail,500,UK,Referral,2025-11-25,2025-10-13,valid
L01759,Clare Wall,Moody Pvt Ltd,clare.wall@moody.com,+911571171321,Growth Lead,FinTech,120,UAE,Cold Outbound,2026-07-25,2026-07-25,valid
L01386,Dr Jean Harding,Hall Technologies,dr.harding@hall.com,4196234219,CTO,EdTech,10,Germany,Cold Outbound,2026-02-23,2026-06-24,valid
L00147,Christopher Mullen,Sahni Ltd,christopher.mullen@sahni.com,020 7946 0041,Procurement Manager,Telecom,25,UAE,Webinar,2026-03-14,2026-06-28,valid
L01828,Sathvik Agrawal,Butler Pvt Ltd,sathvik.agrawal@butler.com,8288532727,Growth Lead,Retail,500,UK,Website,2025-04-07,2026-06-23,valid
L00601,David Scott-Curtis,Saraf Corp,,+1-779-510-3368x2963,Growth Lead,EdTech,50,UAE,Referral,2026-09-06,2026-09-06,valid
L00131,Ellie Connor-Davies,Doyle Ltd,ellie.connor-davies@doyle.com,+44(0)28 9018 0508,Founder,Media,250,Australia,Cold Outbound,2026-08-10,2026-08-10,valid
L00272,Radhika Arora,Badami Ltd,radhika.arora@badami.com,06580185694,Founder,Logistics,120,UAE,Trade Show,2026-08-01,2026-08-01,bounced
L00176,Kate Mistry-Daly,Smith Solutions,kate.mistry-daly@smith.com,+1-656-699-6112x5355,Growth Lead,Telecom,3000,Australia,Webinar,2024-12-02,2026-06-01,valid
L00477,Jennifer Thomas,Mann Pvt Ltd,jennifer.thomas@mann.com,(0115) 496 0558,VP Operations,Manufacturing,10,UAE,Cold Outbound,2025-06-19,2026-06-07,valid
L00709,Yashica Nayak,Zachariah Group,yashica.nayak@zachariah.com,08150618538,VP Operations,EdTech,25,UK,Webinar,2025-10-22,2026-06-02,valid
L00233,April Cannon,Bail Corp,april.cannon@bail.com,877.980.9733x977,CTO,Retail,3000,Germany,Referral,2025-08-07,2026-08-04,valid
L02017,F. Wadhwa,TomlinsonPvt Corp,FRADO.WADHWA@TOMLINSON.COM,4959752135,VP Operations,EdTech,500,UAE,Cold Outbound,2024-12-25,2026-04-15,bounced
L00652,Triya Bala,Kohli Corp,triya.bala@kohli.com,+44113 496 0612,Procurement Manager,FinTech,50,UK,Referral,2025-12-14,2026-08-10,valid
L01757,Andrea Oliver,Narula Inc.,,642.413.4854,COO,Real Estate,25,Singapore,Webinar,2026-04-11,2026-09-18,valid
L00829,Isaiah Soni,Davis LLC,isaiah.soni@davis.com,08729047742,CFO,Retail,1200,USA,LinkedIn Ads,2026-06-07,2026-07-03,valid
L01478,Vincent Ortiz,Smith Solutions,vincent.ortiz@smith.com,02202123720,Engineering Manager,Media,25,UAE,Referral,2025-10-27,2026-08-17,valid
L01089,Alan Potter,Shaw Technologies,alan.potter@shaw.com,+44117 496 0123,Engineering Manager,Real Estate,3000,Singapore,Trade Show,2025-08-10,2026-07-25,valid
L00190,Elliot Blake,Fields Corp,elliot.blake@fields.com,4350313650,VP Operations,Media,3000,Singapore,Referral,2025-03-19,2025-05-03,valid
L02053,A. Potter,SHAW Corp,,+44117 496 0123,Engineering Manager,Real Estate,3000,Singapore,Trade Show,2025-08-10,2026-05-26,valid
L00834,Mohamed Glover,Bansal Solutions,mohamed.glover@bansal.com,4156082137,Engineering Manager,Telecom,500,Germany,Trade Show,2025-01-21,2026-06-15,valid
L02088,J. Dawson,Dave Solutions,JASON.DAWSON@DAVE.COM,(0131) 4960571,COO,Media,120,USA,Trade Show,2026-05-30,2026-05-09,valid
L00537,Jacob Mannan,Puri Ltd,jacob.mannan@puri.com,04430963480,Founder,Telecom,500,Australia,Referral,2025-10-18,2026-09-24,valid
L00429,Paul Hutchinson,Jones Solutions,paul.hutchinson@jones.com,+441164960687,VP Operations,Retail,250,USA,Webinar,2026-06-13,2026-06-13,valid
L00830,Gopal Sridhar,Om Corp,gopal.sridhar@om.com,9323822311,Procurement Manager,Healthcare,50,UAE,Website,2025-03-02,2025-04-13,valid
L00143,Kelly Gallegos,Dube Group,kelly.gallegos@dube.com,+44118 4960989,CFO,Manufacturing,3000,Singapore,LinkedIn Ads,2025-06-21,2026-06-24,valid
L01686,Jasmit Comar,Middleton Technologies,jasmit.comar@middleton.com,+44121 4960186,Growth Lead,Healthcare,500,Germany,Webinar,2026-08-12,2026-08-12,valid
L00296,Priya Koshy,Santiago Inc.,priya.koshy@santiago.com,869-839-2906x00780,Founder,Media,250,UK,LinkedIn Ads,2026-05-26,2026-07-06,valid
L02095,Amanda Tran ,CAMPBELL Solutions,AMANDA.TRAN@CAMPBELL.COM,05809579475,Engineering Manager,EdTech,120,USA,Cold Outbound,2026-05-24,2026-04-09,valid
L00827,Damini Raval,Mitchell Group,damini.raval@mitchell.com,+44(0)1314960495,CFO,Media,500,Australia,LinkedIn Ads,2025-07-06,2026-08-18,valid
L00607,Wendy Allen,Crawford Group,wendy.allen@crawford.com,+919609626265,CFO,Manufacturing,3000,Germany,Website,2026-02-24,2026-03-08,valid
L01983,Ekaja Shan,Murphy LLC,ekaja.shan@murphy.com,6345418299,Founder,Logistics,250,USA,LinkedIn Ads,2025-02-16,2025-03-21,valid
L01096,Parth Gupta,Medina Inc.,parth.gupta@medina.com,(834)226-6980,Growth Lead,E-commerce,50,Germany,Cold Outbound,2025-12-30,2025-12-30,valid
L00964,Dr Terry Evans,White Corp,dr.evans@white.com,560-460-5603x567,VP Operations,Media,120,USA,Webinar,2026-02-16,2026-07-24,valid
L00665,Rachael McDonald,Reid Solutions,rachael.mcdonald@reid.com,03312661094,VP Operations,E-commerce,120,UK,LinkedIn Ads,2025-07-09,2025-08-15,valid
L01724,Avi Gala,Price Group,avi.gala@price.com,451.874.6564,IT Director,Media,3000,Australia,Trade Show,2025-12-21,2026-08-15,valid
L01681,Anjali Nayar,Clarke Group,anjali.nayar@clarke.com,+1-241-635-6948,Head of Sales,Media,120,USA,Cold Outbound,2026-04-13,2026-06-19,valid
L01362,Amy Perez,Chauhan Inc.,amy.perez@chauhan.com,+912289466527,Founder,Healthcare,50,India,Cold Outbound,2025-12-20,2026-07-06,valid
L00063,Jay Holland,Edwin Inc.,jay.holland@edwin.com,+44116 496 0962,Head of Sales,E-commerce,1200,Australia,Webinar,2024-11-08,2026-07-20,valid
L01440,Mary Garner,Tara Corp,mary.garner@tara.com,0306 999 0070,Procurement Manager,Media,50,Australia,Webinar,2025-07-20,2026-07-29,valid
L01406,Jagat Balay,Manda Inc.,jagat.balay@manda.com,(627)606-6489x0082,Growth Lead,Telecom,1200,Singapore,Website,2025-10-07,2026-06-14,valid
L00677,Bruce Gilbert,Bartlett Pvt Ltd,bruce.gilbert@bartlett.com,03560331903,COO,Retail,500,USA,Website,2026-08-24,2026-08-24,valid
L00019,Aaron Johnson,Mendoza Pvt Ltd,aaron.johnson@mendoza.com,01168457759,COO,Manufacturing,250,UAE,LinkedIn Ads,2026-05-09,2026-08-24,valid
L01949,Carole Brown-Harrison,Palmer Corp,carole.brown-harrison@palmer.com,0690149711,Procurement Manager,E-commerce,8000,Germany,LinkedIn Ads,2026-09-01,2026-09-01,valid
L00358,Nitara Natarajan,Jarvis LLC,nitara.natarajan@jarvis.com,0151 496 0124,Founder,Retail,250,Australia,Referral,2026-03-18,2026-03-18,valid
L01883,Jeff Palmer,Pollard Solutions,jeff.palmer@pollard.com,+44115 496 0876,Head of Sales,EdTech,1200,India,Cold Outbound,2026-05-27,2026-06-22,valid
L01496,Jenna Jones-Francis,Guha Inc.,jenna.jones-francis@guha.com,001-603-950-0618,Engineering Manager,Logistics,8000,Germany,Referral,2026-08-21,2026-09-22,valid
L00580,Martyn Ellis,Lloyd Group,martyn.ellis@lloyd.com,8436241862,CFO,FinTech,250,Germany,Website,2026-07-16,2026-08-20,valid
L01604,Catherine Morrison,Nagy Inc.,catherine.morrison@nagy.com,03069990702,IT Director,E-commerce,1200,Australia,Webinar,2024-10-31,2026-06-12,valid
L01464,Daksh Doshi,Jenkins Pvt Ltd,daksh.doshi@jenkins.com,7955366219,CFO,FinTech,8000,USA,Cold Outbound,2024-11-10,2024-12-11,valid
L01368,Qadim Lalla,Collins Group,,(458)738-7272x5812,Engineering Manager,Logistics,8000,India,Trade Show,2025-05-09,2026-06-11,valid
L00898,Leslie Frey,Ellis Ltd,leslie.frey@ellis.com,03848075203,COO,Manufacturing,250,UAE,Website,2025-12-01,2026-09-04,valid
L01565,Gregory Fischer,Magar Inc.,gregory.fischer@magar.com,+44(0)116 4960562,Growth Lead,Healthcare,250,Singapore,Trade Show,2025-09-09,2026-06-01,valid
L01679,Nathan Holland,Kanda Corp,nathan.holland@kanda.com,+44306 999 0413,Growth Lead,E-commerce,500,India,Trade Show,2025-10-21,2026-09-14,valid
L00225,Eleanor Hooper,Wilkinson Inc.,eleanor.hooper@wilkinson.com,+918975267722,VP Operations,Real Estate,500,India,Referral,2025-01-14,2026-09-08,valid
L01713,Nihal Karan,Setty Solutions,nihal.karan@setty.com,(541)865-1854,Head of Sales,Media,50,India,Website,2026-05-06,2026-06-23,valid
L01993,Aashi Jayaraman,Mitchell Technologies,aashi.jayaraman@mitchell.com,965-956-2388,Head of Sales,Retail,10,Singapore,LinkedIn Ads,2025-02-06,2026-05-29,valid
L02037,Johnny Orr ,MORLEY LLC,JOHNNY.ORR@MORLEY.COM,+1-661-770-1595x919,CTO,E-commerce,500,Singapore,Cold Outbound,2025-02-02,2026-05-09,bounced
L00734,John Moore,Pai Group,john.moore@pai.com,8350344694,IT Director,Healthcare,8000,Australia,Webinar,2025-12-21,2026-08-18,valid
L01798,Niharika Borah,Guerra Solutions,niharika.borah@guerra.com,(028) 9018 0022,Head of Sales,Manufacturing,25,India,Website,2025-06-30,2026-08-27,valid
L00276,Tracey Baxter,Cooper Technologies,tracey.baxter@cooper.com,(692)412-4471x7465,VP Operations,Media,10,Australia,Cold Outbound,2025-12-14,2026-07-29,valid
L02132,D. Walker-Gibson,BAKER Solutions,DANIEL.WALKER-GIBSON@BAKER.COM,251.837.3990,IT Director,EdTech,500,India,Cold Outbound,2026-04-10,2026-03-11,valid
L00075,Shaun Phillips,Hayward Technologies,shaun.phillips@hayward.com,1373678508,Head of Sales,Real Estate,8000,USA,Trade Show,2026-06-19,2026-09-12,valid
L00317,Mark Nelson,Murthy Ltd,mark.nelson@murthy.com,+1-979-223-2648,CFO,Healthcare,3000,Germany,Cold Outbound,2025-07-09,2025-08-18,valid
L01826,Falak Sarraf,Anderson Pvt Ltd,falak.sarraf@anderson.com,01164960853,Head of Sales,Telecom,250,Australia,Referral,2025-04-14,2026-08-06,valid
L00807,Anirudh Jain,Anderson Ltd,anirudh.jain@anderson.com,+1-944-650-5665x88339,Engineering Manager,EdTech,1200,Germany,Cold Outbound,2024-11-19,2024-12-25,valid
L01670,Scott Allen-Middleton,Williams Ltd,scott.allen-middleton@williams.com,09984605867,COO,Retail,50,UK,Trade Show,2025-12-03,2026-09-24,valid
L01823,Veda Chauhan,Douglas Ltd,veda.chauhan@douglas.com,+911586686119,COO,EdTech,8000,Singapore,Cold Outbound,2024-12-14,2026-08-10,valid
L01232,Shannon Downs,Shetty Technologies,shannon.downs@shetty.com,+44(0)1632960642,Engineering Manager,EdTech,3000,Australia,Cold Outbound,2026-03-02,2026-06-11,valid
L02107,Mohammad Gordon ,Hurst Pvt Inc.,,0116 496 0248,Engineering Manager,Retail,3000,Singapore,LinkedIn Ads,2025-12-15,2026-05-12,valid
L01988,Diane Adams,Lloyd Group,diane.adams@lloyd.com,+4428 9018 0572,CFO,Telecom,1200,Australia,Cold Outbound,2024-12-07,2026-08-04,bounced
L01960,Oscar Sachdev,Duncan Pvt Ltd,oscar.sachdev@duncan.com,(636)978-5089x8977,Head of Sales,EdTech,120,USA,Webinar,2026-07-30,2026-07-30,valid
L01166,Matthew Doshi,Soni LLC,matthew.doshi@soni.com,321.376.7201,CTO,FinTech,8000,UK,Trade Show,2024-11-28,2026-07-31,valid
L01122,Lee Holmes,Jimenez Pvt Ltd,lee.holmes@jimenez.com,2182192596,COO,Healthcare,25,USA,Cold Outbound,2025-05-17,2026-07-20,valid
L00279,Deborah Graves,Williams LLC,deborah.graves@williams.com,0877661830,CTO,Healthcare,3000,UK,Cold Outbound,2025-05-26,2025-07-20,valid
L01064,Nicole Jacobs,Kar Corp,nicole.jacobs@kar.com,01164960556,Procurement Manager,EdTech,8000,India,Webinar,2025-12-15,2026-08-29,valid
L00986,Manthan Memon,Kaur LLC,manthan.memon@kaur.com,(442)636-4281x31909,COO,Logistics,50,Australia,Referral,2026-01-22,2026-01-22,valid
L01611,Christopher Mills,Chavez Ltd,christopher.mills@chavez.com,3153983912,Founder,Healthcare,8000,Australia,LinkedIn Ads,2025-12-13,2025-12-18,valid
L01969,Leela Din,Gibbs Technologies,leela.din@gibbs.com,028 9018052,Head of Sales,Telecom,120,Germany,Referral,2025-01-04,2025-02-19,valid
L01913,Avi Krishna,Chand Group,avi.krishna@chand.com,06896987036,CFO,Retail,25,UK,Cold Outbound,2025-08-23,2025-09-08,valid
L00355,Darika Bail,Torres Ltd,darika.bail@torres.com,+44(0)2074960003,CFO,Media,500,UK,Webinar,2026-06-30,2026-09-01,valid
L00442,Michelle Webb,Pillai Corp,michelle.webb@pillai.com,01632960193,Head of Sales,Media,120,UK,LinkedIn Ads,2026-08-29,2026-09-07,valid
L01337,Gavin Prashad,Dubey Pvt Ltd,gavin.prashad@dubey.com,+44117 496 0957,Engineering Manager,Healthcare,8000,Germany,LinkedIn Ads,2026-08-24,2026-08-24,valid
L00852,Om Naidu,Roberts LLC,om.naidu@roberts.com,439-848-8488,VP Operations,Real Estate,10,Australia,Cold Outbound,2025-07-31,2026-06-18,valid
L02010,J. Murray,Quinn Solutions,JOSHUA.MURRAY@QUINN.COM,337-672-9420x9548,Procurement Manager,EdTech,3000,USA,LinkedIn Ads,2026-02-24,2026-06-01,valid
L00752,Dr Stuart Cook,Green Ltd,dr.cook@green.com,+44(0)191 496 0418,COO,Logistics,10,India,Referral,2026-07-08,2026-07-08,valid
L00592,Beverley Owen,Kar Corp,beverley.owen@kar.com,+441214960516,Founder,EdTech,250,USA,Website,2026-05-23,2026-08-13,valid
L01417,Sabrina Ferguson,Lad Pvt Ltd,sabrina.ferguson@lad.com,+917124553129,VP Operations,Media,3000,UK,Website,2025-06-18,2025-07-06,valid
L01633,Declan Clements,Andersen Solutions,declan.clements@andersen.com,01174960171,Founder,E-commerce,3000,UK,Trade Show,2026-02-16,2026-02-16,valid
L00374,Benjamin North,Hawkins LLC,benjamin.north@hawkins.com,(0115) 496 0520,CTO,E-commerce,8000,India,Trade Show,2025-12-31,2025-12-31,valid
L01488,Richard Howard,Khurana LLC,richard.howard@khurana.com,(442)735-7004x12918,CFO,Retail,10,India,Website,2025-12-25,2026-07-11,valid
L00522,Balveer Dave,Keer Ltd,balveer.dave@keer.com,(0117) 4960218,IT Director,FinTech,50,Australia,Website,2026-02-06,2026-02-15,valid
L01581,Dr Gavin Smith,Vargas Solutions,dr.smith@vargas.com,02636815418,CTO,E-commerce,10,UAE,LinkedIn Ads,2026-02-19,2026-07-12,valid
L01087,Waida Rana,Williams Group,waida.rana@williams.com,00811260030,CTO,Retail,500,UK,LinkedIn Ads,2025-11-25,2025-12-15,valid
L00992,Dr Paige Burns,Moore Pvt Ltd,dr.burns@moore.com,273-503-6279x24632,Procurement Manager,Manufacturing,8000,Germany,Website,2026-06-25,2026-08-21,valid
L01837,Ladli Patla,Wright Solutions,ladli.patla@wright.com,001-279-732-2191x43907,VP Operations,EdTech,250,Singapore,Trade Show,2025-08-02,2026-07-26,valid
L00564,Matthew Powell,Parkinson Technologies,matthew.powell@parkinson.com,01914960209,Procurement Manager,Retail,500,India,Trade Show,2025-11-04,2026-06-02,valid
L01135,Oliver Garg,Mendez Technologies,oliver.garg@mendez.com,3358951381,Growth Lead,Manufacturing,500,USA,Webinar,2025-02-24,2026-07-12,valid
L00736,Urvashi Kadakia,Prashad Ltd,urvashi.kadakia@prashad.com,2337192227,Growth Lead,FinTech,250,Australia,Website,2025-06-14,2026-06-06,valid
L00360,Margaret Hart,Khurana LLC,margaret.hart@khurana.com,+1-472-806-3459x1123,VP Operations,EdTech,50,Singapore,Webinar,2025-02-19,2025-04-01,valid
L01502,Francesca Roberts-Wilkinson,Tara Corp,francesca.roberts-wilkinson@tara.com,04051102125,Founder,Telecom,500,Singapore,LinkedIn Ads,2025-10-11,2026-08-24,valid
L01226,Ronnie Ryan,Dugar Solutions,ronnie.ryan@dugar.com,+44116 4960175,VP Operations,Logistics,25,Australia,Referral,2026-07-13,2026-07-13,valid
L01616,Mr Victor Scott,Meza Inc.,mr.scott@meza.com,08201753079,Procurement Manager,Real Estate,25,USA,Webinar,2024-11-16,2024-12-10,valid
L01523,Alicia Phillips,Johnson Technologies,alicia.phillips@johnson.com,05467720517,Founder,Healthcare,25,UAE,LinkedIn Ads,2026-04-27,2026-09-08,valid
L01799,Brian Mendoza,Knight Technologies,brian.mendoza@knight.com,+4429 2018 0706,COO,Real Estate,500,UAE,Webinar,2026-03-07,2026-06-19,valid
L01388,John Dixon,Smith Solutions,john.dixon@smith.com,(0306)9990117,COO,EdTech,25,Germany,Referral,2026-02-14,2026-02-14,valid
L01412,Marvin Johnson,Kari Group,marvin.johnson@kari.com,+1-236-851-0344x4429,Head of Sales,E-commerce,500,USA,Trade Show,2024-11-04,2026-06-16,valid
L01791,Nicole Cooper,Clark Inc.,nicole.cooper@clark.com,206.632.5031x3928,Growth Lead,FinTech,3000,Germany,Cold Outbound,2025-08-04,2026-08-11,valid
L01171,Lauren Colon,Wagle Ltd,,771.724.3658,Engineering Manager,EdTech,25,Singapore,Cold Outbound,2026-02-01,2026-09-13,valid
L01951,Omya Sankaran,Bassi Solutions,omya.sankaran@bassi.com,+44(0)1214960051,Growth Lead,Telecom,250,UAE,Webinar,2026-04-01,2026-09-08,valid
L01471,Dr Frank Young,Morris Corp,dr.young@morris.com,0326551327,Engineering Manager,Telecom,120,Singapore,LinkedIn Ads,2025-06-11,2025-06-23,valid
L01808,Ruth Fletcher,Walker Pvt Ltd,ruth.fletcher@walker.com,5120627672,Growth Lead,E-commerce,3000,Australia,Trade Show,2025-04-26,2025-04-27,valid
L01994,Miss Kirsty Harrison,Herring Ltd,miss.harrison@herring.com,(028) 9018 0313,Growth Lead,FinTech,3000,USA,Cold Outbound,2025-07-26,2026-07-30,valid
L00145,Mason Lewis,Wall LLC,mason.lewis@wall.com,(959)913-6517,VP Operations,EdTech,3000,Singapore,Cold Outbound,2025-08-28,2026-07-30,valid
L02082,SATHVIK AGRAWAL,Butler Pvt Inc.,SATHVIK.AGRAWAL@BUTLER.COM,0763415359,Growth Lead,Retail,500,UK,Cold Outbound,2025-04-07,2026-05-21,valid
L01715,Vidhi Loyal,Roberts Technologies,vidhi.loyal@roberts.com,028 9018 0161,Founder,Healthcare,1200,UAE,LinkedIn Ads,2025-05-03,2025-06-16,valid
L00640,Patricia Garcia,Kim Pvt Ltd,patricia.garcia@kim.com,0131 4960775,Head of Sales,Real Estate,500,India,Website,2024-12-10,2026-06-24,valid
L01159,Christopher Rivera,Chaudhari Group,christopher.rivera@chaudhari.com,+442074960787,Engineering Manager,EdTech,25,USA,Trade Show,2024-12-31,2026-09-06,valid
L02070,ANDREW RIVERA,QUINN Pvt Ltd,ANDREW.RIVERA@QUINN.COM,+44808 157 0982,CFO,Healthcare,10,Germany,LinkedIn Ads,2025-12-27,2025-11-22,valid
L01203,Anthony Matthews,Armstrong Solutions,anthony.matthews@armstrong.com,(0113)4960254,Founder,Real Estate,8000,USA,Webinar,2024-10-10,2026-06-12,valid
L00479,Frank Smith,Hughes Technologies,frank.smith@hughes.com,+441214960063,COO,Telecom,8000,India,Webinar,2026-04-03,2026-04-03,valid
L01136,Dominic Connolly-Payne,Ryan Pvt Ltd,dominic.connolly-payne@ryan.com,(0161)4960846,IT Director,FinTech,250,UK,Trade Show,2025-01-24,2026-08-10,valid
L00763,Pavani Dora,Gibson Group,pavani.dora@gibson.com,06704622681,Growth Lead,Logistics,25,Australia,Referral,2024-10-09,2026-09-11,valid
L00838,Nandini Minhas,Henderson Ltd,nandini.minhas@henderson.com,6775240148,Head of Sales,FinTech,250,Germany,Website,2024-12-16,2026-09-03,valid
L01332,Varenya Konda,Rastogi Inc.,varenya.konda@rastogi.com,+1-518-604-6741x3075,CFO,E-commerce,8000,USA,Cold Outbound,2025-10-26,2026-08-29,valid
L01590,Michael Nichols,Lambert Technologies,michael.nichols@lambert.com,0118 496 0135,Engineering Manager,Healthcare,250,UK,Website,2026-08-06,2026-08-06,valid
L01540,Rachita Khurana,Wall Corp,rachita.khurana@wall.com,0113 4960839,Founder,Retail,50,UAE,LinkedIn Ads,2026-04-12,2026-09-06,valid
L01110,Tiffany Edwards,Edwin Technologies,tiffany.edwards@edwin.com,+44116 4960356,VP Operations,Healthcare,120,USA,Cold Outbound,2025-11-13,2025-12-01,valid
L01950,Cindy Mills,Dubey Pvt Ltd,cindy.mills@dubey.com,+44151 496 0156,Founder,Real Estate,25,Germany,Referral,2025-03-27,2025-05-11,valid
L02014,GIRIK RAJA,HUGHES LLC,,0141 496 0561,Growth Lead,E-commerce,8000,Singapore,Website,2025-07-23,2026-08-12,valid
L01723,Falak Doctor,Wilkinson Inc.,falak.doctor@wilkinson.com,(0121)4960461,Engineering Manager,Retail,500,Germany,Website,2024-10-18,2026-07-25,valid
L01498,Mark Bridges,Kala Technologies,mark.bridges@kala.com,+441632960525,VP Operations,Telecom,3000,Singapore,Cold Outbound,2026-03-28,2026-06-10,valid
L01973,Chandani Mittal,Swamy Group,chandani.mittal@swamy.com,5359944102,Founder,Telecom,8000,USA,Website,2026-03-16,2026-09-06,valid
L01907,Lopa Contractor,Sridhar Group,lopa.contractor@sridhar.com,+44(0)1164960767,Growth Lead,EdTech,250,Singapore,Webinar,2026-02-27,2026-02-27,valid
L00932,Mr Oliver Carter,Sachdev Technologies,mr.carter@sachdev.com,+44(0)1632960439,Growth Lead,Real Estate,25,Australia,Referral,2026-03-19,2026-09-21,valid
L00577,Hitesh Borah,Kale Ltd,hitesh.borah@kale.com,2025213109,COO,Real Estate,3000,Singapore,Cold Outbound,2025-03-08,2026-07-28,bounced
L00792,Carl Jones,Adams Inc.,carl.jones@adams.com,4222946430,Growth Lead,Retail,500,Australia,LinkedIn Ads,2025-05-15,2025-06-02,valid
L02128,Adriana Khan ,Mane Pvt Ltd,,8302205020,CFO,Manufacturing,50,Germany,Referral,2025-08-18,2025-08-31,valid
L01144,Fitan Sangha,Jenkins Solutions,fitan.sangha@jenkins.com,+912000245393,Founder,Real Estate,250,UK,Cold Outbound,2026-08-30,2026-08-30,valid
L00626,Robin Cabrera,Garner Solutions,robin.cabrera@garner.com,0113 4960040,Founder,Retail,120,India,LinkedIn Ads,2026-01-16,2026-01-16,valid
L00887,Bethan Hughes,Purohit Ltd,bethan.hughes@purohit.com,07727853242,CTO,Real Estate,1200,UAE,Website,2025-08-24,2026-07-04,valid
L00020,Sarah Davis,Hunt Inc.,sarah.davis@hunt.com,5186363745,CTO,Media,25,Australia,Cold Outbound,2026-05-04,2026-05-04,valid
L00757,Laura Taylor,Lloyd Group,laura.taylor@lloyd.com,0131 4960014,CTO,Real Estate,3000,India,Webinar,2026-03-22,2026-07-26,valid
L01870,Chandani Vasa,Bora Solutions,chandani.vasa@bora.com,+912077587089,Growth Lead,Healthcare,8000,Australia,LinkedIn Ads,2026-08-07,2026-08-08,valid
L00119,Michele Holland,Barnes LLC,michele.holland@barnes.com,+44191 4960933,CTO,Retail,500,UK,Website,2026-06-14,2026-08-09,valid
